2025-11-07 17:32:05,852 p=12537 u=victor n=ansible | PLAY [Configuración base en todos los nodos Jasmin] ********************************************************************************************************
2025-11-07 17:32:05,869 p=12537 u=victor n=ansible | TASK [Gathering Facts] *************************************************************************************************************************************
2025-11-07 17:32:05,870 p=12537 u=victor n=ansible | Friday 07 November 2025  17:32:05 -0300 (0:00:00.018)       0:00:00.019 ******* 
2025-11-07 17:32:09,519 p=12537 u=victor n=ansible | ok: [JasminBrockerDB]
2025-11-07 17:32:09,808 p=12537 u=victor n=ansible | ok: [JasminNodoA]
2025-11-07 17:32:10,002 p=12537 u=victor n=ansible | ok: [JasminNodoB]
2025-11-07 17:32:10,037 p=12537 u=victor n=ansible | TASK [../roles/common : Actualizar paquetes del sistema] ***************************************************************************************************
2025-11-07 17:32:10,037 p=12537 u=victor n=ansible | Friday 07 November 2025  17:32:10 -0300 (0:00:04.167)       0:00:04.187 ******* 
2025-11-07 17:32:17,804 p=12537 u=victor n=ansible | ok: [JasminNodoA]
2025-11-07 17:32:18,031 p=12537 u=victor n=ansible | ok: [JasminNodoB]
2025-11-07 17:32:54,536 p=12537 u=victor n=ansible | fatal: [JasminBrockerDB]: FAILED! => changed=false 
  msg: 'Failed to update apt cache: W:Updating from such a repository can''t be done securely, and is therefore disabled by default., W:See apt-secure(8) manpage for repository creation and user configuration details., W:GPG error: https://dl.cloudsmith.io/public/rabbitmq/rabbitmq-server/deb/ubuntu jammy InRelease: Las firmas siguientes no se pudieron verificar porque su clave pública no está disponible: NO_PUBKEY 9F4587F226208342, E:The repository ''https://dl.cloudsmith.io/public/rabbitmq/rabbitmq-server/deb/ubuntu jammy InRelease'' is not signed.'
2025-11-07 17:32:54,550 p=12537 u=victor n=ansible | TASK [../roles/common : Instalar utilidades básicas] *******************************************************************************************************
2025-11-07 17:32:54,550 p=12537 u=victor n=ansible | Friday 07 November 2025  17:32:54 -0300 (0:00:44.512)       0:00:48.700 ******* 
2025-11-07 17:33:08,077 p=12537 u=victor n=ansible | changed: [JasminNodoA]
2025-11-07 17:33:08,622 p=12537 u=victor n=ansible | changed: [JasminNodoB]
2025-11-07 17:33:08,635 p=12537 u=victor n=ansible | TASK [../roles/common : Configurar zona horaria] ***********************************************************************************************************
2025-11-07 17:33:08,636 p=12537 u=victor n=ansible | Friday 07 November 2025  17:33:08 -0300 (0:00:14.085)       0:01:02.785 ******* 
2025-11-07 17:33:09,578 p=12537 u=victor n=ansible | ok: [JasminNodoA]
2025-11-07 17:33:09,738 p=12537 u=victor n=ansible | ok: [JasminNodoB]
2025-11-07 17:33:09,761 p=12537 u=victor n=ansible | TASK [../roles/common : Habilitar y arrancar servicio NTP (chrony)] ****************************************************************************************
2025-11-07 17:33:09,761 p=12537 u=victor n=ansible | Friday 07 November 2025  17:33:09 -0300 (0:00:01.125)       0:01:03.910 ******* 
2025-11-07 17:33:09,786 p=12537 u=victor n=ansible | skipping: [JasminNodoA]
2025-11-07 17:33:09,796 p=12537 u=victor n=ansible | skipping: [JasminNodoB]
2025-11-07 17:33:09,800 p=12537 u=victor n=ansible | TASK [../roles/common : Habilitar y arrancar servicio NTP (Debian/Ubuntu)] *********************************************************************************
2025-11-07 17:33:09,801 p=12537 u=victor n=ansible | Friday 07 November 2025  17:33:09 -0300 (0:00:00.039)       0:01:03.950 ******* 
2025-11-07 17:33:10,957 p=12537 u=victor n=ansible | ok: [JasminNodoA]
2025-11-07 17:33:11,087 p=12537 u=victor n=ansible | ok: [JasminNodoB]
2025-11-07 17:33:11,098 p=12537 u=victor n=ansible | TASK [../roles/common : Asegurar Fail2Ban habilitado] ******************************************************************************************************
2025-11-07 17:33:11,098 p=12537 u=victor n=ansible | Friday 07 November 2025  17:33:11 -0300 (0:00:01.297)       0:01:05.248 ******* 
2025-11-07 17:33:13,067 p=12537 u=victor n=ansible | changed: [JasminNodoA]
2025-11-07 17:33:13,213 p=12537 u=victor n=ansible | changed: [JasminNodoB]
2025-11-07 17:33:13,256 p=12537 u=victor n=ansible | PLAY RECAP *************************************************************************************************************************************************
2025-11-07 17:33:13,257 p=12537 u=victor n=ansible | JasminBrockerDB            : ok=1    changed=0    unreachable=0    failed=1    skipped=0    rescued=0    ignored=0   
2025-11-07 17:33:13,257 p=12537 u=victor n=ansible | JasminNodoA                : ok=6    changed=2    unreachable=0    failed=0    skipped=1    rescued=0    ignored=0   
2025-11-07 17:33:13,257 p=12537 u=victor n=ansible | JasminNodoB                : ok=6    changed=2    unreachable=0    failed=0    skipped=1    rescued=0    ignored=0   
2025-11-07 17:33:13,257 p=12537 u=victor n=ansible | Playbook run took 0 days, 0 hours, 1 minutes, 7 seconds
2025-11-07 17:33:13,257 p=12537 u=victor n=ansible | Friday 07 November 2025  17:33:13 -0300 (0:00:02.159)       0:01:07.407 ******* 
2025-11-07 17:33:13,257 p=12537 u=victor n=ansible | =============================================================================== 
2025-11-07 17:33:13,258 p=12537 u=victor n=ansible | ../roles/common : Actualizar paquetes del sistema -------------------------------------------------------------------------------------------------- 44.51s
2025-11-07 17:33:13,258 p=12537 u=victor n=ansible | ../roles/common : Instalar utilidades básicas ------------------------------------------------------------------------------------------------------ 14.09s
2025-11-07 17:33:13,258 p=12537 u=victor n=ansible | Gathering Facts ------------------------------------------------------------------------------------------------------------------------------------- 4.17s
2025-11-07 17:33:13,258 p=12537 u=victor n=ansible | ../roles/common : Asegurar Fail2Ban habilitado ------------------------------------------------------------------------------------------------------ 2.16s
2025-11-07 17:33:13,258 p=12537 u=victor n=ansible | ../roles/common : Habilitar y arrancar servicio NTP (Debian/Ubuntu) --------------------------------------------------------------------------------- 1.30s
2025-11-07 17:33:13,258 p=12537 u=victor n=ansible | ../roles/common : Configurar zona horaria ----------------------------------------------------------------------------------------------------------- 1.13s
2025-11-07 17:33:13,259 p=12537 u=victor n=ansible | ../roles/common : Habilitar y arrancar servicio NTP (chrony) ---------------------------------------------------------------------------------------- 0.04s
2025-11-07 17:35:22,984 p=12738 u=victor n=ansible | PLAY [Configuración base en todos los nodos Jasmin] *************************************************************************************************************************************************************
2025-11-07 17:35:22,995 p=12738 u=victor n=ansible | TASK [Gathering Facts] ******************************************************************************************************************************************************************************************
2025-11-07 17:35:22,996 p=12738 u=victor n=ansible | Friday 07 November 2025  17:35:22 -0300 (0:00:00.013)       0:00:00.013 ******* 
2025-11-07 17:35:26,042 p=12738 u=victor n=ansible | ok: [JasminNodoB]
2025-11-07 17:35:26,055 p=12738 u=victor n=ansible | ok: [JasminBrockerDB]
2025-11-07 17:35:26,261 p=12738 u=victor n=ansible | ok: [JasminNodoA]
2025-11-07 17:35:26,304 p=12738 u=victor n=ansible | TASK [../roles/common : Actualizar paquetes del sistema] ********************************************************************************************************************************************************
2025-11-07 17:35:26,305 p=12738 u=victor n=ansible | Friday 07 November 2025  17:35:26 -0300 (0:00:03.309)       0:00:03.322 ******* 
2025-11-07 17:35:29,909 p=12738 u=victor n=ansible | ok: [JasminNodoB]
2025-11-07 17:35:29,965 p=12738 u=victor n=ansible | ok: [JasminBrockerDB]
2025-11-07 17:35:33,037 p=12738 u=victor n=ansible | ok: [JasminNodoA]
2025-11-07 17:35:33,048 p=12738 u=victor n=ansible | TASK [../roles/common : Instalar utilidades básicas] ************************************************************************************************************************************************************
2025-11-07 17:35:33,048 p=12738 u=victor n=ansible | Friday 07 November 2025  17:35:33 -0300 (0:00:06.743)       0:00:10.065 ******* 
2025-11-07 17:35:34,675 p=12738 u=victor n=ansible | ok: [JasminNodoA]
2025-11-07 17:35:34,839 p=12738 u=victor n=ansible | ok: [JasminNodoB]
2025-11-07 17:35:45,119 p=12738 u=victor n=ansible | changed: [JasminBrockerDB]
2025-11-07 17:35:45,129 p=12738 u=victor n=ansible | TASK [../roles/common : Configurar zona horaria] ****************************************************************************************************************************************************************
2025-11-07 17:35:45,130 p=12738 u=victor n=ansible | Friday 07 November 2025  17:35:45 -0300 (0:00:12.081)       0:00:22.147 ******* 
2025-11-07 17:35:45,971 p=12738 u=victor n=ansible | ok: [JasminBrockerDB]
2025-11-07 17:35:46,024 p=12738 u=victor n=ansible | ok: [JasminNodoA]
2025-11-07 17:35:46,029 p=12738 u=victor n=ansible | ok: [JasminNodoB]
2025-11-07 17:35:46,038 p=12738 u=victor n=ansible | TASK [../roles/common : Habilitar y arrancar servicio NTP (chrony)] *********************************************************************************************************************************************
2025-11-07 17:35:46,038 p=12738 u=victor n=ansible | Friday 07 November 2025  17:35:46 -0300 (0:00:00.908)       0:00:23.056 ******* 
2025-11-07 17:35:46,069 p=12738 u=victor n=ansible | skipping: [JasminNodoA]
2025-11-07 17:35:46,071 p=12738 u=victor n=ansible | skipping: [JasminNodoB]
2025-11-07 17:35:46,081 p=12738 u=victor n=ansible | skipping: [JasminBrockerDB]
2025-11-07 17:35:46,086 p=12738 u=victor n=ansible | TASK [../roles/common : Habilitar y arrancar servicio NTP (Debian/Ubuntu)] **************************************************************************************************************************************
2025-11-07 17:35:46,087 p=12738 u=victor n=ansible | Friday 07 November 2025  17:35:46 -0300 (0:00:00.048)       0:00:23.104 ******* 
2025-11-07 17:35:47,289 p=12738 u=victor n=ansible | ok: [JasminBrockerDB]
2025-11-07 17:35:47,294 p=12738 u=victor n=ansible | ok: [JasminNodoA]
2025-11-07 17:35:47,295 p=12738 u=victor n=ansible | ok: [JasminNodoB]
2025-11-07 17:35:47,301 p=12738 u=victor n=ansible | TASK [../roles/common : Asegurar Fail2Ban habilitado] ***********************************************************************************************************************************************************
2025-11-07 17:35:47,301 p=12738 u=victor n=ansible | Friday 07 November 2025  17:35:47 -0300 (0:00:01.214)       0:00:24.318 ******* 
2025-11-07 17:35:48,143 p=12738 u=victor n=ansible | ok: [JasminNodoA]
2025-11-07 17:35:48,265 p=12738 u=victor n=ansible | ok: [JasminNodoB]
2025-11-07 17:35:47,626 p=12738 u=victor n=ansible | changed: [JasminBrockerDB]
2025-11-07 17:35:47,700 p=12738 u=victor n=ansible | PLAY RECAP ******************************************************************************************************************************************************************************************************
2025-11-07 17:35:47,700 p=12738 u=victor n=ansible | JasminBrockerDB            : ok=6    changed=2    unreachable=0    failed=0    skipped=1    rescued=0    ignored=0   
2025-11-07 17:35:47,700 p=12738 u=victor n=ansible | JasminNodoA                : ok=6    changed=0    unreachable=0    failed=0    skipped=1    rescued=0    ignored=0   
2025-11-07 17:35:47,701 p=12738 u=victor n=ansible | JasminNodoB                : ok=6    changed=0    unreachable=0    failed=0    skipped=1    rescued=0    ignored=0   
2025-11-07 17:35:47,701 p=12738 u=victor n=ansible | Playbook run took 0 days, 0 hours, 0 minutes, 24 seconds
2025-11-07 17:35:47,701 p=12738 u=victor n=ansible | Friday 07 November 2025  17:35:47 -0300 (0:00:00.400)       0:00:24.719 ******* 
2025-11-07 17:35:47,701 p=12738 u=victor n=ansible | =============================================================================== 
2025-11-07 17:35:47,701 p=12738 u=victor n=ansible | ../roles/common : Instalar utilidades básicas ----------------------------------------------------------------------------------------------------------------------------------------------------------- 12.08s
2025-11-07 17:35:47,701 p=12738 u=victor n=ansible | ../roles/common : Actualizar paquetes del sistema -------------------------------------------------------------------------------------------------------------------------------------------------------- 6.74s
2025-11-07 17:35:47,701 p=12738 u=victor n=ansible | Gathering Facts ------------------------------------------------------------------------------------------------------------------------------------------------------------------------------------------ 3.31s
2025-11-07 17:35:47,702 p=12738 u=victor n=ansible | ../roles/common : Habilitar y arrancar servicio NTP (Debian/Ubuntu) -------------------------------------------------------------------------------------------------------------------------------------- 1.21s
2025-11-07 17:35:47,702 p=12738 u=victor n=ansible | ../roles/common : Configurar zona horaria ---------------------------------------------------------------------------------------------------------------------------------------------------------------- 0.91s
2025-11-07 17:35:47,702 p=12738 u=victor n=ansible | ../roles/common : Asegurar Fail2Ban habilitado ----------------------------------------------------------------------------------------------------------------------------------------------------------- 0.40s
2025-11-07 17:35:47,702 p=12738 u=victor n=ansible | ../roles/common : Habilitar y arrancar servicio NTP (chrony) --------------------------------------------------------------------------------------------------------------------------------------------- 0.05s
2025-11-07 18:19:32,807 p=14464 u=victor n=ansible | [WARNING]: Could not match supplied host pattern, ignoring: jasmin_broker

2025-11-07 18:19:32,808 p=14464 u=victor n=ansible | PLAY [Setup MySQL Database for Jasmin] **************************************************************************************************************************************************************************
2025-11-07 18:19:32,808 p=14464 u=victor n=ansible | skipping: no hosts matched
2025-11-07 18:19:32,808 p=14464 u=victor n=ansible | PLAY RECAP ******************************************************************************************************************************************************************************************************
2025-11-07 18:19:32,808 p=14464 u=victor n=ansible | Playbook run took 0 days, 0 hours, 0 minutes, 0 seconds
2025-11-07 18:19:32,808 p=14464 u=victor n=ansible | Friday 07 November 2025  18:19:32 -0300 (0:00:00.002)       0:00:00.002 ******* 
2025-11-07 18:19:32,809 p=14464 u=victor n=ansible | =============================================================================== 
2025-11-07 18:21:36,565 p=14509 u=victor n=ansible | {
    "_meta": {
        "hostvars": {
            "JasminBrockerDB": {
                "ansible_host": "12.4.8.182",
                "ansible_ssh_private_key_file": "~/.ssh/id_rsa",
                "ansible_user": "develop"
            },
            "JasminNodoA": {
                "ansible_host": "12.4.8.180",
                "ansible_ssh_private_key_file": "~/.ssh/id_rsa",
                "ansible_user": "develop"
            },
            "JasminNodoB": {
                "ansible_host": "12.4.8.181",
                "ansible_ssh_private_key_file": "~/.ssh/id_rsa",
                "ansible_user": "develop"
            }
        }
    },
    "all": {
        "children": [
            "ungrouped",
            "jasmin_nodes",
            "jasmin_broker",
            "jasmin_primary",
            "jasmin_secondary"
        ]
    },
    "jasmin_broker": {
        "hosts": [
            "JasminBrockerDB"
        ]
    },
    "jasmin_nodes": {
        "hosts": [
            "JasminNodoA",
            "JasminNodoB"
        ]
    },
    "jasmin_primary": {
        "hosts": [
            "JasminNodoA"
        ]
    },
    "jasmin_secondary": {
        "hosts": [
            "JasminNodoB"
        ]
    }
}
2025-11-07 18:21:52,766 p=14516 u=victor n=ansible | PLAY [Setup MySQL Database for Jasmin] **************************************************************************************************************************************************************************
2025-11-07 18:21:52,775 p=14516 u=victor n=ansible | TASK [Gathering Facts] ******************************************************************************************************************************************************************************************
2025-11-07 18:21:52,775 p=14516 u=victor n=ansible | Friday 07 November 2025  18:21:52 -0300 (0:00:00.010)       0:00:00.010 ******* 
2025-11-07 18:21:56,054 p=14516 u=victor n=ansible | ok: [JasminBrockerDB]
2025-11-07 18:21:56,065 p=14516 u=victor n=ansible | TASK [mysql : Install MySQL server and client] ******************************************************************************************************************************************************************
2025-11-07 18:21:56,065 p=14516 u=victor n=ansible | Friday 07 November 2025  18:21:56 -0300 (0:00:03.289)       0:00:03.300 ******* 
2025-11-07 18:22:26,060 p=14516 u=victor n=ansible | changed: [JasminBrockerDB]
2025-11-07 18:22:26,065 p=14516 u=victor n=ansible | TASK [mysql : Ensure MySQL service is started and enabled] ******************************************************************************************************************************************************
2025-11-07 18:22:26,065 p=14516 u=victor n=ansible | Friday 07 November 2025  18:22:26 -0300 (0:00:30.000)       0:00:33.300 ******* 
2025-11-07 18:22:27,048 p=14516 u=victor n=ansible | ok: [JasminBrockerDB]
2025-11-07 18:22:27,053 p=14516 u=victor n=ansible | TASK [mysql : Set MySQL root password] **************************************************************************************************************************************************************************
2025-11-07 18:22:27,053 p=14516 u=victor n=ansible | Friday 07 November 2025  18:22:27 -0300 (0:00:00.988)       0:00:34.288 ******* 
2025-11-07 18:22:27,881 p=14516 u=victor n=ansible | [WARNING]: Option column_case_sensitive is not provided. The default is now false, so the column's name will be uppercased. The default will be changed to true in community.mysql 4.0.0.

2025-11-07 18:22:27,881 p=14516 u=victor n=ansible | changed: [JasminBrockerDB]
2025-11-07 18:22:27,886 p=14516 u=victor n=ansible | TASK [mysql : Create .my.cnf file for root user] ****************************************************************************************************************************************************************
2025-11-07 18:22:27,886 p=14516 u=victor n=ansible | Friday 07 November 2025  18:22:27 -0300 (0:00:00.832)       0:00:35.121 ******* 
2025-11-07 18:22:29,271 p=14516 u=victor n=ansible | changed: [JasminBrockerDB]
2025-11-07 18:22:29,276 p=14516 u=victor n=ansible | TASK [mysql : Remove anonymous MySQL users] *********************************************************************************************************************************************************************
2025-11-07 18:22:29,276 p=14516 u=victor n=ansible | Friday 07 November 2025  18:22:29 -0300 (0:00:01.389)       0:00:36.511 ******* 
2025-11-07 18:22:29,854 p=14516 u=victor n=ansible | ok: [JasminBrockerDB]
2025-11-07 18:22:29,859 p=14516 u=victor n=ansible | TASK [mysql : Remove MySQL test database] ***********************************************************************************************************************************************************************
2025-11-07 18:22:29,860 p=14516 u=victor n=ansible | Friday 07 November 2025  18:22:29 -0300 (0:00:00.583)       0:00:37.094 ******* 
2025-11-07 18:22:30,485 p=14516 u=victor n=ansible | ok: [JasminBrockerDB]
2025-11-07 18:22:30,490 p=14516 u=victor n=ansible | TASK [mysql : Configure MySQL to listen on all interfaces] ******************************************************************************************************************************************************
2025-11-07 18:22:30,490 p=14516 u=victor n=ansible | Friday 07 November 2025  18:22:30 -0300 (0:00:00.630)       0:00:37.725 ******* 
2025-11-07 18:22:31,276 p=14516 u=victor n=ansible | changed: [JasminBrockerDB]
2025-11-07 18:22:31,281 p=14516 u=victor n=ansible | TASK [mysql : Configure MySQL max connections] ******************************************************************************************************************************************************************
2025-11-07 18:22:31,281 p=14516 u=victor n=ansible | Friday 07 November 2025  18:22:31 -0300 (0:00:00.790)       0:00:38.516 ******* 
2025-11-07 18:22:31,883 p=14516 u=victor n=ansible | changed: [JasminBrockerDB]
2025-11-07 18:22:31,888 p=14516 u=victor n=ansible | TASK [mysql : Configure InnoDB buffer pool size] ****************************************************************************************************************************************************************
2025-11-07 18:22:31,888 p=14516 u=victor n=ansible | Friday 07 November 2025  18:22:31 -0300 (0:00:00.606)       0:00:39.122 ******* 
2025-11-07 18:22:32,381 p=14516 u=victor n=ansible | changed: [JasminBrockerDB]
2025-11-07 18:22:32,385 p=14516 u=victor n=ansible | TASK [mysql : Create Jasmin database] ***************************************************************************************************************************************************************************
2025-11-07 18:22:32,385 p=14516 u=victor n=ansible | Friday 07 November 2025  18:22:32 -0300 (0:00:00.497)       0:00:39.620 ******* 
2025-11-07 18:22:32,957 p=14516 u=victor n=ansible | changed: [JasminBrockerDB]
2025-11-07 18:22:32,962 p=14516 u=victor n=ansible | TASK [mysql : Create Jasmin MySQL user with access from allowed hosts] ******************************************************************************************************************************************
2025-11-07 18:22:32,962 p=14516 u=victor n=ansible | Friday 07 November 2025  18:22:32 -0300 (0:00:00.576)       0:00:40.196 ******* 
2025-11-07 18:22:33,662 p=14516 u=victor n=ansible | changed: [JasminBrockerDB] => (item=12.4.8.180)
2025-11-07 18:22:34,236 p=14516 u=victor n=ansible | changed: [JasminBrockerDB] => (item=12.4.8.181)
2025-11-07 18:22:34,810 p=14516 u=victor n=ansible | changed: [JasminBrockerDB] => (item=localhost)
2025-11-07 18:22:34,817 p=14516 u=victor n=ansible | TASK [mysql : Flush privileges] *********************************************************************************************************************************************************************************
2025-11-07 18:22:34,817 p=14516 u=victor n=ansible | Friday 07 November 2025  18:22:34 -0300 (0:00:01.855)       0:00:42.052 ******* 
2025-11-07 18:22:35,401 p=14516 u=victor n=ansible | ok: [JasminBrockerDB]
2025-11-07 18:22:35,405 p=14516 u=victor n=ansible | TASK [mysql : Allow MySQL through firewall] *********************************************************************************************************************************************************************
2025-11-07 18:22:35,406 p=14516 u=victor n=ansible | Friday 07 November 2025  18:22:35 -0300 (0:00:00.588)       0:00:42.640 ******* 
2025-11-07 18:22:38,643 p=14516 u=victor n=ansible | changed: [JasminBrockerDB]
2025-11-07 18:22:38,657 p=14516 u=victor n=ansible | RUNNING HANDLER [mysql : restart mysql] *************************************************************************************************************************************************************************
2025-11-07 18:22:38,657 p=14516 u=victor n=ansible | Friday 07 November 2025  18:22:38 -0300 (0:00:03.251)       0:00:45.892 ******* 
2025-11-07 18:22:40,204 p=14516 u=victor n=ansible | changed: [JasminBrockerDB]
2025-11-07 18:22:40,208 p=14516 u=victor n=ansible | TASK [Display MySQL connection info] ****************************************************************************************************************************************************************************
2025-11-07 18:22:40,208 p=14516 u=victor n=ansible | Friday 07 November 2025  18:22:40 -0300 (0:00:01.550)       0:00:47.443 ******* 
2025-11-07 18:22:40,256 p=14516 u=victor n=ansible | ok: [JasminBrockerDB] => 
  msg:
  - ===================================================
  - MySQL instalado exitosamente en JasminBrockerDB
  - 'Base de datos: jasmin'
  - 'Usuario: jasmin_user'
  - 'Hosts permitidos: 12.4.8.180, 12.4.8.181, localhost'
  - ===================================================
  - 'Puedes conectarte desde los nodos con:'
  - mysql -h 12.4.8.182 -u jasmin_user -pJasminPass2024! jasmin
  - ===================================================
2025-11-07 18:22:40,264 p=14516 u=victor n=ansible | PLAY RECAP ******************************************************************************************************************************************************************************************************
2025-11-07 18:22:40,264 p=14516 u=victor n=ansible | JasminBrockerDB            : ok=16   changed=10   unreachable=0    failed=0    skipped=0    rescued=0    ignored=0   
2025-11-07 18:22:40,264 p=14516 u=victor n=ansible | Playbook run took 0 days, 0 hours, 0 minutes, 47 seconds
2025-11-07 18:22:40,264 p=14516 u=victor n=ansible | Friday 07 November 2025  18:22:40 -0300 (0:00:00.055)       0:00:47.499 ******* 
2025-11-07 18:22:40,264 p=14516 u=victor n=ansible | =============================================================================== 
2025-11-07 18:22:40,264 p=14516 u=victor n=ansible | mysql : Install MySQL server and client ----------------------------------------------------------------------------------------------------------------------------------------------------------------- 30.00s
2025-11-07 18:22:40,264 p=14516 u=victor n=ansible | Gathering Facts ------------------------------------------------------------------------------------------------------------------------------------------------------------------------------------------ 3.29s
2025-11-07 18:22:40,264 p=14516 u=victor n=ansible | mysql : Allow MySQL through firewall --------------------------------------------------------------------------------------------------------------------------------------------------------------------- 3.25s
2025-11-07 18:22:40,264 p=14516 u=victor n=ansible | mysql : Create Jasmin MySQL user with access from allowed hosts ------------------------------------------------------------------------------------------------------------------------------------------ 1.86s
2025-11-07 18:22:40,264 p=14516 u=victor n=ansible | mysql : restart mysql ------------------------------------------------------------------------------------------------------------------------------------------------------------------------------------ 1.55s
2025-11-07 18:22:40,265 p=14516 u=victor n=ansible | mysql : Create .my.cnf file for root user ---------------------------------------------------------------------------------------------------------------------------------------------------------------- 1.39s
2025-11-07 18:22:40,265 p=14516 u=victor n=ansible | mysql : Ensure MySQL service is started and enabled ------------------------------------------------------------------------------------------------------------------------------------------------------ 0.99s
2025-11-07 18:22:40,265 p=14516 u=victor n=ansible | mysql : Set MySQL root password -------------------------------------------------------------------------------------------------------------------------------------------------------------------------- 0.83s
2025-11-07 18:22:40,265 p=14516 u=victor n=ansible | mysql : Configure MySQL to listen on all interfaces ------------------------------------------------------------------------------------------------------------------------------------------------------ 0.79s
2025-11-07 18:22:40,265 p=14516 u=victor n=ansible | mysql : Remove MySQL test database ----------------------------------------------------------------------------------------------------------------------------------------------------------------------- 0.63s
2025-11-07 18:22:40,265 p=14516 u=victor n=ansible | mysql : Configure MySQL max connections ------------------------------------------------------------------------------------------------------------------------------------------------------------------ 0.61s
2025-11-07 18:22:40,265 p=14516 u=victor n=ansible | mysql : Flush privileges --------------------------------------------------------------------------------------------------------------------------------------------------------------------------------- 0.59s
2025-11-07 18:22:40,265 p=14516 u=victor n=ansible | mysql : Remove anonymous MySQL users --------------------------------------------------------------------------------------------------------------------------------------------------------------------- 0.58s
2025-11-07 18:22:40,265 p=14516 u=victor n=ansible | mysql : Create Jasmin database --------------------------------------------------------------------------------------------------------------------------------------------------------------------------- 0.58s
2025-11-07 18:22:40,265 p=14516 u=victor n=ansible | mysql : Configure InnoDB buffer pool size ---------------------------------------------------------------------------------------------------------------------------------------------------------------- 0.50s
2025-11-07 18:22:40,265 p=14516 u=victor n=ansible | Display MySQL connection info ---------------------------------------------------------------------------------------------------------------------------------------------------------------------------- 0.06s
2025-11-07 18:31:08,558 p=14882 u=victor n=ansible | PLAY [Setup Redis for Jasmin SMS Gateway] ***********************************************************************************************************************************************************************
2025-11-07 18:31:08,566 p=14882 u=victor n=ansible | TASK [Gathering Facts] ******************************************************************************************************************************************************************************************
2025-11-07 18:31:08,566 p=14882 u=victor n=ansible | Friday 07 November 2025  18:31:08 -0300 (0:00:00.009)       0:00:00.009 ******* 
2025-11-07 18:31:11,374 p=14882 u=victor n=ansible | ok: [JasminBrockerDB]
2025-11-07 18:31:11,385 p=14882 u=victor n=ansible | TASK [redis : Install Redis server] *****************************************************************************************************************************************************************************
2025-11-07 18:31:11,385 p=14882 u=victor n=ansible | Friday 07 November 2025  18:31:11 -0300 (0:00:02.819)       0:00:02.828 ******* 
2025-11-07 18:31:18,382 p=14882 u=victor n=ansible | changed: [JasminBrockerDB]
2025-11-07 18:31:18,386 p=14882 u=victor n=ansible | TASK [redis : Ensure Redis service is stopped before configuration] *********************************************************************************************************************************************
2025-11-07 18:31:18,386 p=14882 u=victor n=ansible | Friday 07 November 2025  18:31:18 -0300 (0:00:07.000)       0:00:09.829 ******* 
2025-11-07 18:31:19,327 p=14882 u=victor n=ansible | changed: [JasminBrockerDB]
2025-11-07 18:31:19,333 p=14882 u=victor n=ansible | TASK [redis : Backup original Redis configuration] **************************************************************************************************************************************************************
2025-11-07 18:31:19,333 p=14882 u=victor n=ansible | Friday 07 November 2025  18:31:19 -0300 (0:00:00.947)       0:00:10.776 ******* 
2025-11-07 18:31:19,906 p=14882 u=victor n=ansible | changed: [JasminBrockerDB]
2025-11-07 18:31:19,911 p=14882 u=victor n=ansible | TASK [redis : Deploy Redis configuration] ***********************************************************************************************************************************************************************
2025-11-07 18:31:19,912 p=14882 u=victor n=ansible | Friday 07 November 2025  18:31:19 -0300 (0:00:00.578)       0:00:11.355 ******* 
2025-11-07 18:31:21,087 p=14882 u=victor n=ansible | changed: [JasminBrockerDB]
2025-11-07 18:31:21,092 p=14882 u=victor n=ansible | TASK [redis : Ensure Redis directories exist with correct permissions] ******************************************************************************************************************************************
2025-11-07 18:31:21,092 p=14882 u=victor n=ansible | Friday 07 November 2025  18:31:21 -0300 (0:00:01.180)       0:00:12.535 ******* 
2025-11-07 18:31:19,907 p=14882 u=victor n=ansible | changed: [JasminBrockerDB] => (item=/var/lib/redis)
2025-11-07 18:31:20,409 p=14882 u=victor n=ansible | changed: [JasminBrockerDB] => (item=/var/log/redis)
2025-11-07 18:31:20,905 p=14882 u=victor n=ansible | changed: [JasminBrockerDB] => (item=/var/run/redis)
2025-11-07 18:31:20,911 p=14882 u=victor n=ansible | TASK [redis : Ensure Redis service is started and enabled] ******************************************************************************************************************************************************
2025-11-07 18:31:20,912 p=14882 u=victor n=ansible | Friday 07 November 2025  18:31:20 -0300 (-1:59:59.819)       0:00:12.355 ****** 
2025-11-07 18:31:22,124 p=14882 u=victor n=ansible | changed: [JasminBrockerDB]
2025-11-07 18:31:22,128 p=14882 u=victor n=ansible | TASK [redis : Wait for Redis to be ready] ***********************************************************************************************************************************************************************
2025-11-07 18:31:22,129 p=14882 u=victor n=ansible | Friday 07 November 2025  18:31:22 -0300 (0:00:01.216)       0:00:13.572 ******* 
2025-11-07 18:31:24,877 p=14882 u=victor n=ansible | ok: [JasminBrockerDB]
2025-11-07 18:31:24,882 p=14882 u=victor n=ansible | TASK [redis : Test Redis connection with password] **************************************************************************************************************************************************************
2025-11-07 18:31:24,882 p=14882 u=victor n=ansible | Friday 07 November 2025  18:31:24 -0300 (0:00:02.753)       0:00:16.325 ******* 
2025-11-07 18:31:25,473 p=14882 u=victor n=ansible | ok: [JasminBrockerDB]
2025-11-07 18:31:25,477 p=14882 u=victor n=ansible | TASK [redis : Allow Redis through firewall] *********************************************************************************************************************************************************************
2025-11-07 18:31:25,478 p=14882 u=victor n=ansible | Friday 07 November 2025  18:31:25 -0300 (0:00:00.595)       0:00:16.921 ******* 
2025-11-07 18:31:28,703 p=14882 u=victor n=ansible | changed: [JasminBrockerDB]
2025-11-07 18:31:28,707 p=14882 u=victor n=ansible | TASK [redis : Set Redis kernel parameters for better performance] ***********************************************************************************************************************************************
2025-11-07 18:31:28,708 p=14882 u=victor n=ansible | Friday 07 November 2025  18:31:28 -0300 (0:00:03.229)       0:00:20.151 ******* 
2025-11-07 18:31:29,309 p=14882 u=victor n=ansible | changed: [JasminBrockerDB] => (item={'key': 'vm.overcommit_memory', 'value': '1'})
2025-11-07 18:31:29,815 p=14882 u=victor n=ansible | changed: [JasminBrockerDB] => (item={'key': 'net.core.somaxconn', 'value': '65535'})
2025-11-07 18:31:29,821 p=14882 u=victor n=ansible | TASK [redis : Disable Transparent Huge Pages (THP) for Redis] ***************************************************************************************************************************************************
2025-11-07 18:31:29,821 p=14882 u=victor n=ansible | Friday 07 November 2025  18:31:29 -0300 (0:00:01.113)       0:00:21.264 ******* 
2025-11-07 18:31:30,871 p=14882 u=victor n=ansible | changed: [JasminBrockerDB]
2025-11-07 18:31:30,884 p=14882 u=victor n=ansible | RUNNING HANDLER [redis : restart redis] *************************************************************************************************************************************************************************
2025-11-07 18:31:30,884 p=14882 u=victor n=ansible | Friday 07 November 2025  18:31:30 -0300 (0:00:01.062)       0:00:22.327 ******* 
2025-11-07 18:31:31,763 p=14882 u=victor n=ansible | changed: [JasminBrockerDB]
2025-11-07 18:31:31,767 p=14882 u=victor n=ansible | TASK [Display Redis connection info] ****************************************************************************************************************************************************************************
2025-11-07 18:31:31,767 p=14882 u=victor n=ansible | Friday 07 November 2025  18:31:31 -0300 (0:00:00.883)       0:00:23.210 ******* 
2025-11-07 18:31:31,784 p=14882 u=victor n=ansible | ok: [JasminBrockerDB] => 
  msg:
  - ===================================================
  - Redis instalado exitosamente en JasminBrockerDB
  - 'Puerto: 6379'
  - 'Bind address: 0.0.0.0'
  - 'Password: RedisJasmin2024!'
  - ===================================================
  - 'Puedes conectarte desde los nodos con:'
  - redis-cli -h 12.4.8.182 -p 6379 -a RedisJasmin2024!
  - ===================================================
  - 'Prueba: redis-cli -h 12.4.8.182 -a RedisJasmin2024! PING'
  - 'Debería responder: PONG'
  - ===================================================
2025-11-07 18:31:31,791 p=14882 u=victor n=ansible | PLAY RECAP ******************************************************************************************************************************************************************************************************
2025-11-07 18:31:31,791 p=14882 u=victor n=ansible | JasminBrockerDB            : ok=14   changed=10   unreachable=0    failed=0    skipped=0    rescued=0    ignored=0   
2025-11-07 18:31:31,791 p=14882 u=victor n=ansible | Playbook run took 0 days, 0 hours, 0 minutes, 23 seconds
2025-11-07 18:31:31,791 p=14882 u=victor n=ansible | Friday 07 November 2025  18:31:31 -0300 (0:00:00.023)       0:00:23.234 ******* 
2025-11-07 18:31:31,791 p=14882 u=victor n=ansible | =============================================================================== 
2025-11-07 18:31:31,791 p=14882 u=victor n=ansible | redis : Install Redis server ----------------------------------------------------------------------------------------------------------------------------------------------------------------------------- 7.00s
2025-11-07 18:31:31,792 p=14882 u=victor n=ansible | redis : Allow Redis through firewall --------------------------------------------------------------------------------------------------------------------------------------------------------------------- 3.23s
2025-11-07 18:31:31,792 p=14882 u=victor n=ansible | Gathering Facts ------------------------------------------------------------------------------------------------------------------------------------------------------------------------------------------ 2.82s
2025-11-07 18:31:31,792 p=14882 u=victor n=ansible | redis : Wait for Redis to be ready ----------------------------------------------------------------------------------------------------------------------------------------------------------------------- 2.75s
2025-11-07 18:31:31,792 p=14882 u=victor n=ansible | redis : Ensure Redis service is started and enabled ------------------------------------------------------------------------------------------------------------------------------------------------------ 1.22s
2025-11-07 18:31:31,792 p=14882 u=victor n=ansible | redis : Deploy Redis configuration ----------------------------------------------------------------------------------------------------------------------------------------------------------------------- 1.18s
2025-11-07 18:31:31,792 p=14882 u=victor n=ansible | redis : Set Redis kernel parameters for better performance ----------------------------------------------------------------------------------------------------------------------------------------------- 1.11s
2025-11-07 18:31:31,792 p=14882 u=victor n=ansible | redis : Disable Transparent Huge Pages (THP) for Redis --------------------------------------------------------------------------------------------------------------------------------------------------- 1.06s
2025-11-07 18:31:31,792 p=14882 u=victor n=ansible | redis : Ensure Redis service is stopped before configuration --------------------------------------------------------------------------------------------------------------------------------------------- 0.95s
2025-11-07 18:31:31,792 p=14882 u=victor n=ansible | redis : restart redis ------------------------------------------------------------------------------------------------------------------------------------------------------------------------------------ 0.88s
2025-11-07 18:31:31,792 p=14882 u=victor n=ansible | redis : Test Redis connection with password -------------------------------------------------------------------------------------------------------------------------------------------------------------- 0.60s
2025-11-07 18:31:31,792 p=14882 u=victor n=ansible | redis : Backup original Redis configuration -------------------------------------------------------------------------------------------------------------------------------------------------------------- 0.58s
2025-11-07 18:31:31,792 p=14882 u=victor n=ansible | Display Redis connection info ---------------------------------------------------------------------------------------------------------------------------------------------------------------------------- 0.02s
2025-11-07 18:31:31,792 p=14882 u=victor n=ansible | redis : Ensure Redis directories exist with correct permissions ----------------------------------------------------------------------------------------------------------------------------------------- -0.18s
2025-11-07 18:44:17,107 p=15327 u=victor n=ansible | PLAY [Setup Jasmin SMS Gateway Primary Node] ********************************************************************************************************************************************************************
2025-11-07 18:44:17,116 p=15327 u=victor n=ansible | TASK [Gathering Facts] ******************************************************************************************************************************************************************************************
2025-11-07 18:44:17,116 p=15327 u=victor n=ansible | Friday 07 November 2025  18:44:17 -0300 (0:00:00.010)       0:00:00.010 ******* 
2025-11-07 18:44:21,777 p=15327 u=victor n=ansible | ok: [JasminNodoA]
2025-11-07 18:44:21,787 p=15327 u=victor n=ansible | TASK [jasmin-primary : Install Jasmin dependencies] *************************************************************************************************************************************************************
2025-11-07 18:44:21,787 p=15327 u=victor n=ansible | Friday 07 November 2025  18:44:21 -0300 (0:00:04.670)       0:00:04.681 ******* 
2025-11-07 18:44:51,418 p=15327 u=victor n=ansible | changed: [JasminNodoA]
2025-11-07 18:44:51,422 p=15327 u=victor n=ansible | TASK [jasmin-primary : Create Jasmin user] **********************************************************************************************************************************************************************
2025-11-07 18:44:51,423 p=15327 u=victor n=ansible | Friday 07 November 2025  18:44:51 -0300 (0:00:29.635)       0:00:34.317 ******* 
2025-11-07 18:44:52,197 p=15327 u=victor n=ansible | fatal: [JasminNodoA]: FAILED! => changed=false 
  msg: Group jasmin does not exist
2025-11-07 18:44:52,198 p=15327 u=victor n=ansible | PLAY RECAP ******************************************************************************************************************************************************************************************************
2025-11-07 18:44:52,198 p=15327 u=victor n=ansible | JasminNodoA                : ok=2    changed=1    unreachable=0    failed=1    skipped=0    rescued=0    ignored=0   
2025-11-07 18:44:52,198 p=15327 u=victor n=ansible | Playbook run took 0 days, 0 hours, 0 minutes, 35 seconds
2025-11-07 18:44:52,198 p=15327 u=victor n=ansible | Friday 07 November 2025  18:44:52 -0300 (0:00:00.775)       0:00:35.092 ******* 
2025-11-07 18:44:52,198 p=15327 u=victor n=ansible | =============================================================================== 
2025-11-07 18:44:52,198 p=15327 u=victor n=ansible | jasmin-primary : Install Jasmin dependencies ------------------------------------------------------------------------------------------------------------------------------------------------------------ 29.64s
2025-11-07 18:44:52,198 p=15327 u=victor n=ansible | Gathering Facts ------------------------------------------------------------------------------------------------------------------------------------------------------------------------------------------ 4.67s
2025-11-07 18:44:52,198 p=15327 u=victor n=ansible | jasmin-primary : Create Jasmin user ---------------------------------------------------------------------------------------------------------------------------------------------------------------------- 0.78s
2025-11-07 18:47:30,855 p=15424 u=victor n=ansible | PLAY [Setup Jasmin SMS Gateway Primary Node] ********************************************************************************************************************************************************************
2025-11-07 18:47:30,866 p=15424 u=victor n=ansible | TASK [Gathering Facts] ******************************************************************************************************************************************************************************************
2025-11-07 18:47:30,866 p=15424 u=victor n=ansible | Friday 07 November 2025  18:47:30 -0300 (0:00:00.012)       0:00:00.012 ******* 
2025-11-07 18:47:33,751 p=15424 u=victor n=ansible | ok: [JasminNodoA]
2025-11-07 18:47:33,762 p=15424 u=victor n=ansible | TASK [jasmin-primary : Install Jasmin dependencies] *************************************************************************************************************************************************************
2025-11-07 18:47:33,762 p=15424 u=victor n=ansible | Friday 07 November 2025  18:47:33 -0300 (0:00:02.895)       0:00:02.908 ******* 
2025-11-07 18:47:36,837 p=15424 u=victor n=ansible | ok: [JasminNodoA]
2025-11-07 18:47:36,842 p=15424 u=victor n=ansible | TASK [jasmin-primary : Create Jasmin group] *********************************************************************************************************************************************************************
2025-11-07 18:47:36,842 p=15424 u=victor n=ansible | Friday 07 November 2025  18:47:36 -0300 (0:00:03.080)       0:00:05.988 ******* 
2025-11-07 18:47:37,524 p=15424 u=victor n=ansible | changed: [JasminNodoA]
2025-11-07 18:47:37,529 p=15424 u=victor n=ansible | TASK [jasmin-primary : Create Jasmin user] **********************************************************************************************************************************************************************
2025-11-07 18:47:37,529 p=15424 u=victor n=ansible | Friday 07 November 2025  18:47:37 -0300 (0:00:00.686)       0:00:06.675 ******* 
2025-11-07 18:47:38,354 p=15424 u=victor n=ansible | changed: [JasminNodoA]
2025-11-07 18:47:38,358 p=15424 u=victor n=ansible | TASK [jasmin-primary : Create Jasmin directory structure] *******************************************************************************************************************************************************
2025-11-07 18:47:38,358 p=15424 u=victor n=ansible | Friday 07 November 2025  18:47:38 -0300 (0:00:00.829)       0:00:07.504 ******* 
2025-11-07 18:47:37,123 p=15424 u=victor n=ansible | changed: [JasminNodoA] => (item=/opt/jasmin)
2025-11-07 18:47:37,725 p=15424 u=victor n=ansible | changed: [JasminNodoA] => (item=/opt/jasmin/config)
2025-11-07 18:47:38,225 p=15424 u=victor n=ansible | changed: [JasminNodoA] => (item=/opt/jasmin/logs)
2025-11-07 18:47:38,722 p=15424 u=victor n=ansible | changed: [JasminNodoA] => (item=/opt/jasmin/store)
2025-11-07 18:47:39,216 p=15424 u=victor n=ansible | changed: [JasminNodoA] => (item=/var/log/jasmin)
2025-11-07 18:47:39,221 p=15424 u=victor n=ansible | TASK [jasmin-primary : Create Python virtual environment] *******************************************************************************************************************************************************
2025-11-07 18:47:39,221 p=15424 u=victor n=ansible | Friday 07 November 2025  18:47:39 -0300 (0:00:00.863)       0:00:08.367 ******* 
2025-11-07 18:47:39,656 p=15424 u=victor n=ansible | fatal: [JasminNodoA]: FAILED! => 
  msg: |-
    Failed to set permissions on the temporary files Ansible needs to create when becoming an unprivileged user (rc: 1, err: chmod: invalid mode: ‘A+user:jasmin:rx:allow’
    Try 'chmod --help' for more information.
    }). For information on working around this, see https://docs.ansible.com/ansible-core/2.16/playbook_guide/playbooks_privilege_escalation.html#risks-of-becoming-an-unprivileged-user
2025-11-07 18:47:39,657 p=15424 u=victor n=ansible | PLAY RECAP ******************************************************************************************************************************************************************************************************
2025-11-07 18:47:39,657 p=15424 u=victor n=ansible | JasminNodoA                : ok=5    changed=3    unreachable=0    failed=1    skipped=0    rescued=0    ignored=0   
2025-11-07 18:47:39,657 p=15424 u=victor n=ansible | Playbook run took 0 days, 0 hours, 0 minutes, 8 seconds
2025-11-07 18:47:39,658 p=15424 u=victor n=ansible | Friday 07 November 2025  18:47:39 -0300 (0:00:00.436)       0:00:08.804 ******* 
2025-11-07 18:47:39,658 p=15424 u=victor n=ansible | =============================================================================== 
2025-11-07 18:47:39,658 p=15424 u=victor n=ansible | jasmin-primary : Install Jasmin dependencies ------------------------------------------------------------------------------------------------------------------------------------------------------------- 3.08s
2025-11-07 18:47:39,658 p=15424 u=victor n=ansible | Gathering Facts ------------------------------------------------------------------------------------------------------------------------------------------------------------------------------------------ 2.90s
2025-11-07 18:47:39,658 p=15424 u=victor n=ansible | jasmin-primary : Create Jasmin directory structure ------------------------------------------------------------------------------------------------------------------------------------------------------- 0.86s
2025-11-07 18:47:39,658 p=15424 u=victor n=ansible | jasmin-primary : Create Jasmin user ---------------------------------------------------------------------------------------------------------------------------------------------------------------------- 0.83s
2025-11-07 18:47:39,658 p=15424 u=victor n=ansible | jasmin-primary : Create Jasmin group --------------------------------------------------------------------------------------------------------------------------------------------------------------------- 0.69s
2025-11-07 18:47:39,658 p=15424 u=victor n=ansible | jasmin-primary : Create Python virtual environment ------------------------------------------------------------------------------------------------------------------------------------------------------- 0.44s
2025-11-07 18:52:54,402 p=15621 u=victor n=ansible | ERROR! the role 'jasmin-primary' was not found in /home/victor/projects/jasmin/ansible/playbooks/roles:/home/victor/.ansible/roles:/usr/share/ansible/roles:/etc/ansible/roles:/home/victor/projects/jasmin/ansible/playbooks

The error appears to be in '/home/victor/projects/jasmin/ansible/playbooks/setup-jasmin-primary.yml': line 6, column 7, but may
be elsewhere in the file depending on the exact syntax problem.

The offending line appears to be:

  roles:
    - jasmin-primary
      ^ here

2025-11-07 18:53:12,409 p=15627 u=victor n=ansible | ERROR! the role 'jasmin-primary' was not found in /home/victor/projects/jasmin/ansible/playbooks/roles:/home/victor/.ansible/roles:/usr/share/ansible/roles:/etc/ansible/roles:/home/victor/projects/jasmin/ansible/playbooks

The error appears to be in '/home/victor/projects/jasmin/ansible/playbooks/setup-jasmin-primary.yml': line 6, column 7, but may
be elsewhere in the file depending on the exact syntax problem.

The offending line appears to be:

  roles:
    - jasmin-primary
      ^ here

2025-11-07 18:53:20,924 p=15635 u=victor n=ansible | ERROR! the role 'jasmin-primary' was not found in /home/victor/projects/jasmin/ansible/playbooks/roles:/home/victor/.ansible/roles:/usr/share/ansible/roles:/etc/ansible/roles:/home/victor/projects/jasmin/ansible/playbooks

The error appears to be in '/home/victor/projects/jasmin/ansible/playbooks/setup-jasmin-primary.yml': line 6, column 7, but may
be elsewhere in the file depending on the exact syntax problem.

The offending line appears to be:

  roles:
    - jasmin-primary
      ^ here

2025-11-07 18:54:15,582 p=15658 u=victor n=ansible | PLAY [Setup Jasmin SMS Gateway Primary Node] ********************************************************************************************************************************************************************
2025-11-07 18:54:15,590 p=15658 u=victor n=ansible | TASK [Gathering Facts] ******************************************************************************************************************************************************************************************
2025-11-07 18:54:16,118 p=15658 u=victor n=ansible | ok: [JasminNodoA]
2025-11-07 18:54:16,127 p=15658 u=victor n=ansible | TASK [jasmin-primary : Install Jasmin dependencies] *************************************************************************************************************************************************************
2025-11-07 18:54:19,202 p=15658 u=victor n=ansible | ok: [JasminNodoA]
2025-11-07 18:54:19,207 p=15658 u=victor n=ansible | TASK [jasmin-primary : Create Jasmin group] *********************************************************************************************************************************************************************
2025-11-07 18:54:19,578 p=15658 u=victor n=ansible | ok: [JasminNodoA]
2025-11-07 18:54:19,582 p=15658 u=victor n=ansible | TASK [jasmin-primary : Create Jasmin user] **********************************************************************************************************************************************************************
2025-11-07 18:54:20,039 p=15658 u=victor n=ansible | ok: [JasminNodoA]
2025-11-07 18:54:20,044 p=15658 u=victor n=ansible | TASK [jasmin-primary : Create Jasmin directory structure] *******************************************************************************************************************************************************
2025-11-07 18:54:20,499 p=15658 u=victor n=ansible | ok: [JasminNodoA] => (item=/opt/jasmin)
2025-11-07 18:54:20,857 p=15658 u=victor n=ansible | ok: [JasminNodoA] => (item=/opt/jasmin/config)
2025-11-07 18:54:21,128 p=15658 u=victor n=ansible | ok: [JasminNodoA] => (item=/opt/jasmin/logs)
2025-11-07 18:54:21,405 p=15658 u=victor n=ansible | ok: [JasminNodoA] => (item=/opt/jasmin/store)
2025-11-07 18:54:21,775 p=15658 u=victor n=ansible | ok: [JasminNodoA] => (item=/var/log/jasmin)
2025-11-07 18:54:21,781 p=15658 u=victor n=ansible | TASK [jasmin-primary : Create Python virtual environment] *******************************************************************************************************************************************************
2025-11-07 18:54:26,630 p=15658 u=victor n=ansible | changed: [JasminNodoA]
2025-11-07 18:54:26,635 p=15658 u=victor n=ansible | TASK [jasmin-primary : Change ownership of virtualenv] **********************************************************************************************************************************************************
2025-11-07 18:54:27,412 p=15658 u=victor n=ansible | changed: [JasminNodoA]
2025-11-07 18:54:27,416 p=15658 u=victor n=ansible | TASK [jasmin-primary : Upgrade pip in virtual environment] ******************************************************************************************************************************************************
2025-11-07 18:54:30,843 p=15658 u=victor n=ansible | changed: [JasminNodoA]
2025-11-07 18:54:30,847 p=15658 u=victor n=ansible | TASK [jasmin-primary : Install Jasmin SMS Gateway] **************************************************************************************************************************************************************
2025-11-07 18:54:49,586 p=15658 u=victor n=ansible | fatal: [JasminNodoA]: FAILED! => {"changed": false, "cmd": ["/opt/jasmin/venv/bin/pip3", "install", "jasmin==0.10.6"], "msg": "stdout: Collecting jasmin==0.10.6\n  Downloading jasmin-0.10.6-py2.py3-none-any.whl.metadata (4.7 kB)\nCollecting pyasn1~=0.4.8 (from jasmin==0.10.6)\n  Downloading pyasn1-0.4.8-py2.py3-none-any.whl.metadata (1.5 kB)\nCollecting pyOpenSSL~=19.1.0 (from jasmin==0.10.6)\n  Downloading pyOpenSSL-19.1.0-py2.py3-none-any.whl.metadata (4.7 kB)\nCollecting Twisted~=20.3.0 (from jasmin==0.10.6)\n  Downloading Twisted-20.3.0.tar.bz2 (3.1 MB)\n     ━━━━━━━━━━━━━━━━━━━━━━━━━━━━━━━━━━━━━━━━ 3.1/3.1 MB 46.7 MB/s  0:00:00\n  Installing build dependencies: started\n  Installing build dependencies: finished with status 'done'\n  Getting requirements to build wheel: started\n  Getting requirements to build wheel: finished with status 'done'\n  Installing backend dependencies: started\n  Installing backend dependencies: finished with status 'done'\n  Preparing metadata (pyproject.toml): started\n  Preparing metadata (pyproject.toml): finished with status 'done'\nCollecting treq~=20.3.0 (from jasmin==0.10.6)\n  Downloading treq-20.3.0-py2.py3-none-any.whl.metadata (3.1 kB)\nCollecting pyparsing~=2.4.7 (from jasmin==0.10.6)\n  Downloading pyparsing-2.4.7-py2.py3-none-any.whl.metadata (3.6 kB)\nCollecting python-dateutil~=2.8.1 (from jasmin==0.10.6)\n  Using cached python_dateutil-2.8.2-py2.py3-none-any.whl.metadata (8.2 kB)\nCollecting service-identity~=18.1.0 (from jasmin==0.10.6)\n  Downloading service_identity-18.1.0-py2.py3-none-any.whl.metadata (4.9 kB)\nCollecting lockfile~=0.12.2 (from jasmin==0.10.6)\n  Using cached lockfile-0.12.2-py2.py3-none-any.whl.metadata (2.4 kB)\nCollecting falcon~=2.0.0 (from jasmin==0.10.6)\n  Downloading falcon-2.0.0-py2.py3-none-any.whl.metadata (25 kB)\nCollecting txredisapi~=1.4.7 (from jasmin==0.10.6)\n  Using cached txredisapi-1.4.11-py3-none-any.whl.metadata (22 kB)\nCollecting tabulate~=0.8.7 (from jasmin==0.10.6)\n  Using cached tabulate-0.8.10-py3-none-any.whl.metadata (25 kB)\nCollecting txAMQP3~=0.9.0 (from jasmin==0.10.6)\n  Using cached txamqp3-0.9.4-py3-none-any.whl\nCollecting smpp.pdu3~=0.4 (from jasmin==0.10.6)\n  Using cached smpp.pdu3-0.6-py2.py3-none-any.whl.metadata (929 bytes)\nCollecting smpp.twisted3~=0.6 (from jasmin==0.10.6)\n  Using cached smpp_twisted3-0.8-py3-none-any.whl\nCollecting python-messaging~=0.5.13 (from jasmin==0.10.6)\n  Using cached python_messaging-0.5.13-py3-none-any.whl\nCollecting celery>=4.0.0 (from jasmin==0.10.6)\n  Downloading celery-5.5.3-py3-none-any.whl.metadata (22 kB)\nCollecting redis~=3.4.1 (from jasmin==0.10.6)\n  Downloading redis-3.4.1-py2.py3-none-any.whl.metadata (36 kB)\nCollecting requests~=2.23.0 (from jasmin==0.10.6)\n  Downloading requests-2.23.0-py2.py3-none-any.whl.metadata (6.8 kB)\nCollecting python-mimeparse~=1.6.0 (from jasmin==0.10.6)\n  Using cached python_mimeparse-1.6.0-py2.py3-none-any.whl.metadata (2.5 kB)\nCollecting cryptography>=2.8 (from pyOpenSSL~=19.1.0->jasmin==0.10.6)\n  Downloading cryptography-46.0.3-cp38-abi3-manylinux_2_34_x86_64.whl.metadata (5.7 kB)\nCollecting six>=1.5.2 (from pyOpenSSL~=19.1.0->jasmin==0.10.6)\n  Using cached six-1.17.0-py2.py3-none-any.whl.metadata (1.7 kB)\nCollecting chardet<4,>=3.0.2 (from requests~=2.23.0->jasmin==0.10.6)\n  Downloading chardet-3.0.4-py2.py3-none-any.whl.metadata (3.2 kB)\nCollecting idna<3,>=2.5 (from requests~=2.23.0->jasmin==0.10.6)\n  Downloading idna-2.10-py2.py3-none-any.whl.metadata (9.1 kB)\nCollecting urllib3!=1.25.0,!=1.25.1,<1.26,>=1.21.1 (from requests~=2.23.0->jasmin==0.10.6)\n  Downloading urllib3-1.25.11-py2.py3-none-any.whl.metadata (41 kB)\nCollecting certifi>=2017.4.17 (from requests~=2.23.0->jasmin==0.10.6)\n  Using cached certifi-2025.10.5-py3-none-any.whl.metadata (2.5 kB)\nCollecting attrs>=16.0.0 (from service-identity~=18.1.0->jasmin==0.10.6)\n  Using cached attrs-25.4.0-py3-none-any.whl.metadata (10 kB)\nCollecting pyasn1-modules (from service-identity~=18.1.0->jasmin==0.10.6)\n  Using cached pyasn1_modules-0.4.2-py3-none-any.whl.metadata (3.5 kB)\nINFO: pip is looking at multiple versions of smpp-twisted3 to determine which version is compatible with other requirements. This could take a while.\nCollecting smpp.twisted3~=0.6 (from jasmin==0.10.6)\n  Downloading smpp.twisted3-0.7.tar.gz (13 kB)\n  Installing build dependencies: started\n  Installing build dependencies: finished with status 'done'\n  Getting requirements to build wheel: started\n  Getting requirements to build wheel: finished with status 'done'\n  Preparing metadata (pyproject.toml): started\n  Preparing metadata (pyproject.toml): finished with status 'done'\n  Downloading smpp.twisted3-0.6.tar.gz (14 kB)\n  Installing build dependencies: started\n  Installing build dependencies: finished with status 'done'\n  Getting requirements to build wheel: started\n  Getting requirements to build wheel: finished with status 'done'\n  Preparing metadata (pyproject.toml): started\n  Preparing metadata (pyproject.toml): finished with status 'done'\nCollecting incremental (from treq~=20.3.0->jasmin==0.10.6)\n  Using cached incremental-24.7.2-py3-none-any.whl.metadata (8.1 kB)\nCollecting zope.interface>=4.4.2 (from Twisted~=20.3.0->jasmin==0.10.6)\n  Using cached zope_interface-8.0.1-cp310-cp310-manylinux1_x86_64.manylinux2014_x86_64.manylinux_2_17_x86_64.manylinux_2_5_x86_64.whl.metadata (44 kB)\nCollecting constantly>=15.1 (from Twisted~=20.3.0->jasmin==0.10.6)\n  Using cached constantly-23.10.4-py3-none-any.whl.metadata (1.8 kB)\nCollecting Automat>=0.3.0 (from Twisted~=20.3.0->jasmin==0.10.6)\n  Using cached automat-25.4.16-py3-none-any.whl.metadata (8.4 kB)\nCollecting hyperlink>=17.1.1 (from Twisted~=20.3.0->jasmin==0.10.6)\n  Using cached hyperlink-21.0.0-py2.py3-none-any.whl.metadata (1.5 kB)\nCollecting PyHamcrest!=1.10.0,>=1.9.0 (from Twisted~=20.3.0->jasmin==0.10.6)\n  Downloading pyhamcrest-2.1.0-py3-none-any.whl.metadata (15 kB)\nINFO: pip is looking at multiple versions of txamqp3 to determine which version is compatible with other requirements. This could take a while.\nCollecting txAMQP3~=0.9.0 (from jasmin==0.10.6)\n  Downloading txAMQP3-0.9.3.tar.gz (98 kB)\n  Installing build dependencies: started\n  Installing build dependencies: finished with status 'done'\n  Getting requirements to build wheel: started\n  Getting requirements to build wheel: finished with status 'done'\n  Preparing metadata (pyproject.toml): started\n  Preparing metadata (pyproject.toml): finished with status 'done'\n  Downloading txAMQP3-0.9.2.tar.gz (98 kB)\n  Installing build dependencies: started\n  Installing build dependencies: finished with status 'done'\n  Getting requirements to build wheel: started\n  Getting requirements to build wheel: finished with status 'error'\n\n:stderr:   error: subprocess-exited-with-error\n  \n  × Getting requirements to build wheel did not run successfully.\n  │ exit code: 1\n  ╰─> [18 lines of output]\n      Traceback (most recent call last):\n        File \"/opt/jasmin/venv/lib/python3.10/site-packages/pip/_vendor/pyproject_hooks/_in_process/_in_process.py\", line 389, in <module>\n          main()\n        File \"/opt/jasmin/venv/lib/python3.10/site-packages/pip/_vendor/pyproject_hooks/_in_process/_in_process.py\", line 373, in main\n          json_out[\"return_val\"] = hook(**hook_input[\"kwargs\"])\n        File \"/opt/jasmin/venv/lib/python3.10/site-packages/pip/_vendor/pyproject_hooks/_in_process/_in_process.py\", line 143, in get_requires_for_build_wheel\n          return hook(config_settings)\n        File \"/tmp/pip-build-env-zwbm1lum/overlay/lib/python3.10/site-packages/setuptools/build_meta.py\", line 331, in get_requires_for_build_wheel\n          return self._get_build_requires(config_settings, requirements=[])\n        File \"/tmp/pip-build-env-zwbm1lum/overlay/lib/python3.10/site-packages/setuptools/build_meta.py\", line 301, in _get_build_requires\n          self.run_setup()\n        File \"/tmp/pip-build-env-zwbm1lum/overlay/lib/python3.10/site-packages/setuptools/build_meta.py\", line 512, in run_setup\n          super().run_setup(setup_script=setup_script)\n        File \"/tmp/pip-build-env-zwbm1lum/overlay/lib/python3.10/site-packages/setuptools/build_meta.py\", line 317, in run_setup\n          exec(code, locals())\n        File \"<string>\", line 29, in <module>\n        File \"<string>\", line 7, in parse_requirements\n      FileNotFoundError: [Errno 2] No such file or directory: 'requirements.txt'\n      [end of output]\n  \n  note: This error originates from a subprocess, and is likely not a problem with pip.\nERROR: Failed to build 'txAMQP3' when getting requirements to build wheel\n"}
2025-11-07 18:54:49,587 p=15658 u=victor n=ansible | PLAY RECAP ******************************************************************************************************************************************************************************************************
2025-11-07 18:54:49,587 p=15658 u=victor n=ansible | JasminNodoA                : ok=8    changed=3    unreachable=0    failed=1    skipped=0    rescued=0    ignored=0   
2025-11-07 18:57:52,375 p=15760 u=victor n=ansible | PLAY [Setup Jasmin SMS Gateway Primary Node] ********************************************************************************************************************************************************************
2025-11-07 18:57:52,385 p=15760 u=victor n=ansible | TASK [Gathering Facts] ******************************************************************************************************************************************************************************************
2025-11-07 18:57:54,899 p=15760 u=victor n=ansible | ok: [JasminNodoA]
2025-11-07 18:57:54,908 p=15760 u=victor n=ansible | TASK [jasmin-primary : Install Jasmin dependencies] *************************************************************************************************************************************************************
2025-11-07 18:57:57,941 p=15760 u=victor n=ansible | ok: [JasminNodoA]
2025-11-07 18:57:57,946 p=15760 u=victor n=ansible | TASK [jasmin-primary : Create Jasmin group] *********************************************************************************************************************************************************************
2025-11-07 18:57:58,314 p=15760 u=victor n=ansible | ok: [JasminNodoA]
2025-11-07 18:57:58,319 p=15760 u=victor n=ansible | TASK [jasmin-primary : Create Jasmin user] **********************************************************************************************************************************************************************
2025-11-07 18:57:58,850 p=15760 u=victor n=ansible | ok: [JasminNodoA]
2025-11-07 18:57:58,855 p=15760 u=victor n=ansible | TASK [jasmin-primary : Create Jasmin directory structure] *******************************************************************************************************************************************************
2025-11-07 18:57:59,214 p=15760 u=victor n=ansible | ok: [JasminNodoA] => (item=/opt/jasmin)
2025-11-07 18:57:59,488 p=15760 u=victor n=ansible | ok: [JasminNodoA] => (item=/opt/jasmin/config)
2025-11-07 18:57:59,958 p=15760 u=victor n=ansible | ok: [JasminNodoA] => (item=/opt/jasmin/logs)
2025-11-07 18:58:00,224 p=15760 u=victor n=ansible | ok: [JasminNodoA] => (item=/opt/jasmin/store)
2025-11-07 18:58:00,488 p=15760 u=victor n=ansible | ok: [JasminNodoA] => (item=/var/log/jasmin)
2025-11-07 18:58:00,494 p=15760 u=victor n=ansible | TASK [jasmin-primary : Create Python virtual environment] *******************************************************************************************************************************************************
2025-11-07 18:58:00,829 p=15760 u=victor n=ansible | ok: [JasminNodoA]
2025-11-07 18:58:00,834 p=15760 u=victor n=ansible | TASK [jasmin-primary : Change ownership of Jasmin home] *********************************************************************************************************************************************************
2025-11-07 18:58:01,561 p=15760 u=victor n=ansible | changed: [JasminNodoA]
2025-11-07 18:58:01,565 p=15760 u=victor n=ansible | TASK [jasmin-primary : Upgrade pip, setuptools and wheel] *******************************************************************************************************************************************************
2025-11-07 18:58:04,423 p=15760 u=victor n=ansible | changed: [JasminNodoA]
2025-11-07 18:58:04,428 p=15760 u=victor n=ansible | TASK [jasmin-primary : Install Jasmin SMS Gateway version 0.11b3] ***********************************************************************************************************************************************
2025-11-07 18:58:05,489 p=15760 u=victor n=ansible | fatal: [JasminNodoA]: FAILED! => {"changed": false, "cmd": ["/opt/jasmin/venv/bin/pip3", "install", "jasmin==0.11b3"], "msg": "\n:stderr: ERROR: Could not find a version that satisfies the requirement jasmin==0.11b3 (from versions: 0.6b1, 0.6b2, 0.6b3, 0.6b4, 0.6b5, 0.6b6, 0.6b7, 0.6b8, 0.6b9, 0.6b10, 0.6b11, 0.6b12, 0.6b13, 0.6b14, 0.6b15, 0.6b16, 0.6b17, 0.6b18, 0.6b19, 0.6b24, 0.6b25, 0.6b26, 0.6b27, 0.6b28, 0.6b32, 0.6b33, 0.6b34, 0.6b35, 0.6b36, 0.6b37, 0.6b38, 0.6b39, 0.6rc40, 0.6rc41, 0.6, 0.6.post43, 0.7b0, 0.8.dev0, 0.8b1, 0.8b2, 0.8b3, 0.8b4, 0.8b5, 0.8b6, 0.8b7, 0.8b8, 0.8rc9, 0.8.post11, 0.8.post12, 0.8.post13, 0.8.post14, 0.8.10, 0.9b0, 0.9b1, 0.9b2, 0.9b3, 0.9b4, 0.9b5, 0.9b7, 0.9b8, 0.9b9, 0.9b10, 0.9b11, 0.9b12, 0.9b13, 0.9b14, 0.9b15, 0.9rc16, 0.9rc17, 0.9rc18, 0.9rc19, 0.9rc20, 0.9rc21, 0.9rc22, 0.9rc23, 0.9rc24, 0.9.25, 0.9.26, 0.9.27, 0.9.28, 0.9.29, 0.9.31, 0.9.32, 0.9.33, 0.9.34, 0.9.35, 0.9.36, 0.10.2, 0.10.3, 0.10.4, 0.10.5, 0.10.6, 0.10.8, 0.10.9, 0.10.11, 0.10.12, 0.10.13, 0.11.0, 0.11.1)\nERROR: No matching distribution found for jasmin==0.11b3\n"}
2025-11-07 18:58:05,490 p=15760 u=victor n=ansible | PLAY RECAP ******************************************************************************************************************************************************************************************************
2025-11-07 18:58:05,490 p=15760 u=victor n=ansible | JasminNodoA                : ok=8    changed=2    unreachable=0    failed=1    skipped=0    rescued=0    ignored=0   
2025-11-07 19:01:27,478 p=15867 u=victor n=ansible | PLAY [Setup Jasmin SMS Gateway Primary Node] ********************************************************************************************************************************************************************
2025-11-07 19:01:27,487 p=15867 u=victor n=ansible | TASK [Gathering Facts] ******************************************************************************************************************************************************************************************
2025-11-07 19:01:29,896 p=15867 u=victor n=ansible | ok: [JasminNodoA]
2025-11-07 19:01:29,905 p=15867 u=victor n=ansible | TASK [jasmin-primary : Install Jasmin dependencies] *************************************************************************************************************************************************************
2025-11-07 19:01:32,665 p=15867 u=victor n=ansible | ok: [JasminNodoA]
2025-11-07 19:01:32,670 p=15867 u=victor n=ansible | TASK [jasmin-primary : Create Jasmin group] *********************************************************************************************************************************************************************
2025-11-07 19:01:33,023 p=15867 u=victor n=ansible | ok: [JasminNodoA]
2025-11-07 19:01:33,027 p=15867 u=victor n=ansible | TASK [jasmin-primary : Create Jasmin user] **********************************************************************************************************************************************************************
2025-11-07 19:01:33,468 p=15867 u=victor n=ansible | ok: [JasminNodoA]
2025-11-07 19:01:33,471 p=15867 u=victor n=ansible | TASK [jasmin-primary : Create Jasmin directory structure] *******************************************************************************************************************************************************
2025-11-07 19:01:33,828 p=15867 u=victor n=ansible | ok: [JasminNodoA] => (item=/opt/jasmin)
2025-11-07 19:01:34,094 p=15867 u=victor n=ansible | ok: [JasminNodoA] => (item=/opt/jasmin/config)
2025-11-07 19:01:34,375 p=15867 u=victor n=ansible | ok: [JasminNodoA] => (item=/opt/jasmin/logs)
2025-11-07 19:01:34,647 p=15867 u=victor n=ansible | ok: [JasminNodoA] => (item=/opt/jasmin/store)
2025-11-07 19:01:34,911 p=15867 u=victor n=ansible | ok: [JasminNodoA] => (item=/var/log/jasmin)
2025-11-07 19:01:34,917 p=15867 u=victor n=ansible | TASK [jasmin-primary : Create Python virtual environment] *******************************************************************************************************************************************************
2025-11-07 19:01:35,263 p=15867 u=victor n=ansible | ok: [JasminNodoA]
2025-11-07 19:01:35,267 p=15867 u=victor n=ansible | TASK [jasmin-primary : Change ownership of Jasmin home] *********************************************************************************************************************************************************
2025-11-07 19:01:36,232 p=15867 u=victor n=ansible | changed: [JasminNodoA]
2025-11-07 19:01:36,236 p=15867 u=victor n=ansible | TASK [jasmin-primary : Upgrade pip, setuptools and wheel] *******************************************************************************************************************************************************
2025-11-07 19:01:37,903 p=15867 u=victor n=ansible | ok: [JasminNodoA]
2025-11-07 19:01:37,911 p=15867 u=victor n=ansible | TASK [jasmin-primary : Install Jasmin SMS Gateway version 0.11.1] ***********************************************************************************************************************************************
2025-11-07 19:01:50,058 p=15867 u=victor n=ansible | changed: [JasminNodoA]
2025-11-07 19:01:50,062 p=15867 u=victor n=ansible | TASK [jasmin-primary : Install additional Python dependencies] **************************************************************************************************************************************************
2025-11-07 19:01:51,572 p=15867 u=victor n=ansible | changed: [JasminNodoA]
2025-11-07 19:01:51,577 p=15867 u=victor n=ansible | TASK [jasmin-primary : Deploy Jasmin configuration] *************************************************************************************************************************************************************
2025-11-07 19:01:52,508 p=15867 u=victor n=ansible | changed: [JasminNodoA]
2025-11-07 19:01:52,512 p=15867 u=victor n=ansible | TASK [jasmin-primary : Deploy RabbitMQ configuration for Jasmin] ************************************************************************************************************************************************
2025-11-07 19:01:53,265 p=15867 u=victor n=ansible | changed: [JasminNodoA]
2025-11-07 19:01:53,269 p=15867 u=victor n=ansible | TASK [jasmin-primary : Ensure RabbitMQ is started and enabled] **************************************************************************************************************************************************
2025-11-07 19:01:52,077 p=15867 u=victor n=ansible | ok: [JasminNodoA]
2025-11-07 19:01:52,082 p=15867 u=victor n=ansible | TASK [jasmin-primary : Wait for RabbitMQ to start] **************************************************************************************************************************************************************
2025-11-07 19:01:55,610 p=15867 u=victor n=ansible | ok: [JasminNodoA]
2025-11-07 19:01:55,617 p=15867 u=victor n=ansible | TASK [jasmin-primary : Create RabbitMQ user for Jasmin] *********************************************************************************************************************************************************
2025-11-07 19:01:56,515 p=15867 u=victor n=ansible | changed: [JasminNodoA]
2025-11-07 19:01:56,519 p=15867 u=victor n=ansible | TASK [jasmin-primary : Set RabbitMQ permissions for Jasmin user] ************************************************************************************************************************************************
2025-11-07 19:01:57,418 p=15867 u=victor n=ansible | changed: [JasminNodoA]
2025-11-07 19:01:57,422 p=15867 u=victor n=ansible | TASK [jasmin-primary : Deploy Supervisor configuration for Jasmin services] *************************************************************************************************************************************
2025-11-07 19:01:58,186 p=15867 u=victor n=ansible | changed: [JasminNodoA]
2025-11-07 19:01:58,190 p=15867 u=victor n=ansible | TASK [jasmin-primary : Ensure Supervisor is started and enabled] ************************************************************************************************************************************************
2025-11-07 19:01:58,689 p=15867 u=victor n=ansible | ok: [JasminNodoA]
2025-11-07 19:01:58,693 p=15867 u=victor n=ansible | TASK [jasmin-primary : Reload Supervisor to pick up new config] *************************************************************************************************************************************************
2025-11-07 19:01:59,282 p=15867 u=victor n=ansible | ok: [JasminNodoA]
2025-11-07 19:01:59,286 p=15867 u=victor n=ansible | TASK [jasmin-primary : Update Supervisor] ***********************************************************************************************************************************************************************
2025-11-07 19:01:59,876 p=15867 u=victor n=ansible | ok: [JasminNodoA]
2025-11-07 19:01:59,880 p=15867 u=victor n=ansible | TASK [jasmin-primary : Start Jasmin services] *******************************************************************************************************************************************************************
2025-11-07 19:02:00,510 p=15867 u=victor n=ansible | ok: [JasminNodoA]
2025-11-07 19:02:00,515 p=15867 u=victor n=ansible | TASK [jasmin-primary : Allow Jasmin ports through firewall] *****************************************************************************************************************************************************
2025-11-07 19:02:02,387 p=15867 u=victor n=ansible | changed: [JasminNodoA] => (item=2775)
2025-11-07 19:02:04,161 p=15867 u=victor n=ansible | changed: [JasminNodoA] => (item=1401)
2025-11-07 19:02:05,933 p=15867 u=victor n=ansible | changed: [JasminNodoA] => (item=8990)
2025-11-07 19:02:05,939 p=15867 u=victor n=ansible | TASK [jasmin-primary : Wait for Jasmin services to start] *******************************************************************************************************************************************************
2025-11-07 19:03:36,267 p=15867 u=victor n=ansible | failed: [JasminNodoA] (item=1401) => {"ansible_loop_var": "item", "changed": false, "elapsed": 90, "item": 1401, "msg": "Timeout when waiting for 127.0.0.1:1401"}
2025-11-07 19:05:06,578 p=15867 u=victor n=ansible | failed: [JasminNodoA] (item=8990) => {"ansible_loop_var": "item", "changed": false, "elapsed": 90, "item": 8990, "msg": "Timeout when waiting for 127.0.0.1:8990"}
2025-11-07 19:05:06,579 p=15867 u=victor n=ansible | ...ignoring
2025-11-07 19:05:06,593 p=15867 u=victor n=ansible | RUNNING HANDLER [jasmin-primary : restart jasmin] ***************************************************************************************************************************************************************
2025-11-07 19:05:10,096 p=15867 u=victor n=ansible | changed: [JasminNodoA]
2025-11-07 19:05:10,101 p=15867 u=victor n=ansible | RUNNING HANDLER [jasmin-primary : restart rabbitmq] *************************************************************************************************************************************************************
2025-11-07 19:05:20,316 p=15867 u=victor n=ansible | changed: [JasminNodoA]
2025-11-07 19:05:20,320 p=15867 u=victor n=ansible | RUNNING HANDLER [jasmin-primary : restart supervisor] ***********************************************************************************************************************************************************
2025-11-07 19:05:21,240 p=15867 u=victor n=ansible | changed: [JasminNodoA]
2025-11-07 19:05:21,244 p=15867 u=victor n=ansible | TASK [Display Jasmin Primary Node info] *************************************************************************************************************************************************************************
2025-11-07 19:05:21,261 p=15867 u=victor n=ansible | ok: [JasminNodoA] => {
    "msg": [
        "===================================================",
        "Jasmin Primary instalado exitosamente",
        "===================================================",
        "HTTP API: http://12.4.8.180:1401",
        "Telnet CLI: telnet 12.4.8.180 8990",
        "SMPP Server: 12.4.8.180:2775",
        "===================================================",
        "Credenciales Admin:",
        "  Usuario: jcliadmin",
        "  Password: JasminAdmin2024!",
        "==================================================="
    ]
}
2025-11-07 19:05:21,267 p=15867 u=victor n=ansible | PLAY RECAP ******************************************************************************************************************************************************************************************************
2025-11-07 19:05:21,267 p=15867 u=victor n=ansible | JasminNodoA                : ok=27   changed=12   unreachable=0    failed=0    skipped=0    rescued=0    ignored=1   
2025-11-07 19:09:42,035 p=16111 u=victor n=ansible | ERROR! the playbook: ansible/playbooks/setup-jasmin-secondary.yml could not be found
2025-11-11 19:32:01,977 p=15617 u=victor n=ansible | [WARNING]: Could not match supplied host pattern, ignoring: JasminPrimary

2025-11-11 19:32:01,978 p=15617 u=victor n=ansible | [WARNING]: No hosts matched, nothing to do

2025-11-11 19:32:13,352 p=15627 u=victor n=ansible | [WARNING]: Could not match supplied host pattern, ignoring: JasminSecondary

2025-11-11 19:32:13,352 p=15627 u=victor n=ansible | [WARNING]: No hosts matched, nothing to do

2025-11-11 19:32:38,671 p=15635 u=victor n=ansible | [WARNING]: Could not match supplied host pattern, ignoring: JasminPrimary

2025-11-11 19:32:38,671 p=15635 u=victor n=ansible | [WARNING]: No hosts matched, nothing to do

2025-11-11 19:32:52,138 p=15645 u=victor n=ansible | [WARNING]: Could not match supplied host pattern, ignoring: JasminSecondary

2025-11-11 19:32:52,138 p=15645 u=victor n=ansible | [WARNING]: No hosts matched, nothing to do

2025-11-11 19:35:49,244 p=15706 u=victor n=ansible | JasminNodoB | CHANGED | rc=0 >>
inactive
jasmind no está registrado como servicio systemd

2025-11-11 19:36:06,166 p=15725 u=victor n=ansible | JasminNodoA | CHANGED | rc=0 >>
active

2025-11-11 19:36:58,374 p=15758 u=victor n=ansible | JasminNodoB | CHANGED | rc=0 >>
No existe el archivo de serviciols: cannot access '/etc/systemd/system/jasmind.service': No such file or directory

2025-11-11 19:37:10,335 p=15769 u=victor n=ansible | JasminNodoB | CHANGED | rc=0 >>
Jasmin no instalado/bin/sh: 1: /opt/jasmin/venv/bin/pip: not found

2025-11-11 19:37:57,106 p=15795 u=victor n=ansible | Using /home/victor/projects/jasmin/ansible.cfg as config file
2025-11-11 19:37:57,407 p=15795 u=victor n=ansible | [WARNING]: Could not match supplied host pattern, ignoring: JasminSecondary

2025-11-11 19:37:57,408 p=15795 u=victor n=ansible | PLAY [Setup Jasmin SMS Gateway Secondary Node] *************************************************************************
2025-11-11 19:37:57,408 p=15795 u=victor n=ansible | skipping: no hosts matched
2025-11-11 19:37:57,408 p=15795 u=victor n=ansible | PLAY RECAP *************************************************************************************************************
2025-11-11 19:39:31,358 p=15830 u=victor n=ansible | Using /home/victor/projects/jasmin/ansible.cfg as config file
2025-11-11 19:39:31,595 p=15830 u=victor n=ansible | PLAY [Setup Jasmin SMS Gateway Secondary Node] *************************************************************************
2025-11-11 19:39:31,605 p=15830 u=victor n=ansible | TASK [Gathering Facts] *************************************************************************************************
2025-11-11 19:39:34,689 p=15830 u=victor n=ansible | ok: [JasminNodoB]
2025-11-11 19:39:34,698 p=15830 u=victor n=ansible | TASK [jasmin-primary : Install Jasmin dependencies] ********************************************************************
2025-11-11 19:40:20,454 p=15830 u=victor n=ansible | changed: [JasminNodoB] => {"cache_update_time": 1762900779, "cache_updated": true, "changed": true, "stderr": "", "stderr_lines": [], "stdout": "Reading package lists...\nBuilding dependency tree...\nReading state information...\nThe following additional packages will be installed:\n  bzip2 cpp cpp-11 dpkg-dev erlang-asn1 erlang-base erlang-crypto erlang-eldap\n  erlang-ftp erlang-inets erlang-mnesia erlang-os-mon erlang-parsetools\n  erlang-public-key erlang-runtime-tools erlang-snmp erlang-ssl\n  erlang-syntax-tools erlang-tftp erlang-tools erlang-xmerl fakeroot\n  fontconfig-config fonts-dejavu-core g++ g++-11 gcc gcc-11 gcc-11-base\n  javascript-common libalgorithm-diff-perl libalgorithm-diff-xs-perl\n  libalgorithm-merge-perl libasan6 libc-dev-bin libc-devtools libc6-dev\n  libcc1-0 libcrypt-dev libdeflate0 libdpkg-perl libexpat1-dev libfakeroot\n  libfile-fcntllock-perl libfontconfig1 libgcc-11-dev libgd3 libgomp1 libisl23\n  libitm1 libjbig0 libjpeg-turbo8 libjpeg8 libjs-jquery libjs-sphinxdoc\n  libjs-underscore liblsan0 libmpc3 libnsl-dev libpython3-dev\n  libpython3.10-dev libquadmath0 libsctp1 libstdc++-11-dev libtiff5\n  libtirpc-dev libtsan0 libubsan1 libwebp7 libxpm4 linux-libc-dev\n  lto-disabled-list make manpages-dev python3-pip-whl python3-setuptools-whl\n  python3-wheel python3.10-dev python3.10-venv rpcsvc-proto socat zlib1g-dev\nSuggested packages:\n  bzip2-doc cpp-doc gcc-11-locales debian-keyring erlang erlang-manpages\n  erlang-doc g++-multilib g++-11-multilib gcc-11-doc gcc-multilib autoconf\n  automake libtool flex bison gdb gcc-doc gcc-11-multilib apache2 | lighttpd\n  | httpd glibc-doc bzr libgd-tools lksctp-tools libssl-doc libstdc++-11-doc\n  make-doc supervisor-doc\nThe following NEW packages will be installed:\n  build-essential bzip2 cpp cpp-11 dpkg-dev erlang-asn1 erlang-base\n  erlang-crypto erlang-eldap erlang-ftp erlang-inets erlang-mnesia\n  erlang-os-mon erlang-parsetools erlang-public-key erlang-runtime-tools\n  erlang-snmp erlang-ssl erlang-syntax-tools erlang-tftp erlang-tools\n  erlang-xmerl fakeroot fontconfig-config fonts-dejavu-core g++ g++-11 gcc\n  gcc-11 gcc-11-base javascript-common libalgorithm-diff-perl\n  libalgorithm-diff-xs-perl libalgorithm-merge-perl libasan6 libc-dev-bin\n  libc-devtools libc6-dev libcc1-0 libcrypt-dev libdeflate0 libdpkg-perl\n  libexpat1-dev libfakeroot libffi-dev libfile-fcntllock-perl libfontconfig1\n  libgcc-11-dev libgd3 libgomp1 libisl23 libitm1 libjbig0 libjpeg-turbo8\n  libjpeg8 libjs-jquery libjs-sphinxdoc libjs-underscore liblsan0 libmpc3\n  libnsl-dev libpython3-dev libpython3.10-dev libquadmath0 libsctp1 libssl-dev\n  libstdc++-11-dev libtiff5 libtirpc-dev libtsan0 libubsan1 libwebp7 libxpm4\n  linux-libc-dev lto-disabled-list make manpages-dev python3-dev python3-pip\n  python3-pip-whl python3-setuptools-whl python3-venv python3-wheel\n  python3.10-dev python3.10-venv rabbitmq-server rpcsvc-proto socat supervisor\n  zlib1g-dev\n0 upgraded, 90 newly installed, 0 to remove and 0 not upgraded.\nNeed to get 112 MB of archives.\nAfter this operation, 313 MB of additional disk space will be used.\nGet:1 http://cl.archive.ubuntu.com/ubuntu jammy/universe amd64 supervisor all 4.2.1-1ubuntu1 [278 kB]\nGet:2 http://cl.archive.ubuntu.com/ubuntu jammy-updates/main amd64 libc-dev-bin amd64 2.35-0ubuntu3.11 [20.3 kB]\nGet:3 http://cl.archive.ubuntu.com/ubuntu jammy-updates/main amd64 linux-libc-dev amd64 5.15.0-161.171 [1307 kB]\nGet:4 http://cl.archive.ubuntu.com/ubuntu jammy/main amd64 libcrypt-dev amd64 1:4.4.27-1 [112 kB]\nGet:5 http://cl.archive.ubuntu.com/ubuntu jammy/main amd64 rpcsvc-proto amd64 1.4.2-0ubuntu6 [68.5 kB]\nGet:6 http://cl.archive.ubuntu.com/ubuntu jammy-updates/main amd64 libtirpc-dev amd64 1.3.2-2ubuntu0.1 [192 kB]\nGet:7 http://cl.archive.ubuntu.com/ubuntu jammy/main amd64 libnsl-dev amd64 1.3.0-2build2 [71.3 kB]\nGet:8 http://cl.archive.ubuntu.com/ubuntu jammy-updates/main amd64 libc6-dev amd64 2.35-0ubuntu3.11 [2100 kB]\nGet:9 http://cl.archive.ubuntu.com/ubuntu jammy-updates/main amd64 gcc-11-base amd64 11.4.0-1ubuntu1~22.04.2 [20.8 kB]\nGet:10 http://cl.archive.ubuntu.com/ubuntu jammy/main amd64 libisl23 amd64 0.24-2build1 [727 kB]\nGet:11 http://cl.archive.ubuntu.com/ubuntu jammy/main amd64 libmpc3 amd64 1.2.1-2build1 [46.9 kB]\nGet:12 http://cl.archive.ubuntu.com/ubuntu jammy-updates/main amd64 cpp-11 amd64 11.4.0-1ubuntu1~22.04.2 [10.0 MB]\nGet:13 http://cl.archive.ubuntu.com/ubuntu jammy/main amd64 cpp amd64 4:11.2.0-1ubuntu1 [27.7 kB]\nGet:14 http://cl.archive.ubuntu.com/ubuntu jammy-updates/main amd64 libcc1-0 amd64 12.3.0-1ubuntu1~22.04.2 [48.3 kB]\nGet:15 http://cl.archive.ubuntu.com/ubuntu jammy-updates/main amd64 libgomp1 amd64 12.3.0-1ubuntu1~22.04.2 [127 kB]\nGet:16 http://cl.archive.ubuntu.com/ubuntu jammy-updates/main amd64 libitm1 amd64 12.3.0-1ubuntu1~22.04.2 [30.2 kB]\nGet:17 http://cl.archive.ubuntu.com/ubuntu jammy-updates/main amd64 libasan6 amd64 11.4.0-1ubuntu1~22.04.2 [2283 kB]\nGet:18 http://cl.archive.ubuntu.com/ubuntu jammy-updates/main amd64 liblsan0 amd64 12.3.0-1ubuntu1~22.04.2 [1069 kB]\nGet:19 http://cl.archive.ubuntu.com/ubuntu jammy-updates/main amd64 libtsan0 amd64 11.4.0-1ubuntu1~22.04.2 [2262 kB]\nGet:20 http://cl.archive.ubuntu.com/ubuntu jammy-updates/main amd64 libubsan1 amd64 12.3.0-1ubuntu1~22.04.2 [976 kB]\nGet:21 http://cl.archive.ubuntu.com/ubuntu jammy-updates/main amd64 libquadmath0 amd64 12.3.0-1ubuntu1~22.04.2 [154 kB]\nGet:22 http://cl.archive.ubuntu.com/ubuntu jammy-updates/main amd64 libgcc-11-dev amd64 11.4.0-1ubuntu1~22.04.2 [2517 kB]\nGet:23 http://cl.archive.ubuntu.com/ubuntu jammy-updates/main amd64 gcc-11 amd64 11.4.0-1ubuntu1~22.04.2 [20.1 MB]\nGet:24 http://cl.archive.ubuntu.com/ubuntu jammy/main amd64 gcc amd64 4:11.2.0-1ubuntu1 [5112 B]\nGet:25 http://cl.archive.ubuntu.com/ubuntu jammy-updates/main amd64 libstdc++-11-dev amd64 11.4.0-1ubuntu1~22.04.2 [2101 kB]\nGet:26 http://cl.archive.ubuntu.com/ubuntu jammy-updates/main amd64 g++-11 amd64 11.4.0-1ubuntu1~22.04.2 [11.4 MB]\nGet:27 http://cl.archive.ubuntu.com/ubuntu jammy/main amd64 g++ amd64 4:11.2.0-1ubuntu1 [1412 B]\nGet:28 http://cl.archive.ubuntu.com/ubuntu jammy/main amd64 make amd64 4.3-4.1build1 [180 kB]\nGet:29 http://cl.archive.ubuntu.com/ubuntu jammy-updates/main amd64 libdpkg-perl all 1.21.1ubuntu2.6 [237 kB]\nGet:30 http://cl.archive.ubuntu.com/ubuntu jammy/main amd64 bzip2 amd64 1.0.8-5build1 [34.8 kB]\nGet:31 http://cl.archive.ubuntu.com/ubuntu jammy/main amd64 lto-disabled-list all 24 [12.5 kB]\nGet:32 http://cl.archive.ubuntu.com/ubuntu jammy-updates/main amd64 dpkg-dev all 1.21.1ubuntu2.6 [922 kB]\nGet:33 http://cl.archive.ubuntu.com/ubuntu jammy/main amd64 build-essential amd64 12.9ubuntu3 [4744 B]\nGet:34 http://cl.archive.ubuntu.com/ubuntu jammy-updates/main amd64 erlang-base amd64 1:24.2.1+dfsg-1ubuntu0.6 [9830 kB]\nGet:35 http://cl.archive.ubuntu.com/ubuntu jammy-updates/main amd64 erlang-asn1 amd64 1:24.2.1+dfsg-1ubuntu0.6 [911 kB]\nGet:36 http://cl.archive.ubuntu.com/ubuntu jammy-updates/main amd64 erlang-crypto amd64 1:24.2.1+dfsg-1ubuntu0.6 [157 kB]\nGet:37 http://cl.archive.ubuntu.com/ubuntu jammy-updates/main amd64 erlang-public-key amd64 1:24.2.1+dfsg-1ubuntu0.6 [784 kB]\nGet:38 http://cl.archive.ubuntu.com/ubuntu jammy-updates/main amd64 erlang-mnesia amd64 1:24.2.1+dfsg-1ubuntu0.6 [891 kB]\nGet:39 http://cl.archive.ubuntu.com/ubuntu jammy-updates/main amd64 erlang-runtime-tools amd64 1:24.2.1+dfsg-1ubuntu0.6 [227 kB]\nGet:40 http://cl.archive.ubuntu.com/ubuntu jammy-updates/main amd64 erlang-ssl amd64 1:24.2.1+dfsg-1ubuntu0.6 [1584 kB]\nGet:41 http://cl.archive.ubuntu.com/ubuntu jammy-updates/main amd64 erlang-eldap amd64 1:24.2.1+dfsg-1ubuntu0.6 [125 kB]\nGet:42 http://cl.archive.ubuntu.com/ubuntu jammy-updates/main amd64 erlang-ftp amd64 1:24.2.1+dfsg-1ubuntu0.6 [84.4 kB]\nGet:43 http://cl.archive.ubuntu.com/ubuntu jammy-updates/main amd64 erlang-tftp amd64 1:24.2.1+dfsg-1ubuntu0.6 [103 kB]\nGet:44 http://cl.archive.ubuntu.com/ubuntu jammy-updates/main amd64 erlang-inets amd64 1:24.2.1+dfsg-1ubuntu0.6 [627 kB]\nGet:45 http://cl.archive.ubuntu.com/ubuntu jammy-updates/main amd64 erlang-snmp amd64 1:24.2.1+dfsg-1ubuntu0.6 [1895 kB]\nGet:46 http://cl.archive.ubuntu.com/ubuntu jammy-updates/main amd64 erlang-os-mon amd64 1:24.2.1+dfsg-1ubuntu0.6 [91.1 kB]\nGet:47 http://cl.archive.ubuntu.com/ubuntu jammy-updates/main amd64 erlang-parsetools amd64 1:24.2.1+dfsg-1ubuntu0.6 [194 kB]\nGet:48 http://cl.archive.ubuntu.com/ubuntu jammy-updates/main amd64 erlang-syntax-tools amd64 1:24.2.1+dfsg-1ubuntu0.6 [303 kB]\nGet:49 http://cl.archive.ubuntu.com/ubuntu jammy-updates/main amd64 erlang-tools amd64 1:24.2.1+dfsg-1ubuntu0.6 [635 kB]\nGet:50 http://cl.archive.ubuntu.com/ubuntu jammy-updates/main amd64 erlang-xmerl amd64 1:24.2.1+dfsg-1ubuntu0.6 [1383 kB]\nGet:51 http://cl.archive.ubuntu.com/ubuntu jammy/main amd64 libfakeroot amd64 1.28-1ubuntu1 [31.5 kB]\nGet:52 http://cl.archive.ubuntu.com/ubuntu jammy/main amd64 fakeroot amd64 1.28-1ubuntu1 [60.4 kB]\nGet:53 http://cl.archive.ubuntu.com/ubuntu jammy/main amd64 fonts-dejavu-core all 2.37-2build1 [1041 kB]\nGet:54 http://cl.archive.ubuntu.com/ubuntu jammy/main amd64 fontconfig-config all 2.13.1-4.2ubuntu5 [29.1 kB]\nGet:55 http://cl.archive.ubuntu.com/ubuntu jammy/main amd64 javascript-common all 11+nmu1 [5936 B]\nGet:56 http://cl.archive.ubuntu.com/ubuntu jammy/main amd64 libalgorithm-diff-perl all 1.201-1 [41.8 kB]\nGet:57 http://cl.archive.ubuntu.com/ubuntu jammy/main amd64 libalgorithm-diff-xs-perl amd64 0.04-6build3 [11.9 kB]\nGet:58 http://cl.archive.ubuntu.com/ubuntu jammy/main amd64 libalgorithm-merge-perl all 0.08-3 [12.0 kB]\nGet:59 http://cl.archive.ubuntu.com/ubuntu jammy/main amd64 libfontconfig1 amd64 2.13.1-4.2ubuntu5 [131 kB]\nGet:60 http://cl.archive.ubuntu.com/ubuntu jammy/main amd64 libjpeg-turbo8 amd64 2.1.2-0ubuntu1 [134 kB]\nGet:61 http://cl.archive.ubuntu.com/ubuntu jammy/main amd64 libjpeg8 amd64 8c-2ubuntu10 [2264 B]\nGet:62 http://cl.archive.ubuntu.com/ubuntu jammy/main amd64 libdeflate0 amd64 1.10-2 [70.9 kB]\nGet:63 http://cl.archive.ubuntu.com/ubuntu jammy-updates/main amd64 libjbig0 amd64 2.1-3.1ubuntu0.22.04.1 [29.2 kB]\nGet:64 http://cl.archive.ubuntu.com/ubuntu jammy-updates/main amd64 libwebp7 amd64 1.2.2-2ubuntu0.22.04.2 [206 kB]\nGet:65 http://cl.archive.ubuntu.com/ubuntu jammy-updates/main amd64 libtiff5 amd64 4.3.0-6ubuntu0.12 [185 kB]\nGet:66 http://cl.archive.ubuntu.com/ubuntu jammy-updates/main amd64 libxpm4 amd64 1:3.5.12-1ubuntu0.22.04.2 [36.7 kB]\nGet:67 http://cl.archive.ubuntu.com/ubuntu jammy-updates/main amd64 libgd3 amd64 2.3.0-2ubuntu2.3 [129 kB]\nGet:68 http://cl.archive.ubuntu.com/ubuntu jammy-updates/main amd64 libc-devtools amd64 2.35-0ubuntu3.11 [29.0 kB]\nGet:69 http://cl.archive.ubuntu.com/ubuntu jammy-updates/main amd64 libexpat1-dev amd64 2.4.7-1ubuntu0.6 [148 kB]\nGet:70 http://cl.archive.ubuntu.com/ubuntu jammy/main amd64 libfile-fcntllock-perl amd64 0.22-3build7 [33.9 kB]\nGet:71 http://cl.archive.ubuntu.com/ubuntu jammy/main amd64 libjs-jquery all 3.6.0+dfsg+~3.5.13-1 [321 kB]\nGet:72 http://cl.archive.ubuntu.com/ubuntu jammy/main amd64 libjs-underscore all 1.13.2~dfsg-2 [118 kB]\nGet:73 http://cl.archive.ubuntu.com/ubuntu jammy/main amd64 libjs-sphinxdoc all 4.3.2-1 [139 kB]\nGet:74 http://cl.archive.ubuntu.com/ubuntu jammy-updates/main amd64 zlib1g-dev amd64 1:1.2.11.dfsg-2ubuntu9.2 [164 kB]\nGet:75 http://cl.archive.ubuntu.com/ubuntu jammy-updates/main amd64 libpython3.10-dev amd64 3.10.12-1~22.04.11 [4764 kB]\nGet:76 http://cl.archive.ubuntu.com/ubuntu jammy-updates/main amd64 libpython3-dev amd64 3.10.6-1~22.04.1 [7064 B]\nGet:77 http://cl.archive.ubuntu.com/ubuntu jammy/main amd64 libsctp1 amd64 1.0.19+dfsg-1build1 [9370 B]\nGet:78 http://cl.archive.ubuntu.com/ubuntu jammy-updates/main amd64 libssl-dev amd64 3.0.2-0ubuntu1.20 [2376 kB]\nGet:79 http://cl.archive.ubuntu.com/ubuntu jammy/main amd64 manpages-dev all 5.10-1ubuntu1 [2309 kB]\nGet:80 http://cl.archive.ubuntu.com/ubuntu jammy-updates/main amd64 python3.10-dev amd64 3.10.12-1~22.04.11 [508 kB]\nGet:81 http://cl.archive.ubuntu.com/ubuntu jammy-updates/main amd64 python3-dev amd64 3.10.6-1~22.04.1 [26.0 kB]\nGet:82 http://cl.archive.ubuntu.com/ubuntu jammy-updates/universe amd64 python3-wheel all 0.37.1-2ubuntu0.22.04.1 [32.0 kB]\nGet:83 http://cl.archive.ubuntu.com/ubuntu jammy-updates/universe amd64 python3-pip all 22.0.2+dfsg-1ubuntu0.7 [1306 kB]\nGet:84 http://cl.archive.ubuntu.com/ubuntu jammy-updates/universe amd64 python3-pip-whl all 22.0.2+dfsg-1ubuntu0.7 [1683 kB]\nGet:85 http://cl.archive.ubuntu.com/ubuntu jammy-updates/universe amd64 python3-setuptools-whl all 59.6.0-1.2ubuntu0.22.04.3 [789 kB]\nGet:86 http://cl.archive.ubuntu.com/ubuntu jammy-updates/universe amd64 python3.10-venv amd64 3.10.12-1~22.04.11 [5726 B]\nGet:87 http://cl.archive.ubuntu.com/ubuntu jammy-updates/universe amd64 python3-venv amd64 3.10.6-1~22.04.1 [1042 B]\nGet:88 http://cl.archive.ubuntu.com/ubuntu jammy/main amd64 libffi-dev amd64 3.4.2-4 [63.7 kB]\nGet:89 http://cl.archive.ubuntu.com/ubuntu jammy/main amd64 socat amd64 1.7.4.1-3ubuntu4 [349 kB]\nGet:90 http://cl.archive.ubuntu.com/ubuntu jammy-updates/main amd64 rabbitmq-server all 3.9.27-0ubuntu0.2 [15.2 MB]\nFetched 112 MB in 2s (46.3 MB/s)\nSelecting previously unselected package supervisor.\r\n(Reading database ... \r(Reading database ... 5%\r(Reading database ... 10%\r(Reading database ... 15%\r(Reading database ... 20%\r(Reading database ... 25%\r(Reading database ... 30%\r(Reading database ... 35%\r(Reading database ... 40%\r(Reading database ... 45%\r(Reading database ... 50%\r(Reading database ... 55%\r(Reading database ... 60%\r(Reading database ... 65%\r(Reading database ... 70%\r(Reading database ... 75%\r(Reading database ... 80%\r(Reading database ... 85%\r(Reading database ... 90%\r(Reading database ... 95%\r(Reading database ... 100%\r(Reading database ... 112097 files and directories currently installed.)\r\nPreparing to unpack .../00-supervisor_4.2.1-1ubuntu1_all.deb ...\r\nUnpacking supervisor (4.2.1-1ubuntu1) ...\r\nSelecting previously unselected package libc-dev-bin.\r\nPreparing to unpack .../01-libc-dev-bin_2.35-0ubuntu3.11_amd64.deb ...\r\nUnpacking libc-dev-bin (2.35-0ubuntu3.11) ...\r\nSelecting previously unselected package linux-libc-dev:amd64.\r\nPreparing to unpack .../02-linux-libc-dev_5.15.0-161.171_amd64.deb ...\r\nUnpacking linux-libc-dev:amd64 (5.15.0-161.171) ...\r\nSelecting previously unselected package libcrypt-dev:amd64.\r\nPreparing to unpack .../03-libcrypt-dev_1%3a4.4.27-1_amd64.deb ...\r\nUnpacking libcrypt-dev:amd64 (1:4.4.27-1) ...\r\nSelecting previously unselected package rpcsvc-proto.\r\nPreparing to unpack .../04-rpcsvc-proto_1.4.2-0ubuntu6_amd64.deb ...\r\nUnpacking rpcsvc-proto (1.4.2-0ubuntu6) ...\r\nSelecting previously unselected package libtirpc-dev:amd64.\r\nPreparing to unpack .../05-libtirpc-dev_1.3.2-2ubuntu0.1_amd64.deb ...\r\nUnpacking libtirpc-dev:amd64 (1.3.2-2ubuntu0.1) ...\r\nSelecting previously unselected package libnsl-dev:amd64.\r\nPreparing to unpack .../06-libnsl-dev_1.3.0-2build2_amd64.deb ...\r\nUnpacking libnsl-dev:amd64 (1.3.0-2build2) ...\r\nSelecting previously unselected package libc6-dev:amd64.\r\nPreparing to unpack .../07-libc6-dev_2.35-0ubuntu3.11_amd64.deb ...\r\nUnpacking libc6-dev:amd64 (2.35-0ubuntu3.11) ...\r\nSelecting previously unselected package gcc-11-base:amd64.\r\nPreparing to unpack .../08-gcc-11-base_11.4.0-1ubuntu1~22.04.2_amd64.deb ...\r\nUnpacking gcc-11-base:amd64 (11.4.0-1ubuntu1~22.04.2) ...\r\nSelecting previously unselected package libisl23:amd64.\r\nPreparing to unpack .../09-libisl23_0.24-2build1_amd64.deb ...\r\nUnpacking libisl23:amd64 (0.24-2build1) ...\r\nSelecting previously unselected package libmpc3:amd64.\r\nPreparing to unpack .../10-libmpc3_1.2.1-2build1_amd64.deb ...\r\nUnpacking libmpc3:amd64 (1.2.1-2build1) ...\r\nSelecting previously unselected package cpp-11.\r\nPreparing to unpack .../11-cpp-11_11.4.0-1ubuntu1~22.04.2_amd64.deb ...\r\nUnpacking cpp-11 (11.4.0-1ubuntu1~22.04.2) ...\r\nSelecting previously unselected package cpp.\r\nPreparing to unpack .../12-cpp_4%3a11.2.0-1ubuntu1_amd64.deb ...\r\nUnpacking cpp (4:11.2.0-1ubuntu1) ...\r\nSelecting previously unselected package libcc1-0:amd64.\r\nPreparing to unpack .../13-libcc1-0_12.3.0-1ubuntu1~22.04.2_amd64.deb ...\r\nUnpacking libcc1-0:amd64 (12.3.0-1ubuntu1~22.04.2) ...\r\nSelecting previously unselected package libgomp1:amd64.\r\nPreparing to unpack .../14-libgomp1_12.3.0-1ubuntu1~22.04.2_amd64.deb ...\r\nUnpacking libgomp1:amd64 (12.3.0-1ubuntu1~22.04.2) ...\r\nSelecting previously unselected package libitm1:amd64.\r\nPreparing to unpack .../15-libitm1_12.3.0-1ubuntu1~22.04.2_amd64.deb ...\r\nUnpacking libitm1:amd64 (12.3.0-1ubuntu1~22.04.2) ...\r\nSelecting previously unselected package libasan6:amd64.\r\nPreparing to unpack .../16-libasan6_11.4.0-1ubuntu1~22.04.2_amd64.deb ...\r\nUnpacking libasan6:amd64 (11.4.0-1ubuntu1~22.04.2) ...\r\nSelecting previously unselected package liblsan0:amd64.\r\nPreparing to unpack .../17-liblsan0_12.3.0-1ubuntu1~22.04.2_amd64.deb ...\r\nUnpacking liblsan0:amd64 (12.3.0-1ubuntu1~22.04.2) ...\r\nSelecting previously unselected package libtsan0:amd64.\r\nPreparing to unpack .../18-libtsan0_11.4.0-1ubuntu1~22.04.2_amd64.deb ...\r\nUnpacking libtsan0:amd64 (11.4.0-1ubuntu1~22.04.2) ...\r\nSelecting previously unselected package libubsan1:amd64.\r\nPreparing to unpack .../19-libubsan1_12.3.0-1ubuntu1~22.04.2_amd64.deb ...\r\nUnpacking libubsan1:amd64 (12.3.0-1ubuntu1~22.04.2) ...\r\nSelecting previously unselected package libquadmath0:amd64.\r\nPreparing to unpack .../20-libquadmath0_12.3.0-1ubuntu1~22.04.2_amd64.deb ...\r\nUnpacking libquadmath0:amd64 (12.3.0-1ubuntu1~22.04.2) ...\r\nSelecting previously unselected package libgcc-11-dev:amd64.\r\nPreparing to unpack .../21-libgcc-11-dev_11.4.0-1ubuntu1~22.04.2_amd64.deb ...\r\nUnpacking libgcc-11-dev:amd64 (11.4.0-1ubuntu1~22.04.2) ...\r\nSelecting previously unselected package gcc-11.\r\nPreparing to unpack .../22-gcc-11_11.4.0-1ubuntu1~22.04.2_amd64.deb ...\r\nUnpacking gcc-11 (11.4.0-1ubuntu1~22.04.2) ...\r\nSelecting previously unselected package gcc.\r\nPreparing to unpack .../23-gcc_4%3a11.2.0-1ubuntu1_amd64.deb ...\r\nUnpacking gcc (4:11.2.0-1ubuntu1) ...\r\nSelecting previously unselected package libstdc++-11-dev:amd64.\r\nPreparing to unpack .../24-libstdc++-11-dev_11.4.0-1ubuntu1~22.04.2_amd64.deb ...\r\nUnpacking libstdc++-11-dev:amd64 (11.4.0-1ubuntu1~22.04.2) ...\r\nSelecting previously unselected package g++-11.\r\nPreparing to unpack .../25-g++-11_11.4.0-1ubuntu1~22.04.2_amd64.deb ...\r\nUnpacking g++-11 (11.4.0-1ubuntu1~22.04.2) ...\r\nSelecting previously unselected package g++.\r\nPreparing to unpack .../26-g++_4%3a11.2.0-1ubuntu1_amd64.deb ...\r\nUnpacking g++ (4:11.2.0-1ubuntu1) ...\r\nSelecting previously unselected package make.\r\nPreparing to unpack .../27-make_4.3-4.1build1_amd64.deb ...\r\nUnpacking make (4.3-4.1build1) ...\r\nSelecting previously unselected package libdpkg-perl.\r\nPreparing to unpack .../28-libdpkg-perl_1.21.1ubuntu2.6_all.deb ...\r\nUnpacking libdpkg-perl (1.21.1ubuntu2.6) ...\r\nSelecting previously unselected package bzip2.\r\nPreparing to unpack .../29-bzip2_1.0.8-5build1_amd64.deb ...\r\nUnpacking bzip2 (1.0.8-5build1) ...\r\nSelecting previously unselected package lto-disabled-list.\r\nPreparing to unpack .../30-lto-disabled-list_24_all.deb ...\r\nUnpacking lto-disabled-list (24) ...\r\nSelecting previously unselected package dpkg-dev.\r\nPreparing to unpack .../31-dpkg-dev_1.21.1ubuntu2.6_all.deb ...\r\nUnpacking dpkg-dev (1.21.1ubuntu2.6) ...\r\nSelecting previously unselected package build-essential.\r\nPreparing to unpack .../32-build-essential_12.9ubuntu3_amd64.deb ...\r\nUnpacking build-essential (12.9ubuntu3) ...\r\nSelecting previously unselected package erlang-base.\r\nPreparing to unpack .../33-erlang-base_1%3a24.2.1+dfsg-1ubuntu0.6_amd64.deb ...\r\nUnpacking erlang-base (1:24.2.1+dfsg-1ubuntu0.6) ...\r\nSelecting previously unselected package erlang-asn1.\r\nPreparing to unpack .../34-erlang-asn1_1%3a24.2.1+dfsg-1ubuntu0.6_amd64.deb ...\r\nUnpacking erlang-asn1 (1:24.2.1+dfsg-1ubuntu0.6) ...\r\nSelecting previously unselected package erlang-crypto.\r\nPreparing to unpack .../35-erlang-crypto_1%3a24.2.1+dfsg-1ubuntu0.6_amd64.deb ...\r\nUnpacking erlang-crypto (1:24.2.1+dfsg-1ubuntu0.6) ...\r\nSelecting previously unselected package erlang-public-key.\r\nPreparing to unpack .../36-erlang-public-key_1%3a24.2.1+dfsg-1ubuntu0.6_amd64.deb ...\r\nUnpacking erlang-public-key (1:24.2.1+dfsg-1ubuntu0.6) ...\r\nSelecting previously unselected package erlang-mnesia.\r\nPreparing to unpack .../37-erlang-mnesia_1%3a24.2.1+dfsg-1ubuntu0.6_amd64.deb ...\r\nUnpacking erlang-mnesia (1:24.2.1+dfsg-1ubuntu0.6) ...\r\nSelecting previously unselected package erlang-runtime-tools.\r\nPreparing to unpack .../38-erlang-runtime-tools_1%3a24.2.1+dfsg-1ubuntu0.6_amd64.deb ...\r\nUnpacking erlang-runtime-tools (1:24.2.1+dfsg-1ubuntu0.6) ...\r\nSelecting previously unselected package erlang-ssl.\r\nPreparing to unpack .../39-erlang-ssl_1%3a24.2.1+dfsg-1ubuntu0.6_amd64.deb ...\r\nUnpacking erlang-ssl (1:24.2.1+dfsg-1ubuntu0.6) ...\r\nSelecting previously unselected package erlang-eldap.\r\nPreparing to unpack .../40-erlang-eldap_1%3a24.2.1+dfsg-1ubuntu0.6_amd64.deb ...\r\nUnpacking erlang-eldap (1:24.2.1+dfsg-1ubuntu0.6) ...\r\nSelecting previously unselected package erlang-ftp.\r\nPreparing to unpack .../41-erlang-ftp_1%3a24.2.1+dfsg-1ubuntu0.6_amd64.deb ...\r\nUnpacking erlang-ftp (1:24.2.1+dfsg-1ubuntu0.6) ...\r\nSelecting previously unselected package erlang-tftp.\r\nPreparing to unpack .../42-erlang-tftp_1%3a24.2.1+dfsg-1ubuntu0.6_amd64.deb ...\r\nUnpacking erlang-tftp (1:24.2.1+dfsg-1ubuntu0.6) ...\r\nSelecting previously unselected package erlang-inets.\r\nPreparing to unpack .../43-erlang-inets_1%3a24.2.1+dfsg-1ubuntu0.6_amd64.deb ...\r\nUnpacking erlang-inets (1:24.2.1+dfsg-1ubuntu0.6) ...\r\nSelecting previously unselected package erlang-snmp.\r\nPreparing to unpack .../44-erlang-snmp_1%3a24.2.1+dfsg-1ubuntu0.6_amd64.deb ...\r\nUnpacking erlang-snmp (1:24.2.1+dfsg-1ubuntu0.6) ...\r\nSelecting previously unselected package erlang-os-mon.\r\nPreparing to unpack .../45-erlang-os-mon_1%3a24.2.1+dfsg-1ubuntu0.6_amd64.deb ...\r\nUnpacking erlang-os-mon (1:24.2.1+dfsg-1ubuntu0.6) ...\r\nSelecting previously unselected package erlang-parsetools.\r\nPreparing to unpack .../46-erlang-parsetools_1%3a24.2.1+dfsg-1ubuntu0.6_amd64.deb ...\r\nUnpacking erlang-parsetools (1:24.2.1+dfsg-1ubuntu0.6) ...\r\nSelecting previously unselected package erlang-syntax-tools.\r\nPreparing to unpack .../47-erlang-syntax-tools_1%3a24.2.1+dfsg-1ubuntu0.6_amd64.deb ...\r\nUnpacking erlang-syntax-tools (1:24.2.1+dfsg-1ubuntu0.6) ...\r\nSelecting previously unselected package erlang-tools.\r\nPreparing to unpack .../48-erlang-tools_1%3a24.2.1+dfsg-1ubuntu0.6_amd64.deb ...\r\nUnpacking erlang-tools (1:24.2.1+dfsg-1ubuntu0.6) ...\r\nSelecting previously unselected package erlang-xmerl.\r\nPreparing to unpack .../49-erlang-xmerl_1%3a24.2.1+dfsg-1ubuntu0.6_amd64.deb ...\r\nUnpacking erlang-xmerl (1:24.2.1+dfsg-1ubuntu0.6) ...\r\nSelecting previously unselected package libfakeroot:amd64.\r\nPreparing to unpack .../50-libfakeroot_1.28-1ubuntu1_amd64.deb ...\r\nUnpacking libfakeroot:amd64 (1.28-1ubuntu1) ...\r\nSelecting previously unselected package fakeroot.\r\nPreparing to unpack .../51-fakeroot_1.28-1ubuntu1_amd64.deb ...\r\nUnpacking fakeroot (1.28-1ubuntu1) ...\r\nSelecting previously unselected package fonts-dejavu-core.\r\nPreparing to unpack .../52-fonts-dejavu-core_2.37-2build1_all.deb ...\r\nUnpacking fonts-dejavu-core (2.37-2build1) ...\r\nSelecting previously unselected package fontconfig-config.\r\nPreparing to unpack .../53-fontconfig-config_2.13.1-4.2ubuntu5_all.deb ...\r\nUnpacking fontconfig-config (2.13.1-4.2ubuntu5) ...\r\nSelecting previously unselected package javascript-common.\r\nPreparing to unpack .../54-javascript-common_11+nmu1_all.deb ...\r\nUnpacking javascript-common (11+nmu1) ...\r\nSelecting previously unselected package libalgorithm-diff-perl.\r\nPreparing to unpack .../55-libalgorithm-diff-perl_1.201-1_all.deb ...\r\nUnpacking libalgorithm-diff-perl (1.201-1) ...\r\nSelecting previously unselected package libalgorithm-diff-xs-perl.\r\nPreparing to unpack .../56-libalgorithm-diff-xs-perl_0.04-6build3_amd64.deb ...\r\nUnpacking libalgorithm-diff-xs-perl (0.04-6build3) ...\r\nSelecting previously unselected package libalgorithm-merge-perl.\r\nPreparing to unpack .../57-libalgorithm-merge-perl_0.08-3_all.deb ...\r\nUnpacking libalgorithm-merge-perl (0.08-3) ...\r\nSelecting previously unselected package libfontconfig1:amd64.\r\nPreparing to unpack .../58-libfontconfig1_2.13.1-4.2ubuntu5_amd64.deb ...\r\nUnpacking libfontconfig1:amd64 (2.13.1-4.2ubuntu5) ...\r\nSelecting previously unselected package libjpeg-turbo8:amd64.\r\nPreparing to unpack .../59-libjpeg-turbo8_2.1.2-0ubuntu1_amd64.deb ...\r\nUnpacking libjpeg-turbo8:amd64 (2.1.2-0ubuntu1) ...\r\nSelecting previously unselected package libjpeg8:amd64.\r\nPreparing to unpack .../60-libjpeg8_8c-2ubuntu10_amd64.deb ...\r\nUnpacking libjpeg8:amd64 (8c-2ubuntu10) ...\r\nSelecting previously unselected package libdeflate0:amd64.\r\nPreparing to unpack .../61-libdeflate0_1.10-2_amd64.deb ...\r\nUnpacking libdeflate0:amd64 (1.10-2) ...\r\nSelecting previously unselected package libjbig0:amd64.\r\nPreparing to unpack .../62-libjbig0_2.1-3.1ubuntu0.22.04.1_amd64.deb ...\r\nUnpacking libjbig0:amd64 (2.1-3.1ubuntu0.22.04.1) ...\r\nSelecting previously unselected package libwebp7:amd64.\r\nPreparing to unpack .../63-libwebp7_1.2.2-2ubuntu0.22.04.2_amd64.deb ...\r\nUnpacking libwebp7:amd64 (1.2.2-2ubuntu0.22.04.2) ...\r\nSelecting previously unselected package libtiff5:amd64.\r\nPreparing to unpack .../64-libtiff5_4.3.0-6ubuntu0.12_amd64.deb ...\r\nUnpacking libtiff5:amd64 (4.3.0-6ubuntu0.12) ...\r\nSelecting previously unselected package libxpm4:amd64.\r\nPreparing to unpack .../65-libxpm4_1%3a3.5.12-1ubuntu0.22.04.2_amd64.deb ...\r\nUnpacking libxpm4:amd64 (1:3.5.12-1ubuntu0.22.04.2) ...\r\nSelecting previously unselected package libgd3:amd64.\r\nPreparing to unpack .../66-libgd3_2.3.0-2ubuntu2.3_amd64.deb ...\r\nUnpacking libgd3:amd64 (2.3.0-2ubuntu2.3) ...\r\nSelecting previously unselected package libc-devtools.\r\nPreparing to unpack .../67-libc-devtools_2.35-0ubuntu3.11_amd64.deb ...\r\nUnpacking libc-devtools (2.35-0ubuntu3.11) ...\r\nSelecting previously unselected package libexpat1-dev:amd64.\r\nPreparing to unpack .../68-libexpat1-dev_2.4.7-1ubuntu0.6_amd64.deb ...\r\nUnpacking libexpat1-dev:amd64 (2.4.7-1ubuntu0.6) ...\r\nSelecting previously unselected package libfile-fcntllock-perl.\r\nPreparing to unpack .../69-libfile-fcntllock-perl_0.22-3build7_amd64.deb ...\r\nUnpacking libfile-fcntllock-perl (0.22-3build7) ...\r\nSelecting previously unselected package libjs-jquery.\r\nPreparing to unpack .../70-libjs-jquery_3.6.0+dfsg+~3.5.13-1_all.deb ...\r\nUnpacking libjs-jquery (3.6.0+dfsg+~3.5.13-1) ...\r\nSelecting previously unselected package libjs-underscore.\r\nPreparing to unpack .../71-libjs-underscore_1.13.2~dfsg-2_all.deb ...\r\nUnpacking libjs-underscore (1.13.2~dfsg-2) ...\r\nSelecting previously unselected package libjs-sphinxdoc.\r\nPreparing to unpack .../72-libjs-sphinxdoc_4.3.2-1_all.deb ...\r\nUnpacking libjs-sphinxdoc (4.3.2-1) ...\r\nSelecting previously unselected package zlib1g-dev:amd64.\r\nPreparing to unpack .../73-zlib1g-dev_1%3a1.2.11.dfsg-2ubuntu9.2_amd64.deb ...\r\nUnpacking zlib1g-dev:amd64 (1:1.2.11.dfsg-2ubuntu9.2) ...\r\nSelecting previously unselected package libpython3.10-dev:amd64.\r\nPreparing to unpack .../74-libpython3.10-dev_3.10.12-1~22.04.11_amd64.deb ...\r\nUnpacking libpython3.10-dev:amd64 (3.10.12-1~22.04.11) ...\r\nSelecting previously unselected package libpython3-dev:amd64.\r\nPreparing to unpack .../75-libpython3-dev_3.10.6-1~22.04.1_amd64.deb ...\r\nUnpacking libpython3-dev:amd64 (3.10.6-1~22.04.1) ...\r\nSelecting previously unselected package libsctp1:amd64.\r\nPreparing to unpack .../76-libsctp1_1.0.19+dfsg-1build1_amd64.deb ...\r\nUnpacking libsctp1:amd64 (1.0.19+dfsg-1build1) ...\r\nSelecting previously unselected package libssl-dev:amd64.\r\nPreparing to unpack .../77-libssl-dev_3.0.2-0ubuntu1.20_amd64.deb ...\r\nUnpacking libssl-dev:amd64 (3.0.2-0ubuntu1.20) ...\r\nSelecting previously unselected package manpages-dev.\r\nPreparing to unpack .../78-manpages-dev_5.10-1ubuntu1_all.deb ...\r\nUnpacking manpages-dev (5.10-1ubuntu1) ...\r\nSelecting previously unselected package python3.10-dev.\r\nPreparing to unpack .../79-python3.10-dev_3.10.12-1~22.04.11_amd64.deb ...\r\nUnpacking python3.10-dev (3.10.12-1~22.04.11) ...\r\nSelecting previously unselected package python3-dev.\r\nPreparing to unpack .../80-python3-dev_3.10.6-1~22.04.1_amd64.deb ...\r\nUnpacking python3-dev (3.10.6-1~22.04.1) ...\r\nSelecting previously unselected package python3-wheel.\r\nPreparing to unpack .../81-python3-wheel_0.37.1-2ubuntu0.22.04.1_all.deb ...\r\nUnpacking python3-wheel (0.37.1-2ubuntu0.22.04.1) ...\r\nSelecting previously unselected package python3-pip.\r\nPreparing to unpack .../82-python3-pip_22.0.2+dfsg-1ubuntu0.7_all.deb ...\r\nUnpacking python3-pip (22.0.2+dfsg-1ubuntu0.7) ...\r\nSelecting previously unselected package python3-pip-whl.\r\nPreparing to unpack .../83-python3-pip-whl_22.0.2+dfsg-1ubuntu0.7_all.deb ...\r\nUnpacking python3-pip-whl (22.0.2+dfsg-1ubuntu0.7) ...\r\nSelecting previously unselected package python3-setuptools-whl.\r\nPreparing to unpack .../84-python3-setuptools-whl_59.6.0-1.2ubuntu0.22.04.3_all.deb ...\r\nUnpacking python3-setuptools-whl (59.6.0-1.2ubuntu0.22.04.3) ...\r\nSelecting previously unselected package python3.10-venv.\r\nPreparing to unpack .../85-python3.10-venv_3.10.12-1~22.04.11_amd64.deb ...\r\nUnpacking python3.10-venv (3.10.12-1~22.04.11) ...\r\nSelecting previously unselected package python3-venv.\r\nPreparing to unpack .../86-python3-venv_3.10.6-1~22.04.1_amd64.deb ...\r\nUnpacking python3-venv (3.10.6-1~22.04.1) ...\r\nSelecting previously unselected package libffi-dev:amd64.\r\nPreparing to unpack .../87-libffi-dev_3.4.2-4_amd64.deb ...\r\nUnpacking libffi-dev:amd64 (3.4.2-4) ...\r\nSelecting previously unselected package socat.\r\nPreparing to unpack .../88-socat_1.7.4.1-3ubuntu4_amd64.deb ...\r\nUnpacking socat (1.7.4.1-3ubuntu4) ...\r\nSelecting previously unselected package rabbitmq-server.\r\nPreparing to unpack .../89-rabbitmq-server_3.9.27-0ubuntu0.2_all.deb ...\r\nUnpacking rabbitmq-server (3.9.27-0ubuntu0.2) ...\r\nSetting up javascript-common (11+nmu1) ...\r\nSetting up gcc-11-base:amd64 (11.4.0-1ubuntu1~22.04.2) ...\r\nSetting up manpages-dev (5.10-1ubuntu1) ...\r\nSetting up python3-setuptools-whl (59.6.0-1.2ubuntu0.22.04.3) ...\r\nSetting up lto-disabled-list (24) ...\r\nSetting up supervisor (4.2.1-1ubuntu1) ...\r\nCreated symlink /etc/systemd/system/multi-user.target.wants/supervisor.service → /lib/systemd/system/supervisor.service.\r\nSetting up libxpm4:amd64 (1:3.5.12-1ubuntu0.22.04.2) ...\r\nSetting up erlang-base (1:24.2.1+dfsg-1ubuntu0.6) ...\r\nSearching for services which depend on erlang and should be started... none found.\r\nSetting up libfile-fcntllock-perl (0.22-3build7) ...\r\nSetting up python3-pip-whl (22.0.2+dfsg-1ubuntu0.7) ...\r\nSetting up libalgorithm-diff-perl (1.201-1) ...\r\nSetting up erlang-xmerl (1:24.2.1+dfsg-1ubuntu0.6) ...\r\nSetting up libdeflate0:amd64 (1.10-2) ...\r\nSetting up linux-libc-dev:amd64 (5.15.0-161.171) ...\r\nSetting up erlang-syntax-tools (1:24.2.1+dfsg-1ubuntu0.6) ...\r\nSetting up libgomp1:amd64 (12.3.0-1ubuntu1~22.04.2) ...\r\nSetting up bzip2 (1.0.8-5build1) ...\r\nSetting up libffi-dev:amd64 (3.4.2-4) ...\r\nSetting up python3-wheel (0.37.1-2ubuntu0.22.04.1) ...\r\nSetting up libjbig0:amd64 (2.1-3.1ubuntu0.22.04.1) ...\r\nSetting up libfakeroot:amd64 (1.28-1ubuntu1) ...\r\nSetting up libasan6:amd64 (11.4.0-1ubuntu1~22.04.2) ...\r\nSetting up fakeroot (1.28-1ubuntu1) ...\r\nupdate-alternatives: using /usr/bin/fakeroot-sysv to provide /usr/bin/fakeroot (fakeroot) in auto mode\r\nSetting up libtirpc-dev:amd64 (1.3.2-2ubuntu0.1) ...\r\nSetting up rpcsvc-proto (1.4.2-0ubuntu6) ...\r\nSetting up erlang-parsetools (1:24.2.1+dfsg-1ubuntu0.6) ...\r\nSetting up make (4.3-4.1build1) ...\r\nSetting up socat (1.7.4.1-3ubuntu4) ...\r\nSetting up libquadmath0:amd64 (12.3.0-1ubuntu1~22.04.2) ...\r\nSetting up libssl-dev:amd64 (3.0.2-0ubuntu1.20) ...\r\nSetting up libmpc3:amd64 (1.2.1-2build1) ...\r\nSetting up fonts-dejavu-core (2.37-2build1) ...\r\nSetting up python3-pip (22.0.2+dfsg-1ubuntu0.7) ...\r\nSetting up libjpeg-turbo8:amd64 (2.1.2-0ubuntu1) ...\r\nSetting up erlang-asn1 (1:24.2.1+dfsg-1ubuntu0.6) ...\r\nSetting up erlang-tftp (1:24.2.1+dfsg-1ubuntu0.6) ...\r\nSetting up libdpkg-perl (1.21.1ubuntu2.6) ...\r\nSetting up libwebp7:amd64 (1.2.2-2ubuntu0.22.04.2) ...\r\nSetting up libubsan1:amd64 (12.3.0-1ubuntu1~22.04.2) ...\r\nSetting up libsctp1:amd64 (1.0.19+dfsg-1build1) ...\r\nSetting up libnsl-dev:amd64 (1.3.0-2build2) ...\r\nSetting up libcrypt-dev:amd64 (1:4.4.27-1) ...\r\nSetting up erlang-mnesia (1:24.2.1+dfsg-1ubuntu0.6) ...\r\nSetting up libjs-jquery (3.6.0+dfsg+~3.5.13-1) ...\r\nSetting up erlang-crypto (1:24.2.1+dfsg-1ubuntu0.6) ...\r\nSetting up libisl23:amd64 (0.24-2build1) ...\r\nSetting up libc-dev-bin (2.35-0ubuntu3.11) ...\r\nSetting up libalgorithm-diff-xs-perl (0.04-6build3) ...\r\nSetting up libcc1-0:amd64 (12.3.0-1ubuntu1~22.04.2) ...\r\nSetting up liblsan0:amd64 (12.3.0-1ubuntu1~22.04.2) ...\r\nSetting up libitm1:amd64 (12.3.0-1ubuntu1~22.04.2) ...\r\nSetting up libjs-underscore (1.13.2~dfsg-2) ...\r\nSetting up libalgorithm-merge-perl (0.08-3) ...\r\nSetting up libtsan0:amd64 (11.4.0-1ubuntu1~22.04.2) ...\r\nSetting up libjpeg8:amd64 (8c-2ubuntu10) ...\r\nSetting up cpp-11 (11.4.0-1ubuntu1~22.04.2) ...\r\nSetting up python3.10-venv (3.10.12-1~22.04.11) ...\r\nSetting up erlang-runtime-tools (1:24.2.1+dfsg-1ubuntu0.6) ...\r\nSetting up fontconfig-config (2.13.1-4.2ubuntu5) ...\r\nSetting up erlang-tools (1:24.2.1+dfsg-1ubuntu0.6) ...\r\nSetting up dpkg-dev (1.21.1ubuntu2.6) ...\r\nSetting up erlang-snmp (1:24.2.1+dfsg-1ubuntu0.6) ...\r\nSetting up python3-venv (3.10.6-1~22.04.1) ...\r\nSetting up erlang-public-key (1:24.2.1+dfsg-1ubuntu0.6) ...\r\nSetting up libjs-sphinxdoc (4.3.2-1) ...\r\nSetting up libgcc-11-dev:amd64 (11.4.0-1ubuntu1~22.04.2) ...\r\nSetting up gcc-11 (11.4.0-1ubuntu1~22.04.2) ...\r\nSetting up cpp (4:11.2.0-1ubuntu1) ...\r\nSetting up libc6-dev:amd64 (2.35-0ubuntu3.11) ...\r\nSetting up libtiff5:amd64 (4.3.0-6ubuntu0.12) ...\r\nSetting up libfontconfig1:amd64 (2.13.1-4.2ubuntu5) ...\r\nSetting up erlang-ssl (1:24.2.1+dfsg-1ubuntu0.6) ...\r\nSetting up erlang-os-mon (1:24.2.1+dfsg-1ubuntu0.6) ...\r\nSetting up gcc (4:11.2.0-1ubuntu1) ...\r\nSetting up erlang-eldap (1:24.2.1+dfsg-1ubuntu0.6) ...\r\nSetting up libexpat1-dev:amd64 (2.4.7-1ubuntu0.6) ...\r\nSetting up libgd3:amd64 (2.3.0-2ubuntu2.3) ...\r\nSetting up erlang-ftp (1:24.2.1+dfsg-1ubuntu0.6) ...\r\nSetting up libstdc++-11-dev:amd64 (11.4.0-1ubuntu1~22.04.2) ...\r\nSetting up zlib1g-dev:amd64 (1:1.2.11.dfsg-2ubuntu9.2) ...\r\nSetting up libc-devtools (2.35-0ubuntu3.11) ...\r\nSetting up g++-11 (11.4.0-1ubuntu1~22.04.2) ...\r\nSetting up erlang-inets (1:24.2.1+dfsg-1ubuntu0.6) ...\r\nSetting up libpython3.10-dev:amd64 (3.10.12-1~22.04.11) ...\r\nSetting up python3.10-dev (3.10.12-1~22.04.11) ...\r\nSetting up g++ (4:11.2.0-1ubuntu1) ...\r\nupdate-alternatives: using /usr/bin/g++ to provide /usr/bin/c++ (c++) in auto mode\r\nSetting up build-essential (12.9ubuntu3) ...\r\nSetting up rabbitmq-server (3.9.27-0ubuntu0.2) ...\r\nAdding group `rabbitmq' (GID 123) ...\r\nDone.\r\nAdding system user `rabbitmq' (UID 118) ...\r\nAdding new user `rabbitmq' (UID 118) with group `rabbitmq' ...\r\nNot creating home directory `/var/lib/rabbitmq'.\r\nCreated symlink /etc/systemd/system/multi-user.target.wants/rabbitmq-server.service → /lib/systemd/system/rabbitmq-server.service.\r\nSetting up libpython3-dev:amd64 (3.10.6-1~22.04.1) ...\r\nSetting up python3-dev (3.10.6-1~22.04.1) ...\r\nProcessing triggers for libc-bin (2.35-0ubuntu3.11) ...\r\nProcessing triggers for man-db (2.10.2-1) ...\r\nProcessing triggers for install-info (6.8-4build1) ...\r\n\nPending kernel upgrade!\n\nRunning kernel version:\n  5.15.0-160-generic\n\nDiagnostics:\n  The currently running kernel version is not the expected kernel version 5.15.0-161-generic.\n\nRestarting the system to load the new kernel will not be handled automatically, so you should consider rebooting. [Return]\n\nNo services need to be restarted.\n\nNo containers need to be restarted.\n\nNo user sessions are running outdated binaries.\n\nNo VM guests are running outdated hypervisor (qemu) binaries on this host.\n", "stdout_lines": ["Reading package lists...", "Building dependency tree...", "Reading state information...", "The following additional packages will be installed:", "  bzip2 cpp cpp-11 dpkg-dev erlang-asn1 erlang-base erlang-crypto erlang-eldap", "  erlang-ftp erlang-inets erlang-mnesia erlang-os-mon erlang-parsetools", "  erlang-public-key erlang-runtime-tools erlang-snmp erlang-ssl", "  erlang-syntax-tools erlang-tftp erlang-tools erlang-xmerl fakeroot", "  fontconfig-config fonts-dejavu-core g++ g++-11 gcc gcc-11 gcc-11-base", "  javascript-common libalgorithm-diff-perl libalgorithm-diff-xs-perl", "  libalgorithm-merge-perl libasan6 libc-dev-bin libc-devtools libc6-dev", "  libcc1-0 libcrypt-dev libdeflate0 libdpkg-perl libexpat1-dev libfakeroot", "  libfile-fcntllock-perl libfontconfig1 libgcc-11-dev libgd3 libgomp1 libisl23", "  libitm1 libjbig0 libjpeg-turbo8 libjpeg8 libjs-jquery libjs-sphinxdoc", "  libjs-underscore liblsan0 libmpc3 libnsl-dev libpython3-dev", "  libpython3.10-dev libquadmath0 libsctp1 libstdc++-11-dev libtiff5", "  libtirpc-dev libtsan0 libubsan1 libwebp7 libxpm4 linux-libc-dev", "  lto-disabled-list make manpages-dev python3-pip-whl python3-setuptools-whl", "  python3-wheel python3.10-dev python3.10-venv rpcsvc-proto socat zlib1g-dev", "Suggested packages:", "  bzip2-doc cpp-doc gcc-11-locales debian-keyring erlang erlang-manpages", "  erlang-doc g++-multilib g++-11-multilib gcc-11-doc gcc-multilib autoconf", "  automake libtool flex bison gdb gcc-doc gcc-11-multilib apache2 | lighttpd", "  | httpd glibc-doc bzr libgd-tools lksctp-tools libssl-doc libstdc++-11-doc", "  make-doc supervisor-doc", "The following NEW packages will be installed:", "  build-essential bzip2 cpp cpp-11 dpkg-dev erlang-asn1 erlang-base", "  erlang-crypto erlang-eldap erlang-ftp erlang-inets erlang-mnesia", "  erlang-os-mon erlang-parsetools erlang-public-key erlang-runtime-tools", "  erlang-snmp erlang-ssl erlang-syntax-tools erlang-tftp erlang-tools", "  erlang-xmerl fakeroot fontconfig-config fonts-dejavu-core g++ g++-11 gcc", "  gcc-11 gcc-11-base javascript-common libalgorithm-diff-perl", "  libalgorithm-diff-xs-perl libalgorithm-merge-perl libasan6 libc-dev-bin", "  libc-devtools libc6-dev libcc1-0 libcrypt-dev libdeflate0 libdpkg-perl", "  libexpat1-dev libfakeroot libffi-dev libfile-fcntllock-perl libfontconfig1", "  libgcc-11-dev libgd3 libgomp1 libisl23 libitm1 libjbig0 libjpeg-turbo8", "  libjpeg8 libjs-jquery libjs-sphinxdoc libjs-underscore liblsan0 libmpc3", "  libnsl-dev libpython3-dev libpython3.10-dev libquadmath0 libsctp1 libssl-dev", "  libstdc++-11-dev libtiff5 libtirpc-dev libtsan0 libubsan1 libwebp7 libxpm4", "  linux-libc-dev lto-disabled-list make manpages-dev python3-dev python3-pip", "  python3-pip-whl python3-setuptools-whl python3-venv python3-wheel", "  python3.10-dev python3.10-venv rabbitmq-server rpcsvc-proto socat supervisor", "  zlib1g-dev", "0 upgraded, 90 newly installed, 0 to remove and 0 not upgraded.", "Need to get 112 MB of archives.", "After this operation, 313 MB of additional disk space will be used.", "Get:1 http://cl.archive.ubuntu.com/ubuntu jammy/universe amd64 supervisor all 4.2.1-1ubuntu1 [278 kB]", "Get:2 http://cl.archive.ubuntu.com/ubuntu jammy-updates/main amd64 libc-dev-bin amd64 2.35-0ubuntu3.11 [20.3 kB]", "Get:3 http://cl.archive.ubuntu.com/ubuntu jammy-updates/main amd64 linux-libc-dev amd64 5.15.0-161.171 [1307 kB]", "Get:4 http://cl.archive.ubuntu.com/ubuntu jammy/main amd64 libcrypt-dev amd64 1:4.4.27-1 [112 kB]", "Get:5 http://cl.archive.ubuntu.com/ubuntu jammy/main amd64 rpcsvc-proto amd64 1.4.2-0ubuntu6 [68.5 kB]", "Get:6 http://cl.archive.ubuntu.com/ubuntu jammy-updates/main amd64 libtirpc-dev amd64 1.3.2-2ubuntu0.1 [192 kB]", "Get:7 http://cl.archive.ubuntu.com/ubuntu jammy/main amd64 libnsl-dev amd64 1.3.0-2build2 [71.3 kB]", "Get:8 http://cl.archive.ubuntu.com/ubuntu jammy-updates/main amd64 libc6-dev amd64 2.35-0ubuntu3.11 [2100 kB]", "Get:9 http://cl.archive.ubuntu.com/ubuntu jammy-updates/main amd64 gcc-11-base amd64 11.4.0-1ubuntu1~22.04.2 [20.8 kB]", "Get:10 http://cl.archive.ubuntu.com/ubuntu jammy/main amd64 libisl23 amd64 0.24-2build1 [727 kB]", "Get:11 http://cl.archive.ubuntu.com/ubuntu jammy/main amd64 libmpc3 amd64 1.2.1-2build1 [46.9 kB]", "Get:12 http://cl.archive.ubuntu.com/ubuntu jammy-updates/main amd64 cpp-11 amd64 11.4.0-1ubuntu1~22.04.2 [10.0 MB]", "Get:13 http://cl.archive.ubuntu.com/ubuntu jammy/main amd64 cpp amd64 4:11.2.0-1ubuntu1 [27.7 kB]", "Get:14 http://cl.archive.ubuntu.com/ubuntu jammy-updates/main amd64 libcc1-0 amd64 12.3.0-1ubuntu1~22.04.2 [48.3 kB]", "Get:15 http://cl.archive.ubuntu.com/ubuntu jammy-updates/main amd64 libgomp1 amd64 12.3.0-1ubuntu1~22.04.2 [127 kB]", "Get:16 http://cl.archive.ubuntu.com/ubuntu jammy-updates/main amd64 libitm1 amd64 12.3.0-1ubuntu1~22.04.2 [30.2 kB]", "Get:17 http://cl.archive.ubuntu.com/ubuntu jammy-updates/main amd64 libasan6 amd64 11.4.0-1ubuntu1~22.04.2 [2283 kB]", "Get:18 http://cl.archive.ubuntu.com/ubuntu jammy-updates/main amd64 liblsan0 amd64 12.3.0-1ubuntu1~22.04.2 [1069 kB]", "Get:19 http://cl.archive.ubuntu.com/ubuntu jammy-updates/main amd64 libtsan0 amd64 11.4.0-1ubuntu1~22.04.2 [2262 kB]", "Get:20 http://cl.archive.ubuntu.com/ubuntu jammy-updates/main amd64 libubsan1 amd64 12.3.0-1ubuntu1~22.04.2 [976 kB]", "Get:21 http://cl.archive.ubuntu.com/ubuntu jammy-updates/main amd64 libquadmath0 amd64 12.3.0-1ubuntu1~22.04.2 [154 kB]", "Get:22 http://cl.archive.ubuntu.com/ubuntu jammy-updates/main amd64 libgcc-11-dev amd64 11.4.0-1ubuntu1~22.04.2 [2517 kB]", "Get:23 http://cl.archive.ubuntu.com/ubuntu jammy-updates/main amd64 gcc-11 amd64 11.4.0-1ubuntu1~22.04.2 [20.1 MB]", "Get:24 http://cl.archive.ubuntu.com/ubuntu jammy/main amd64 gcc amd64 4:11.2.0-1ubuntu1 [5112 B]", "Get:25 http://cl.archive.ubuntu.com/ubuntu jammy-updates/main amd64 libstdc++-11-dev amd64 11.4.0-1ubuntu1~22.04.2 [2101 kB]", "Get:26 http://cl.archive.ubuntu.com/ubuntu jammy-updates/main amd64 g++-11 amd64 11.4.0-1ubuntu1~22.04.2 [11.4 MB]", "Get:27 http://cl.archive.ubuntu.com/ubuntu jammy/main amd64 g++ amd64 4:11.2.0-1ubuntu1 [1412 B]", "Get:28 http://cl.archive.ubuntu.com/ubuntu jammy/main amd64 make amd64 4.3-4.1build1 [180 kB]", "Get:29 http://cl.archive.ubuntu.com/ubuntu jammy-updates/main amd64 libdpkg-perl all 1.21.1ubuntu2.6 [237 kB]", "Get:30 http://cl.archive.ubuntu.com/ubuntu jammy/main amd64 bzip2 amd64 1.0.8-5build1 [34.8 kB]", "Get:31 http://cl.archive.ubuntu.com/ubuntu jammy/main amd64 lto-disabled-list all 24 [12.5 kB]", "Get:32 http://cl.archive.ubuntu.com/ubuntu jammy-updates/main amd64 dpkg-dev all 1.21.1ubuntu2.6 [922 kB]", "Get:33 http://cl.archive.ubuntu.com/ubuntu jammy/main amd64 build-essential amd64 12.9ubuntu3 [4744 B]", "Get:34 http://cl.archive.ubuntu.com/ubuntu jammy-updates/main amd64 erlang-base amd64 1:24.2.1+dfsg-1ubuntu0.6 [9830 kB]", "Get:35 http://cl.archive.ubuntu.com/ubuntu jammy-updates/main amd64 erlang-asn1 amd64 1:24.2.1+dfsg-1ubuntu0.6 [911 kB]", "Get:36 http://cl.archive.ubuntu.com/ubuntu jammy-updates/main amd64 erlang-crypto amd64 1:24.2.1+dfsg-1ubuntu0.6 [157 kB]", "Get:37 http://cl.archive.ubuntu.com/ubuntu jammy-updates/main amd64 erlang-public-key amd64 1:24.2.1+dfsg-1ubuntu0.6 [784 kB]", "Get:38 http://cl.archive.ubuntu.com/ubuntu jammy-updates/main amd64 erlang-mnesia amd64 1:24.2.1+dfsg-1ubuntu0.6 [891 kB]", "Get:39 http://cl.archive.ubuntu.com/ubuntu jammy-updates/main amd64 erlang-runtime-tools amd64 1:24.2.1+dfsg-1ubuntu0.6 [227 kB]", "Get:40 http://cl.archive.ubuntu.com/ubuntu jammy-updates/main amd64 erlang-ssl amd64 1:24.2.1+dfsg-1ubuntu0.6 [1584 kB]", "Get:41 http://cl.archive.ubuntu.com/ubuntu jammy-updates/main amd64 erlang-eldap amd64 1:24.2.1+dfsg-1ubuntu0.6 [125 kB]", "Get:42 http://cl.archive.ubuntu.com/ubuntu jammy-updates/main amd64 erlang-ftp amd64 1:24.2.1+dfsg-1ubuntu0.6 [84.4 kB]", "Get:43 http://cl.archive.ubuntu.com/ubuntu jammy-updates/main amd64 erlang-tftp amd64 1:24.2.1+dfsg-1ubuntu0.6 [103 kB]", "Get:44 http://cl.archive.ubuntu.com/ubuntu jammy-updates/main amd64 erlang-inets amd64 1:24.2.1+dfsg-1ubuntu0.6 [627 kB]", "Get:45 http://cl.archive.ubuntu.com/ubuntu jammy-updates/main amd64 erlang-snmp amd64 1:24.2.1+dfsg-1ubuntu0.6 [1895 kB]", "Get:46 http://cl.archive.ubuntu.com/ubuntu jammy-updates/main amd64 erlang-os-mon amd64 1:24.2.1+dfsg-1ubuntu0.6 [91.1 kB]", "Get:47 http://cl.archive.ubuntu.com/ubuntu jammy-updates/main amd64 erlang-parsetools amd64 1:24.2.1+dfsg-1ubuntu0.6 [194 kB]", "Get:48 http://cl.archive.ubuntu.com/ubuntu jammy-updates/main amd64 erlang-syntax-tools amd64 1:24.2.1+dfsg-1ubuntu0.6 [303 kB]", "Get:49 http://cl.archive.ubuntu.com/ubuntu jammy-updates/main amd64 erlang-tools amd64 1:24.2.1+dfsg-1ubuntu0.6 [635 kB]", "Get:50 http://cl.archive.ubuntu.com/ubuntu jammy-updates/main amd64 erlang-xmerl amd64 1:24.2.1+dfsg-1ubuntu0.6 [1383 kB]", "Get:51 http://cl.archive.ubuntu.com/ubuntu jammy/main amd64 libfakeroot amd64 1.28-1ubuntu1 [31.5 kB]", "Get:52 http://cl.archive.ubuntu.com/ubuntu jammy/main amd64 fakeroot amd64 1.28-1ubuntu1 [60.4 kB]", "Get:53 http://cl.archive.ubuntu.com/ubuntu jammy/main amd64 fonts-dejavu-core all 2.37-2build1 [1041 kB]", "Get:54 http://cl.archive.ubuntu.com/ubuntu jammy/main amd64 fontconfig-config all 2.13.1-4.2ubuntu5 [29.1 kB]", "Get:55 http://cl.archive.ubuntu.com/ubuntu jammy/main amd64 javascript-common all 11+nmu1 [5936 B]", "Get:56 http://cl.archive.ubuntu.com/ubuntu jammy/main amd64 libalgorithm-diff-perl all 1.201-1 [41.8 kB]", "Get:57 http://cl.archive.ubuntu.com/ubuntu jammy/main amd64 libalgorithm-diff-xs-perl amd64 0.04-6build3 [11.9 kB]", "Get:58 http://cl.archive.ubuntu.com/ubuntu jammy/main amd64 libalgorithm-merge-perl all 0.08-3 [12.0 kB]", "Get:59 http://cl.archive.ubuntu.com/ubuntu jammy/main amd64 libfontconfig1 amd64 2.13.1-4.2ubuntu5 [131 kB]", "Get:60 http://cl.archive.ubuntu.com/ubuntu jammy/main amd64 libjpeg-turbo8 amd64 2.1.2-0ubuntu1 [134 kB]", "Get:61 http://cl.archive.ubuntu.com/ubuntu jammy/main amd64 libjpeg8 amd64 8c-2ubuntu10 [2264 B]", "Get:62 http://cl.archive.ubuntu.com/ubuntu jammy/main amd64 libdeflate0 amd64 1.10-2 [70.9 kB]", "Get:63 http://cl.archive.ubuntu.com/ubuntu jammy-updates/main amd64 libjbig0 amd64 2.1-3.1ubuntu0.22.04.1 [29.2 kB]", "Get:64 http://cl.archive.ubuntu.com/ubuntu jammy-updates/main amd64 libwebp7 amd64 1.2.2-2ubuntu0.22.04.2 [206 kB]", "Get:65 http://cl.archive.ubuntu.com/ubuntu jammy-updates/main amd64 libtiff5 amd64 4.3.0-6ubuntu0.12 [185 kB]", "Get:66 http://cl.archive.ubuntu.com/ubuntu jammy-updates/main amd64 libxpm4 amd64 1:3.5.12-1ubuntu0.22.04.2 [36.7 kB]", "Get:67 http://cl.archive.ubuntu.com/ubuntu jammy-updates/main amd64 libgd3 amd64 2.3.0-2ubuntu2.3 [129 kB]", "Get:68 http://cl.archive.ubuntu.com/ubuntu jammy-updates/main amd64 libc-devtools amd64 2.35-0ubuntu3.11 [29.0 kB]", "Get:69 http://cl.archive.ubuntu.com/ubuntu jammy-updates/main amd64 libexpat1-dev amd64 2.4.7-1ubuntu0.6 [148 kB]", "Get:70 http://cl.archive.ubuntu.com/ubuntu jammy/main amd64 libfile-fcntllock-perl amd64 0.22-3build7 [33.9 kB]", "Get:71 http://cl.archive.ubuntu.com/ubuntu jammy/main amd64 libjs-jquery all 3.6.0+dfsg+~3.5.13-1 [321 kB]", "Get:72 http://cl.archive.ubuntu.com/ubuntu jammy/main amd64 libjs-underscore all 1.13.2~dfsg-2 [118 kB]", "Get:73 http://cl.archive.ubuntu.com/ubuntu jammy/main amd64 libjs-sphinxdoc all 4.3.2-1 [139 kB]", "Get:74 http://cl.archive.ubuntu.com/ubuntu jammy-updates/main amd64 zlib1g-dev amd64 1:1.2.11.dfsg-2ubuntu9.2 [164 kB]", "Get:75 http://cl.archive.ubuntu.com/ubuntu jammy-updates/main amd64 libpython3.10-dev amd64 3.10.12-1~22.04.11 [4764 kB]", "Get:76 http://cl.archive.ubuntu.com/ubuntu jammy-updates/main amd64 libpython3-dev amd64 3.10.6-1~22.04.1 [7064 B]", "Get:77 http://cl.archive.ubuntu.com/ubuntu jammy/main amd64 libsctp1 amd64 1.0.19+dfsg-1build1 [9370 B]", "Get:78 http://cl.archive.ubuntu.com/ubuntu jammy-updates/main amd64 libssl-dev amd64 3.0.2-0ubuntu1.20 [2376 kB]", "Get:79 http://cl.archive.ubuntu.com/ubuntu jammy/main amd64 manpages-dev all 5.10-1ubuntu1 [2309 kB]", "Get:80 http://cl.archive.ubuntu.com/ubuntu jammy-updates/main amd64 python3.10-dev amd64 3.10.12-1~22.04.11 [508 kB]", "Get:81 http://cl.archive.ubuntu.com/ubuntu jammy-updates/main amd64 python3-dev amd64 3.10.6-1~22.04.1 [26.0 kB]", "Get:82 http://cl.archive.ubuntu.com/ubuntu jammy-updates/universe amd64 python3-wheel all 0.37.1-2ubuntu0.22.04.1 [32.0 kB]", "Get:83 http://cl.archive.ubuntu.com/ubuntu jammy-updates/universe amd64 python3-pip all 22.0.2+dfsg-1ubuntu0.7 [1306 kB]", "Get:84 http://cl.archive.ubuntu.com/ubuntu jammy-updates/universe amd64 python3-pip-whl all 22.0.2+dfsg-1ubuntu0.7 [1683 kB]", "Get:85 http://cl.archive.ubuntu.com/ubuntu jammy-updates/universe amd64 python3-setuptools-whl all 59.6.0-1.2ubuntu0.22.04.3 [789 kB]", "Get:86 http://cl.archive.ubuntu.com/ubuntu jammy-updates/universe amd64 python3.10-venv amd64 3.10.12-1~22.04.11 [5726 B]", "Get:87 http://cl.archive.ubuntu.com/ubuntu jammy-updates/universe amd64 python3-venv amd64 3.10.6-1~22.04.1 [1042 B]", "Get:88 http://cl.archive.ubuntu.com/ubuntu jammy/main amd64 libffi-dev amd64 3.4.2-4 [63.7 kB]", "Get:89 http://cl.archive.ubuntu.com/ubuntu jammy/main amd64 socat amd64 1.7.4.1-3ubuntu4 [349 kB]", "Get:90 http://cl.archive.ubuntu.com/ubuntu jammy-updates/main amd64 rabbitmq-server all 3.9.27-0ubuntu0.2 [15.2 MB]", "Fetched 112 MB in 2s (46.3 MB/s)", "Selecting previously unselected package supervisor.", "(Reading database ... ", "(Reading database ... 5%", "(Reading database ... 10%", "(Reading database ... 15%", "(Reading database ... 20%", "(Reading database ... 25%", "(Reading database ... 30%", "(Reading database ... 35%", "(Reading database ... 40%", "(Reading database ... 45%", "(Reading database ... 50%", "(Reading database ... 55%", "(Reading database ... 60%", "(Reading database ... 65%", "(Reading database ... 70%", "(Reading database ... 75%", "(Reading database ... 80%", "(Reading database ... 85%", "(Reading database ... 90%", "(Reading database ... 95%", "(Reading database ... 100%", "(Reading database ... 112097 files and directories currently installed.)", "Preparing to unpack .../00-supervisor_4.2.1-1ubuntu1_all.deb ...", "Unpacking supervisor (4.2.1-1ubuntu1) ...", "Selecting previously unselected package libc-dev-bin.", "Preparing to unpack .../01-libc-dev-bin_2.35-0ubuntu3.11_amd64.deb ...", "Unpacking libc-dev-bin (2.35-0ubuntu3.11) ...", "Selecting previously unselected package linux-libc-dev:amd64.", "Preparing to unpack .../02-linux-libc-dev_5.15.0-161.171_amd64.deb ...", "Unpacking linux-libc-dev:amd64 (5.15.0-161.171) ...", "Selecting previously unselected package libcrypt-dev:amd64.", "Preparing to unpack .../03-libcrypt-dev_1%3a4.4.27-1_amd64.deb ...", "Unpacking libcrypt-dev:amd64 (1:4.4.27-1) ...", "Selecting previously unselected package rpcsvc-proto.", "Preparing to unpack .../04-rpcsvc-proto_1.4.2-0ubuntu6_amd64.deb ...", "Unpacking rpcsvc-proto (1.4.2-0ubuntu6) ...", "Selecting previously unselected package libtirpc-dev:amd64.", "Preparing to unpack .../05-libtirpc-dev_1.3.2-2ubuntu0.1_amd64.deb ...", "Unpacking libtirpc-dev:amd64 (1.3.2-2ubuntu0.1) ...", "Selecting previously unselected package libnsl-dev:amd64.", "Preparing to unpack .../06-libnsl-dev_1.3.0-2build2_amd64.deb ...", "Unpacking libnsl-dev:amd64 (1.3.0-2build2) ...", "Selecting previously unselected package libc6-dev:amd64.", "Preparing to unpack .../07-libc6-dev_2.35-0ubuntu3.11_amd64.deb ...", "Unpacking libc6-dev:amd64 (2.35-0ubuntu3.11) ...", "Selecting previously unselected package gcc-11-base:amd64.", "Preparing to unpack .../08-gcc-11-base_11.4.0-1ubuntu1~22.04.2_amd64.deb ...", "Unpacking gcc-11-base:amd64 (11.4.0-1ubuntu1~22.04.2) ...", "Selecting previously unselected package libisl23:amd64.", "Preparing to unpack .../09-libisl23_0.24-2build1_amd64.deb ...", "Unpacking libisl23:amd64 (0.24-2build1) ...", "Selecting previously unselected package libmpc3:amd64.", "Preparing to unpack .../10-libmpc3_1.2.1-2build1_amd64.deb ...", "Unpacking libmpc3:amd64 (1.2.1-2build1) ...", "Selecting previously unselected package cpp-11.", "Preparing to unpack .../11-cpp-11_11.4.0-1ubuntu1~22.04.2_amd64.deb ...", "Unpacking cpp-11 (11.4.0-1ubuntu1~22.04.2) ...", "Selecting previously unselected package cpp.", "Preparing to unpack .../12-cpp_4%3a11.2.0-1ubuntu1_amd64.deb ...", "Unpacking cpp (4:11.2.0-1ubuntu1) ...", "Selecting previously unselected package libcc1-0:amd64.", "Preparing to unpack .../13-libcc1-0_12.3.0-1ubuntu1~22.04.2_amd64.deb ...", "Unpacking libcc1-0:amd64 (12.3.0-1ubuntu1~22.04.2) ...", "Selecting previously unselected package libgomp1:amd64.", "Preparing to unpack .../14-libgomp1_12.3.0-1ubuntu1~22.04.2_amd64.deb ...", "Unpacking libgomp1:amd64 (12.3.0-1ubuntu1~22.04.2) ...", "Selecting previously unselected package libitm1:amd64.", "Preparing to unpack .../15-libitm1_12.3.0-1ubuntu1~22.04.2_amd64.deb ...", "Unpacking libitm1:amd64 (12.3.0-1ubuntu1~22.04.2) ...", "Selecting previously unselected package libasan6:amd64.", "Preparing to unpack .../16-libasan6_11.4.0-1ubuntu1~22.04.2_amd64.deb ...", "Unpacking libasan6:amd64 (11.4.0-1ubuntu1~22.04.2) ...", "Selecting previously unselected package liblsan0:amd64.", "Preparing to unpack .../17-liblsan0_12.3.0-1ubuntu1~22.04.2_amd64.deb ...", "Unpacking liblsan0:amd64 (12.3.0-1ubuntu1~22.04.2) ...", "Selecting previously unselected package libtsan0:amd64.", "Preparing to unpack .../18-libtsan0_11.4.0-1ubuntu1~22.04.2_amd64.deb ...", "Unpacking libtsan0:amd64 (11.4.0-1ubuntu1~22.04.2) ...", "Selecting previously unselected package libubsan1:amd64.", "Preparing to unpack .../19-libubsan1_12.3.0-1ubuntu1~22.04.2_amd64.deb ...", "Unpacking libubsan1:amd64 (12.3.0-1ubuntu1~22.04.2) ...", "Selecting previously unselected package libquadmath0:amd64.", "Preparing to unpack .../20-libquadmath0_12.3.0-1ubuntu1~22.04.2_amd64.deb ...", "Unpacking libquadmath0:amd64 (12.3.0-1ubuntu1~22.04.2) ...", "Selecting previously unselected package libgcc-11-dev:amd64.", "Preparing to unpack .../21-libgcc-11-dev_11.4.0-1ubuntu1~22.04.2_amd64.deb ...", "Unpacking libgcc-11-dev:amd64 (11.4.0-1ubuntu1~22.04.2) ...", "Selecting previously unselected package gcc-11.", "Preparing to unpack .../22-gcc-11_11.4.0-1ubuntu1~22.04.2_amd64.deb ...", "Unpacking gcc-11 (11.4.0-1ubuntu1~22.04.2) ...", "Selecting previously unselected package gcc.", "Preparing to unpack .../23-gcc_4%3a11.2.0-1ubuntu1_amd64.deb ...", "Unpacking gcc (4:11.2.0-1ubuntu1) ...", "Selecting previously unselected package libstdc++-11-dev:amd64.", "Preparing to unpack .../24-libstdc++-11-dev_11.4.0-1ubuntu1~22.04.2_amd64.deb ...", "Unpacking libstdc++-11-dev:amd64 (11.4.0-1ubuntu1~22.04.2) ...", "Selecting previously unselected package g++-11.", "Preparing to unpack .../25-g++-11_11.4.0-1ubuntu1~22.04.2_amd64.deb ...", "Unpacking g++-11 (11.4.0-1ubuntu1~22.04.2) ...", "Selecting previously unselected package g++.", "Preparing to unpack .../26-g++_4%3a11.2.0-1ubuntu1_amd64.deb ...", "Unpacking g++ (4:11.2.0-1ubuntu1) ...", "Selecting previously unselected package make.", "Preparing to unpack .../27-make_4.3-4.1build1_amd64.deb ...", "Unpacking make (4.3-4.1build1) ...", "Selecting previously unselected package libdpkg-perl.", "Preparing to unpack .../28-libdpkg-perl_1.21.1ubuntu2.6_all.deb ...", "Unpacking libdpkg-perl (1.21.1ubuntu2.6) ...", "Selecting previously unselected package bzip2.", "Preparing to unpack .../29-bzip2_1.0.8-5build1_amd64.deb ...", "Unpacking bzip2 (1.0.8-5build1) ...", "Selecting previously unselected package lto-disabled-list.", "Preparing to unpack .../30-lto-disabled-list_24_all.deb ...", "Unpacking lto-disabled-list (24) ...", "Selecting previously unselected package dpkg-dev.", "Preparing to unpack .../31-dpkg-dev_1.21.1ubuntu2.6_all.deb ...", "Unpacking dpkg-dev (1.21.1ubuntu2.6) ...", "Selecting previously unselected package build-essential.", "Preparing to unpack .../32-build-essential_12.9ubuntu3_amd64.deb ...", "Unpacking build-essential (12.9ubuntu3) ...", "Selecting previously unselected package erlang-base.", "Preparing to unpack .../33-erlang-base_1%3a24.2.1+dfsg-1ubuntu0.6_amd64.deb ...", "Unpacking erlang-base (1:24.2.1+dfsg-1ubuntu0.6) ...", "Selecting previously unselected package erlang-asn1.", "Preparing to unpack .../34-erlang-asn1_1%3a24.2.1+dfsg-1ubuntu0.6_amd64.deb ...", "Unpacking erlang-asn1 (1:24.2.1+dfsg-1ubuntu0.6) ...", "Selecting previously unselected package erlang-crypto.", "Preparing to unpack .../35-erlang-crypto_1%3a24.2.1+dfsg-1ubuntu0.6_amd64.deb ...", "Unpacking erlang-crypto (1:24.2.1+dfsg-1ubuntu0.6) ...", "Selecting previously unselected package erlang-public-key.", "Preparing to unpack .../36-erlang-public-key_1%3a24.2.1+dfsg-1ubuntu0.6_amd64.deb ...", "Unpacking erlang-public-key (1:24.2.1+dfsg-1ubuntu0.6) ...", "Selecting previously unselected package erlang-mnesia.", "Preparing to unpack .../37-erlang-mnesia_1%3a24.2.1+dfsg-1ubuntu0.6_amd64.deb ...", "Unpacking erlang-mnesia (1:24.2.1+dfsg-1ubuntu0.6) ...", "Selecting previously unselected package erlang-runtime-tools.", "Preparing to unpack .../38-erlang-runtime-tools_1%3a24.2.1+dfsg-1ubuntu0.6_amd64.deb ...", "Unpacking erlang-runtime-tools (1:24.2.1+dfsg-1ubuntu0.6) ...", "Selecting previously unselected package erlang-ssl.", "Preparing to unpack .../39-erlang-ssl_1%3a24.2.1+dfsg-1ubuntu0.6_amd64.deb ...", "Unpacking erlang-ssl (1:24.2.1+dfsg-1ubuntu0.6) ...", "Selecting previously unselected package erlang-eldap.", "Preparing to unpack .../40-erlang-eldap_1%3a24.2.1+dfsg-1ubuntu0.6_amd64.deb ...", "Unpacking erlang-eldap (1:24.2.1+dfsg-1ubuntu0.6) ...", "Selecting previously unselected package erlang-ftp.", "Preparing to unpack .../41-erlang-ftp_1%3a24.2.1+dfsg-1ubuntu0.6_amd64.deb ...", "Unpacking erlang-ftp (1:24.2.1+dfsg-1ubuntu0.6) ...", "Selecting previously unselected package erlang-tftp.", "Preparing to unpack .../42-erlang-tftp_1%3a24.2.1+dfsg-1ubuntu0.6_amd64.deb ...", "Unpacking erlang-tftp (1:24.2.1+dfsg-1ubuntu0.6) ...", "Selecting previously unselected package erlang-inets.", "Preparing to unpack .../43-erlang-inets_1%3a24.2.1+dfsg-1ubuntu0.6_amd64.deb ...", "Unpacking erlang-inets (1:24.2.1+dfsg-1ubuntu0.6) ...", "Selecting previously unselected package erlang-snmp.", "Preparing to unpack .../44-erlang-snmp_1%3a24.2.1+dfsg-1ubuntu0.6_amd64.deb ...", "Unpacking erlang-snmp (1:24.2.1+dfsg-1ubuntu0.6) ...", "Selecting previously unselected package erlang-os-mon.", "Preparing to unpack .../45-erlang-os-mon_1%3a24.2.1+dfsg-1ubuntu0.6_amd64.deb ...", "Unpacking erlang-os-mon (1:24.2.1+dfsg-1ubuntu0.6) ...", "Selecting previously unselected package erlang-parsetools.", "Preparing to unpack .../46-erlang-parsetools_1%3a24.2.1+dfsg-1ubuntu0.6_amd64.deb ...", "Unpacking erlang-parsetools (1:24.2.1+dfsg-1ubuntu0.6) ...", "Selecting previously unselected package erlang-syntax-tools.", "Preparing to unpack .../47-erlang-syntax-tools_1%3a24.2.1+dfsg-1ubuntu0.6_amd64.deb ...", "Unpacking erlang-syntax-tools (1:24.2.1+dfsg-1ubuntu0.6) ...", "Selecting previously unselected package erlang-tools.", "Preparing to unpack .../48-erlang-tools_1%3a24.2.1+dfsg-1ubuntu0.6_amd64.deb ...", "Unpacking erlang-tools (1:24.2.1+dfsg-1ubuntu0.6) ...", "Selecting previously unselected package erlang-xmerl.", "Preparing to unpack .../49-erlang-xmerl_1%3a24.2.1+dfsg-1ubuntu0.6_amd64.deb ...", "Unpacking erlang-xmerl (1:24.2.1+dfsg-1ubuntu0.6) ...", "Selecting previously unselected package libfakeroot:amd64.", "Preparing to unpack .../50-libfakeroot_1.28-1ubuntu1_amd64.deb ...", "Unpacking libfakeroot:amd64 (1.28-1ubuntu1) ...", "Selecting previously unselected package fakeroot.", "Preparing to unpack .../51-fakeroot_1.28-1ubuntu1_amd64.deb ...", "Unpacking fakeroot (1.28-1ubuntu1) ...", "Selecting previously unselected package fonts-dejavu-core.", "Preparing to unpack .../52-fonts-dejavu-core_2.37-2build1_all.deb ...", "Unpacking fonts-dejavu-core (2.37-2build1) ...", "Selecting previously unselected package fontconfig-config.", "Preparing to unpack .../53-fontconfig-config_2.13.1-4.2ubuntu5_all.deb ...", "Unpacking fontconfig-config (2.13.1-4.2ubuntu5) ...", "Selecting previously unselected package javascript-common.", "Preparing to unpack .../54-javascript-common_11+nmu1_all.deb ...", "Unpacking javascript-common (11+nmu1) ...", "Selecting previously unselected package libalgorithm-diff-perl.", "Preparing to unpack .../55-libalgorithm-diff-perl_1.201-1_all.deb ...", "Unpacking libalgorithm-diff-perl (1.201-1) ...", "Selecting previously unselected package libalgorithm-diff-xs-perl.", "Preparing to unpack .../56-libalgorithm-diff-xs-perl_0.04-6build3_amd64.deb ...", "Unpacking libalgorithm-diff-xs-perl (0.04-6build3) ...", "Selecting previously unselected package libalgorithm-merge-perl.", "Preparing to unpack .../57-libalgorithm-merge-perl_0.08-3_all.deb ...", "Unpacking libalgorithm-merge-perl (0.08-3) ...", "Selecting previously unselected package libfontconfig1:amd64.", "Preparing to unpack .../58-libfontconfig1_2.13.1-4.2ubuntu5_amd64.deb ...", "Unpacking libfontconfig1:amd64 (2.13.1-4.2ubuntu5) ...", "Selecting previously unselected package libjpeg-turbo8:amd64.", "Preparing to unpack .../59-libjpeg-turbo8_2.1.2-0ubuntu1_amd64.deb ...", "Unpacking libjpeg-turbo8:amd64 (2.1.2-0ubuntu1) ...", "Selecting previously unselected package libjpeg8:amd64.", "Preparing to unpack .../60-libjpeg8_8c-2ubuntu10_amd64.deb ...", "Unpacking libjpeg8:amd64 (8c-2ubuntu10) ...", "Selecting previously unselected package libdeflate0:amd64.", "Preparing to unpack .../61-libdeflate0_1.10-2_amd64.deb ...", "Unpacking libdeflate0:amd64 (1.10-2) ...", "Selecting previously unselected package libjbig0:amd64.", "Preparing to unpack .../62-libjbig0_2.1-3.1ubuntu0.22.04.1_amd64.deb ...", "Unpacking libjbig0:amd64 (2.1-3.1ubuntu0.22.04.1) ...", "Selecting previously unselected package libwebp7:amd64.", "Preparing to unpack .../63-libwebp7_1.2.2-2ubuntu0.22.04.2_amd64.deb ...", "Unpacking libwebp7:amd64 (1.2.2-2ubuntu0.22.04.2) ...", "Selecting previously unselected package libtiff5:amd64.", "Preparing to unpack .../64-libtiff5_4.3.0-6ubuntu0.12_amd64.deb ...", "Unpacking libtiff5:amd64 (4.3.0-6ubuntu0.12) ...", "Selecting previously unselected package libxpm4:amd64.", "Preparing to unpack .../65-libxpm4_1%3a3.5.12-1ubuntu0.22.04.2_amd64.deb ...", "Unpacking libxpm4:amd64 (1:3.5.12-1ubuntu0.22.04.2) ...", "Selecting previously unselected package libgd3:amd64.", "Preparing to unpack .../66-libgd3_2.3.0-2ubuntu2.3_amd64.deb ...", "Unpacking libgd3:amd64 (2.3.0-2ubuntu2.3) ...", "Selecting previously unselected package libc-devtools.", "Preparing to unpack .../67-libc-devtools_2.35-0ubuntu3.11_amd64.deb ...", "Unpacking libc-devtools (2.35-0ubuntu3.11) ...", "Selecting previously unselected package libexpat1-dev:amd64.", "Preparing to unpack .../68-libexpat1-dev_2.4.7-1ubuntu0.6_amd64.deb ...", "Unpacking libexpat1-dev:amd64 (2.4.7-1ubuntu0.6) ...", "Selecting previously unselected package libfile-fcntllock-perl.", "Preparing to unpack .../69-libfile-fcntllock-perl_0.22-3build7_amd64.deb ...", "Unpacking libfile-fcntllock-perl (0.22-3build7) ...", "Selecting previously unselected package libjs-jquery.", "Preparing to unpack .../70-libjs-jquery_3.6.0+dfsg+~3.5.13-1_all.deb ...", "Unpacking libjs-jquery (3.6.0+dfsg+~3.5.13-1) ...", "Selecting previously unselected package libjs-underscore.", "Preparing to unpack .../71-libjs-underscore_1.13.2~dfsg-2_all.deb ...", "Unpacking libjs-underscore (1.13.2~dfsg-2) ...", "Selecting previously unselected package libjs-sphinxdoc.", "Preparing to unpack .../72-libjs-sphinxdoc_4.3.2-1_all.deb ...", "Unpacking libjs-sphinxdoc (4.3.2-1) ...", "Selecting previously unselected package zlib1g-dev:amd64.", "Preparing to unpack .../73-zlib1g-dev_1%3a1.2.11.dfsg-2ubuntu9.2_amd64.deb ...", "Unpacking zlib1g-dev:amd64 (1:1.2.11.dfsg-2ubuntu9.2) ...", "Selecting previously unselected package libpython3.10-dev:amd64.", "Preparing to unpack .../74-libpython3.10-dev_3.10.12-1~22.04.11_amd64.deb ...", "Unpacking libpython3.10-dev:amd64 (3.10.12-1~22.04.11) ...", "Selecting previously unselected package libpython3-dev:amd64.", "Preparing to unpack .../75-libpython3-dev_3.10.6-1~22.04.1_amd64.deb ...", "Unpacking libpython3-dev:amd64 (3.10.6-1~22.04.1) ...", "Selecting previously unselected package libsctp1:amd64.", "Preparing to unpack .../76-libsctp1_1.0.19+dfsg-1build1_amd64.deb ...", "Unpacking libsctp1:amd64 (1.0.19+dfsg-1build1) ...", "Selecting previously unselected package libssl-dev:amd64.", "Preparing to unpack .../77-libssl-dev_3.0.2-0ubuntu1.20_amd64.deb ...", "Unpacking libssl-dev:amd64 (3.0.2-0ubuntu1.20) ...", "Selecting previously unselected package manpages-dev.", "Preparing to unpack .../78-manpages-dev_5.10-1ubuntu1_all.deb ...", "Unpacking manpages-dev (5.10-1ubuntu1) ...", "Selecting previously unselected package python3.10-dev.", "Preparing to unpack .../79-python3.10-dev_3.10.12-1~22.04.11_amd64.deb ...", "Unpacking python3.10-dev (3.10.12-1~22.04.11) ...", "Selecting previously unselected package python3-dev.", "Preparing to unpack .../80-python3-dev_3.10.6-1~22.04.1_amd64.deb ...", "Unpacking python3-dev (3.10.6-1~22.04.1) ...", "Selecting previously unselected package python3-wheel.", "Preparing to unpack .../81-python3-wheel_0.37.1-2ubuntu0.22.04.1_all.deb ...", "Unpacking python3-wheel (0.37.1-2ubuntu0.22.04.1) ...", "Selecting previously unselected package python3-pip.", "Preparing to unpack .../82-python3-pip_22.0.2+dfsg-1ubuntu0.7_all.deb ...", "Unpacking python3-pip (22.0.2+dfsg-1ubuntu0.7) ...", "Selecting previously unselected package python3-pip-whl.", "Preparing to unpack .../83-python3-pip-whl_22.0.2+dfsg-1ubuntu0.7_all.deb ...", "Unpacking python3-pip-whl (22.0.2+dfsg-1ubuntu0.7) ...", "Selecting previously unselected package python3-setuptools-whl.", "Preparing to unpack .../84-python3-setuptools-whl_59.6.0-1.2ubuntu0.22.04.3_all.deb ...", "Unpacking python3-setuptools-whl (59.6.0-1.2ubuntu0.22.04.3) ...", "Selecting previously unselected package python3.10-venv.", "Preparing to unpack .../85-python3.10-venv_3.10.12-1~22.04.11_amd64.deb ...", "Unpacking python3.10-venv (3.10.12-1~22.04.11) ...", "Selecting previously unselected package python3-venv.", "Preparing to unpack .../86-python3-venv_3.10.6-1~22.04.1_amd64.deb ...", "Unpacking python3-venv (3.10.6-1~22.04.1) ...", "Selecting previously unselected package libffi-dev:amd64.", "Preparing to unpack .../87-libffi-dev_3.4.2-4_amd64.deb ...", "Unpacking libffi-dev:amd64 (3.4.2-4) ...", "Selecting previously unselected package socat.", "Preparing to unpack .../88-socat_1.7.4.1-3ubuntu4_amd64.deb ...", "Unpacking socat (1.7.4.1-3ubuntu4) ...", "Selecting previously unselected package rabbitmq-server.", "Preparing to unpack .../89-rabbitmq-server_3.9.27-0ubuntu0.2_all.deb ...", "Unpacking rabbitmq-server (3.9.27-0ubuntu0.2) ...", "Setting up javascript-common (11+nmu1) ...", "Setting up gcc-11-base:amd64 (11.4.0-1ubuntu1~22.04.2) ...", "Setting up manpages-dev (5.10-1ubuntu1) ...", "Setting up python3-setuptools-whl (59.6.0-1.2ubuntu0.22.04.3) ...", "Setting up lto-disabled-list (24) ...", "Setting up supervisor (4.2.1-1ubuntu1) ...", "Created symlink /etc/systemd/system/multi-user.target.wants/supervisor.service → /lib/systemd/system/supervisor.service.", "Setting up libxpm4:amd64 (1:3.5.12-1ubuntu0.22.04.2) ...", "Setting up erlang-base (1:24.2.1+dfsg-1ubuntu0.6) ...", "Searching for services which depend on erlang and should be started... none found.", "Setting up libfile-fcntllock-perl (0.22-3build7) ...", "Setting up python3-pip-whl (22.0.2+dfsg-1ubuntu0.7) ...", "Setting up libalgorithm-diff-perl (1.201-1) ...", "Setting up erlang-xmerl (1:24.2.1+dfsg-1ubuntu0.6) ...", "Setting up libdeflate0:amd64 (1.10-2) ...", "Setting up linux-libc-dev:amd64 (5.15.0-161.171) ...", "Setting up erlang-syntax-tools (1:24.2.1+dfsg-1ubuntu0.6) ...", "Setting up libgomp1:amd64 (12.3.0-1ubuntu1~22.04.2) ...", "Setting up bzip2 (1.0.8-5build1) ...", "Setting up libffi-dev:amd64 (3.4.2-4) ...", "Setting up python3-wheel (0.37.1-2ubuntu0.22.04.1) ...", "Setting up libjbig0:amd64 (2.1-3.1ubuntu0.22.04.1) ...", "Setting up libfakeroot:amd64 (1.28-1ubuntu1) ...", "Setting up libasan6:amd64 (11.4.0-1ubuntu1~22.04.2) ...", "Setting up fakeroot (1.28-1ubuntu1) ...", "update-alternatives: using /usr/bin/fakeroot-sysv to provide /usr/bin/fakeroot (fakeroot) in auto mode", "Setting up libtirpc-dev:amd64 (1.3.2-2ubuntu0.1) ...", "Setting up rpcsvc-proto (1.4.2-0ubuntu6) ...", "Setting up erlang-parsetools (1:24.2.1+dfsg-1ubuntu0.6) ...", "Setting up make (4.3-4.1build1) ...", "Setting up socat (1.7.4.1-3ubuntu4) ...", "Setting up libquadmath0:amd64 (12.3.0-1ubuntu1~22.04.2) ...", "Setting up libssl-dev:amd64 (3.0.2-0ubuntu1.20) ...", "Setting up libmpc3:amd64 (1.2.1-2build1) ...", "Setting up fonts-dejavu-core (2.37-2build1) ...", "Setting up python3-pip (22.0.2+dfsg-1ubuntu0.7) ...", "Setting up libjpeg-turbo8:amd64 (2.1.2-0ubuntu1) ...", "Setting up erlang-asn1 (1:24.2.1+dfsg-1ubuntu0.6) ...", "Setting up erlang-tftp (1:24.2.1+dfsg-1ubuntu0.6) ...", "Setting up libdpkg-perl (1.21.1ubuntu2.6) ...", "Setting up libwebp7:amd64 (1.2.2-2ubuntu0.22.04.2) ...", "Setting up libubsan1:amd64 (12.3.0-1ubuntu1~22.04.2) ...", "Setting up libsctp1:amd64 (1.0.19+dfsg-1build1) ...", "Setting up libnsl-dev:amd64 (1.3.0-2build2) ...", "Setting up libcrypt-dev:amd64 (1:4.4.27-1) ...", "Setting up erlang-mnesia (1:24.2.1+dfsg-1ubuntu0.6) ...", "Setting up libjs-jquery (3.6.0+dfsg+~3.5.13-1) ...", "Setting up erlang-crypto (1:24.2.1+dfsg-1ubuntu0.6) ...", "Setting up libisl23:amd64 (0.24-2build1) ...", "Setting up libc-dev-bin (2.35-0ubuntu3.11) ...", "Setting up libalgorithm-diff-xs-perl (0.04-6build3) ...", "Setting up libcc1-0:amd64 (12.3.0-1ubuntu1~22.04.2) ...", "Setting up liblsan0:amd64 (12.3.0-1ubuntu1~22.04.2) ...", "Setting up libitm1:amd64 (12.3.0-1ubuntu1~22.04.2) ...", "Setting up libjs-underscore (1.13.2~dfsg-2) ...", "Setting up libalgorithm-merge-perl (0.08-3) ...", "Setting up libtsan0:amd64 (11.4.0-1ubuntu1~22.04.2) ...", "Setting up libjpeg8:amd64 (8c-2ubuntu10) ...", "Setting up cpp-11 (11.4.0-1ubuntu1~22.04.2) ...", "Setting up python3.10-venv (3.10.12-1~22.04.11) ...", "Setting up erlang-runtime-tools (1:24.2.1+dfsg-1ubuntu0.6) ...", "Setting up fontconfig-config (2.13.1-4.2ubuntu5) ...", "Setting up erlang-tools (1:24.2.1+dfsg-1ubuntu0.6) ...", "Setting up dpkg-dev (1.21.1ubuntu2.6) ...", "Setting up erlang-snmp (1:24.2.1+dfsg-1ubuntu0.6) ...", "Setting up python3-venv (3.10.6-1~22.04.1) ...", "Setting up erlang-public-key (1:24.2.1+dfsg-1ubuntu0.6) ...", "Setting up libjs-sphinxdoc (4.3.2-1) ...", "Setting up libgcc-11-dev:amd64 (11.4.0-1ubuntu1~22.04.2) ...", "Setting up gcc-11 (11.4.0-1ubuntu1~22.04.2) ...", "Setting up cpp (4:11.2.0-1ubuntu1) ...", "Setting up libc6-dev:amd64 (2.35-0ubuntu3.11) ...", "Setting up libtiff5:amd64 (4.3.0-6ubuntu0.12) ...", "Setting up libfontconfig1:amd64 (2.13.1-4.2ubuntu5) ...", "Setting up erlang-ssl (1:24.2.1+dfsg-1ubuntu0.6) ...", "Setting up erlang-os-mon (1:24.2.1+dfsg-1ubuntu0.6) ...", "Setting up gcc (4:11.2.0-1ubuntu1) ...", "Setting up erlang-eldap (1:24.2.1+dfsg-1ubuntu0.6) ...", "Setting up libexpat1-dev:amd64 (2.4.7-1ubuntu0.6) ...", "Setting up libgd3:amd64 (2.3.0-2ubuntu2.3) ...", "Setting up erlang-ftp (1:24.2.1+dfsg-1ubuntu0.6) ...", "Setting up libstdc++-11-dev:amd64 (11.4.0-1ubuntu1~22.04.2) ...", "Setting up zlib1g-dev:amd64 (1:1.2.11.dfsg-2ubuntu9.2) ...", "Setting up libc-devtools (2.35-0ubuntu3.11) ...", "Setting up g++-11 (11.4.0-1ubuntu1~22.04.2) ...", "Setting up erlang-inets (1:24.2.1+dfsg-1ubuntu0.6) ...", "Setting up libpython3.10-dev:amd64 (3.10.12-1~22.04.11) ...", "Setting up python3.10-dev (3.10.12-1~22.04.11) ...", "Setting up g++ (4:11.2.0-1ubuntu1) ...", "update-alternatives: using /usr/bin/g++ to provide /usr/bin/c++ (c++) in auto mode", "Setting up build-essential (12.9ubuntu3) ...", "Setting up rabbitmq-server (3.9.27-0ubuntu0.2) ...", "Adding group `rabbitmq' (GID 123) ...", "Done.", "Adding system user `rabbitmq' (UID 118) ...", "Adding new user `rabbitmq' (UID 118) with group `rabbitmq' ...", "Not creating home directory `/var/lib/rabbitmq'.", "Created symlink /etc/systemd/system/multi-user.target.wants/rabbitmq-server.service → /lib/systemd/system/rabbitmq-server.service.", "Setting up libpython3-dev:amd64 (3.10.6-1~22.04.1) ...", "Setting up python3-dev (3.10.6-1~22.04.1) ...", "Processing triggers for libc-bin (2.35-0ubuntu3.11) ...", "Processing triggers for man-db (2.10.2-1) ...", "Processing triggers for install-info (6.8-4build1) ...", "", "Pending kernel upgrade!", "", "Running kernel version:", "  5.15.0-160-generic", "", "Diagnostics:", "  The currently running kernel version is not the expected kernel version 5.15.0-161-generic.", "", "Restarting the system to load the new kernel will not be handled automatically, so you should consider rebooting. [Return]", "", "No services need to be restarted.", "", "No containers need to be restarted.", "", "No user sessions are running outdated binaries.", "", "No VM guests are running outdated hypervisor (qemu) binaries on this host."]}
2025-11-11 19:40:20,458 p=15830 u=victor n=ansible | TASK [jasmin-primary : Create Jasmin group] ****************************************************************************
2025-11-11 19:40:20,946 p=15830 u=victor n=ansible | changed: [JasminNodoB] => {"changed": true, "gid": 999, "name": "jasmin", "state": "present", "system": true}
2025-11-11 19:40:20,951 p=15830 u=victor n=ansible | TASK [jasmin-primary : Create Jasmin user] *****************************************************************************
2025-11-11 19:40:21,610 p=15830 u=victor n=ansible | changed: [JasminNodoB] => {"changed": true, "comment": "", "create_home": true, "group": 999, "home": "/opt/jasmin", "name": "jasmin", "shell": "/bin/bash", "state": "present", "system": true, "uid": 998}
2025-11-11 19:40:21,614 p=15830 u=victor n=ansible | TASK [jasmin-primary : Create Jasmin directory structure] **************************************************************
2025-11-11 19:40:21,976 p=15830 u=victor n=ansible | changed: [JasminNodoB] => (item=/opt/jasmin) => {"ansible_loop_var": "item", "changed": true, "gid": 999, "group": "jasmin", "item": "/opt/jasmin", "mode": "0755", "owner": "jasmin", "path": "/opt/jasmin", "size": 4096, "state": "directory", "uid": 998}
2025-11-11 19:40:22,256 p=15830 u=victor n=ansible | changed: [JasminNodoB] => (item=/opt/jasmin/config) => {"ansible_loop_var": "item", "changed": true, "gid": 999, "group": "jasmin", "item": "/opt/jasmin/config", "mode": "0755", "owner": "jasmin", "path": "/opt/jasmin/config", "size": 4096, "state": "directory", "uid": 998}
2025-11-11 19:40:22,538 p=15830 u=victor n=ansible | changed: [JasminNodoB] => (item=/opt/jasmin/logs) => {"ansible_loop_var": "item", "changed": true, "gid": 999, "group": "jasmin", "item": "/opt/jasmin/logs", "mode": "0755", "owner": "jasmin", "path": "/opt/jasmin/logs", "size": 4096, "state": "directory", "uid": 998}
2025-11-11 19:40:22,814 p=15830 u=victor n=ansible | changed: [JasminNodoB] => (item=/opt/jasmin/store) => {"ansible_loop_var": "item", "changed": true, "gid": 999, "group": "jasmin", "item": "/opt/jasmin/store", "mode": "0755", "owner": "jasmin", "path": "/opt/jasmin/store", "size": 4096, "state": "directory", "uid": 998}
2025-11-11 19:40:23,090 p=15830 u=victor n=ansible | changed: [JasminNodoB] => (item=/var/log/jasmin) => {"ansible_loop_var": "item", "changed": true, "gid": 999, "group": "jasmin", "item": "/var/log/jasmin", "mode": "0755", "owner": "jasmin", "path": "/var/log/jasmin", "size": 4096, "state": "directory", "uid": 998}
2025-11-11 19:40:23,095 p=15830 u=victor n=ansible | TASK [jasmin-primary : Create Python virtual environment] **************************************************************
2025-11-11 19:40:27,973 p=15830 u=victor n=ansible | changed: [JasminNodoB] => {"changed": true, "cmd": ["python3", "-m", "venv", "/opt/jasmin/venv"], "delta": "0:00:04.270782", "end": "2025-11-11 19:40:25.972329", "msg": "", "rc": 0, "start": "2025-11-11 19:40:21.701547", "stderr": "", "stderr_lines": [], "stdout": "", "stdout_lines": []}
2025-11-11 19:40:27,978 p=15830 u=victor n=ansible | TASK [jasmin-primary : Change ownership of Jasmin home] ****************************************************************
2025-11-11 19:40:27,128 p=15830 u=victor n=ansible | changed: [JasminNodoB] => {"changed": true, "gid": 999, "group": "jasmin", "mode": "0755", "owner": "jasmin", "path": "/opt/jasmin", "size": 4096, "state": "directory", "uid": 998}
2025-11-11 19:40:27,132 p=15830 u=victor n=ansible | TASK [jasmin-primary : Upgrade pip, setuptools and wheel] **************************************************************
2025-11-11 19:40:33,133 p=15830 u=victor n=ansible | changed: [JasminNodoB] => {"changed": true, "cmd": ["/opt/jasmin/venv/bin/pip3", "install", "-U", "pip", "setuptools", "wheel"], "name": ["pip", "setuptools", "wheel"], "requirements": null, "state": "latest", "stderr": "", "stderr_lines": [], "stdout": "Requirement already satisfied: pip in /opt/jasmin/venv/lib/python3.10/site-packages (22.0.2)\nCollecting pip\n  Downloading pip-25.3-py3-none-any.whl (1.8 MB)\n     ━━━━━━━━━━━━━━━━━━━━━━━━━━━━━━━━━━━━━━━━ 1.8/1.8 MB 21.5 MB/s eta 0:00:00\nRequirement already satisfied: setuptools in /opt/jasmin/venv/lib/python3.10/site-packages (59.6.0)\nCollecting setuptools\n  Downloading setuptools-80.9.0-py3-none-any.whl (1.2 MB)\n     ━━━━━━━━━━━━━━━━━━━━━━━━━━━━━━━━━━━━━━━━ 1.2/1.2 MB 35.3 MB/s eta 0:00:00\nCollecting wheel\n  Downloading wheel-0.45.1-py3-none-any.whl (72 kB)\n     ━━━━━━━━━━━━━━━━━━━━━━━━━━━━━━━━━━━━━━━━ 72.5/72.5 KB 17.0 MB/s eta 0:00:00\nInstalling collected packages: wheel, setuptools, pip\n  Attempting uninstall: setuptools\n    Found existing installation: setuptools 59.6.0\n    Uninstalling setuptools-59.6.0:\n      Successfully uninstalled setuptools-59.6.0\n  Attempting uninstall: pip\n    Found existing installation: pip 22.0.2\n    Uninstalling pip-22.0.2:\n      Successfully uninstalled pip-22.0.2\nSuccessfully installed pip-25.3 setuptools-80.9.0 wheel-0.45.1\n", "stdout_lines": ["Requirement already satisfied: pip in /opt/jasmin/venv/lib/python3.10/site-packages (22.0.2)", "Collecting pip", "  Downloading pip-25.3-py3-none-any.whl (1.8 MB)", "     ━━━━━━━━━━━━━━━━━━━━━━━━━━━━━━━━━━━━━━━━ 1.8/1.8 MB 21.5 MB/s eta 0:00:00", "Requirement already satisfied: setuptools in /opt/jasmin/venv/lib/python3.10/site-packages (59.6.0)", "Collecting setuptools", "  Downloading setuptools-80.9.0-py3-none-any.whl (1.2 MB)", "     ━━━━━━━━━━━━━━━━━━━━━━━━━━━━━━━━━━━━━━━━ 1.2/1.2 MB 35.3 MB/s eta 0:00:00", "Collecting wheel", "  Downloading wheel-0.45.1-py3-none-any.whl (72 kB)", "     ━━━━━━━━━━━━━━━━━━━━━━━━━━━━━━━━━━━━━━━━ 72.5/72.5 KB 17.0 MB/s eta 0:00:00", "Installing collected packages: wheel, setuptools, pip", "  Attempting uninstall: setuptools", "    Found existing installation: setuptools 59.6.0", "    Uninstalling setuptools-59.6.0:", "      Successfully uninstalled setuptools-59.6.0", "  Attempting uninstall: pip", "    Found existing installation: pip 22.0.2", "    Uninstalling pip-22.0.2:", "      Successfully uninstalled pip-22.0.2", "Successfully installed pip-25.3 setuptools-80.9.0 wheel-0.45.1"], "version": null, "virtualenv": "/opt/jasmin/venv"}
2025-11-11 19:40:33,139 p=15830 u=victor n=ansible | TASK [jasmin-primary : Install Jasmin SMS Gateway version 0.11.1] ******************************************************
2025-11-11 19:41:00,043 p=15830 u=victor n=ansible | changed: [JasminNodoB] => {"changed": true, "cmd": ["/opt/jasmin/venv/bin/pip3", "install", "jasmin==0.11.1"], "name": ["jasmin==0.11.1"], "requirements": null, "state": "present", "stderr": "", "stderr_lines": [], "stdout": "Collecting jasmin==0.11.1\n  Downloading jasmin-0.11.1.tar.gz (1.4 MB)\n     ━━━━━━━━━━━━━━━━━━━━━━━━━━━━━━━━━━━━━━━━ 1.4/1.4 MB 3.7 MB/s  0:00:00\n  Installing build dependencies: started\n  Installing build dependencies: finished with status 'done'\n  Getting requirements to build wheel: started\n  Getting requirements to build wheel: finished with status 'done'\n  Preparing metadata (pyproject.toml): started\n  Preparing metadata (pyproject.toml): finished with status 'done'\nCollecting pyasn1~=0.5.0 (from jasmin==0.11.1)\n  Downloading pyasn1-0.5.1-py2.py3-none-any.whl.metadata (8.6 kB)\nCollecting Twisted~=23.10.0 (from jasmin==0.11.1)\n  Downloading twisted-23.10.0-py3-none-any.whl.metadata (9.5 kB)\nCollecting treq~=23.11.0 (from jasmin==0.11.1)\n  Downloading treq-23.11.0-py3-none-any.whl.metadata (3.4 kB)\nCollecting pyparsing~=3.1.1 (from jasmin==0.11.1)\n  Downloading pyparsing-3.1.4-py3-none-any.whl.metadata (5.1 kB)\nCollecting python-dateutil~=2.8.2 (from jasmin==0.11.1)\n  Downloading python_dateutil-2.8.2-py2.py3-none-any.whl.metadata (8.2 kB)\nCollecting service_identity~=23.1.0 (from jasmin==0.11.1)\n  Downloading service_identity-23.1.0-py3-none-any.whl.metadata (5.5 kB)\nCollecting lockfile~=0.12.2 (from jasmin==0.11.1)\n  Downloading lockfile-0.12.2-py2.py3-none-any.whl.metadata (2.4 kB)\nCollecting falcon~=3.1.1 (from jasmin==0.11.1)\n  Downloading falcon-3.1.3-cp310-cp310-manylinux_2_17_x86_64.manylinux2014_x86_64.whl.metadata (37 kB)\nCollecting txredisapi~=1.4.7 (from jasmin==0.11.1)\n  Downloading txredisapi-1.4.11-py3-none-any.whl.metadata (22 kB)\nCollecting tabulate~=0.8.7 (from jasmin==0.11.1)\n  Downloading tabulate-0.8.10-py3-none-any.whl.metadata (25 kB)\nCollecting txAMQP3~=0.9.4 (from jasmin==0.11.1)\n  Downloading txAMQP3-0.9.4.tar.gz (114 kB)\n  Installing build dependencies: started\n  Installing build dependencies: finished with status 'done'\n  Getting requirements to build wheel: started\n  Getting requirements to build wheel: finished with status 'done'\n  Preparing metadata (pyproject.toml): started\n  Preparing metadata (pyproject.toml): finished with status 'done'\nCollecting smpp.pdu3~=0.6 (from jasmin==0.11.1)\n  Downloading smpp.pdu3-0.6-py2.py3-none-any.whl.metadata (929 bytes)\nCollecting smpp.twisted3~=0.8 (from jasmin==0.11.1)\n  Downloading smpp.twisted3-0.8.tar.gz (22 kB)\n  Installing build dependencies: started\n  Installing build dependencies: finished with status 'done'\n  Getting requirements to build wheel: started\n  Getting requirements to build wheel: finished with status 'done'\n  Preparing metadata (pyproject.toml): started\n  Preparing metadata (pyproject.toml): finished with status 'done'\nCollecting python-messaging~=0.5.13 (from jasmin==0.11.1)\n  Downloading python-messaging-0.5.13.tar.gz (42 kB)\n  Installing build dependencies: started\n  Installing build dependencies: finished with status 'done'\n  Getting requirements to build wheel: started\n  Getting requirements to build wheel: finished with status 'done'\n  Preparing metadata (pyproject.toml): started\n  Preparing metadata (pyproject.toml): finished with status 'done'\nCollecting cryptography~=41.0.5 (from jasmin==0.11.1)\n  Downloading cryptography-41.0.7-cp37-abi3-manylinux_2_28_x86_64.whl.metadata (5.2 kB)\nCollecting pyopenssl~=23.3.0 (from jasmin==0.11.1)\n  Downloading pyOpenSSL-23.3.0-py3-none-any.whl.metadata (12 kB)\nCollecting celery~=5.3.5 (from jasmin==0.11.1)\n  Downloading celery-5.3.6-py3-none-any.whl.metadata (21 kB)\nCollecting redis~=5.0.1 (from jasmin==0.11.1)\n  Downloading redis-5.0.8-py3-none-any.whl.metadata (9.2 kB)\nCollecting requests~=2.31.0 (from jasmin==0.11.1)\n  Downloading requests-2.31.0-py3-none-any.whl.metadata (4.6 kB)\nCollecting python-mimeparse~=1.6.0 (from jasmin==0.11.1)\n  Downloading python_mimeparse-1.6.0-py2.py3-none-any.whl.metadata (2.5 kB)\nCollecting prometheus-client~=0.18.0 (from jasmin==0.11.1)\n  Downloading prometheus_client-0.18.0-py3-none-any.whl.metadata (26 kB)\nCollecting billiard<5.0,>=4.2.0 (from celery~=5.3.5->jasmin==0.11.1)\n  Downloading billiard-4.2.2-py3-none-any.whl.metadata (4.8 kB)\nCollecting click-didyoumean>=0.3.0 (from celery~=5.3.5->jasmin==0.11.1)\n  Downloading click_didyoumean-0.3.1-py3-none-any.whl.metadata (3.9 kB)\nCollecting click-plugins>=1.1.1 (from celery~=5.3.5->jasmin==0.11.1)\n  Downloading click_plugins-1.1.1.2-py2.py3-none-any.whl.metadata (6.5 kB)\nCollecting click-repl>=0.2.0 (from celery~=5.3.5->jasmin==0.11.1)\n  Downloading click_repl-0.3.0-py3-none-any.whl.metadata (3.6 kB)\nCollecting click<9.0,>=8.1.2 (from celery~=5.3.5->jasmin==0.11.1)\n  Downloading click-8.3.0-py3-none-any.whl.metadata (2.6 kB)\nCollecting kombu<6.0,>=5.3.4 (from celery~=5.3.5->jasmin==0.11.1)\n  Downloading kombu-5.6.0-py3-none-any.whl.metadata (3.5 kB)\nCollecting tzdata>=2022.7 (from celery~=5.3.5->jasmin==0.11.1)\n  Downloading tzdata-2025.2-py2.py3-none-any.whl.metadata (1.4 kB)\nCollecting vine<6.0,>=5.1.0 (from celery~=5.3.5->jasmin==0.11.1)\n  Downloading vine-5.1.0-py3-none-any.whl.metadata (2.7 kB)\nCollecting cffi>=1.12 (from cryptography~=41.0.5->jasmin==0.11.1)\n  Downloading cffi-2.0.0-cp310-cp310-manylinux2014_x86_64.manylinux_2_17_x86_64.whl.metadata (2.6 kB)\nCollecting amqp<6.0.0,>=5.1.1 (from kombu<6.0,>=5.3.4->celery~=5.3.5->jasmin==0.11.1)\n  Downloading amqp-5.3.1-py3-none-any.whl.metadata (8.9 kB)\nCollecting packaging (from kombu<6.0,>=5.3.4->celery~=5.3.5->jasmin==0.11.1)\n  Downloading packaging-25.0-py3-none-any.whl.metadata (3.3 kB)\nCollecting six>=1.5 (from python-dateutil~=2.8.2->jasmin==0.11.1)\n  Downloading six-1.17.0-py2.py3-none-any.whl.metadata (1.7 kB)\nCollecting async-timeout>=4.0.3 (from redis~=5.0.1->jasmin==0.11.1)\n  Downloading async_timeout-5.0.1-py3-none-any.whl.metadata (5.1 kB)\nCollecting charset-normalizer<4,>=2 (from requests~=2.31.0->jasmin==0.11.1)\n  Downloading charset_normalizer-3.4.4-cp310-cp310-manylinux2014_x86_64.manylinux_2_17_x86_64.manylinux_2_28_x86_64.whl.metadata (37 kB)\nCollecting idna<4,>=2.5 (from requests~=2.31.0->jasmin==0.11.1)\n  Downloading idna-3.11-py3-none-any.whl.metadata (8.4 kB)\nCollecting urllib3<3,>=1.21.1 (from requests~=2.31.0->jasmin==0.11.1)\n  Downloading urllib3-2.5.0-py3-none-any.whl.metadata (6.5 kB)\nCollecting certifi>=2017.4.17 (from requests~=2.31.0->jasmin==0.11.1)\n  Downloading certifi-2025.10.5-py3-none-any.whl.metadata (2.5 kB)\nCollecting attrs>=19.1.0 (from service_identity~=23.1.0->jasmin==0.11.1)\n  Downloading attrs-25.4.0-py3-none-any.whl.metadata (10 kB)\nCollecting pyasn1-modules (from service_identity~=23.1.0->jasmin==0.11.1)\n  Downloading pyasn1_modules-0.4.2-py3-none-any.whl.metadata (3.5 kB)\nCollecting incremental (from treq~=23.11.0->jasmin==0.11.1)\n  Downloading incremental-24.7.2-py3-none-any.whl.metadata (8.1 kB)\nCollecting hyperlink>=21.0.0 (from treq~=23.11.0->jasmin==0.11.1)\n  Downloading hyperlink-21.0.0-py2.py3-none-any.whl.metadata (1.5 kB)\nCollecting automat>=0.8.0 (from Twisted~=23.10.0->jasmin==0.11.1)\n  Downloading automat-25.4.16-py3-none-any.whl.metadata (8.4 kB)\nCollecting constantly>=15.1 (from Twisted~=23.10.0->jasmin==0.11.1)\n  Downloading constantly-23.10.4-py3-none-any.whl.metadata (1.8 kB)\nCollecting typing-extensions>=4.2.0 (from Twisted~=23.10.0->jasmin==0.11.1)\n  Downloading typing_extensions-4.15.0-py3-none-any.whl.metadata (3.3 kB)\nCollecting zope-interface>=5 (from Twisted~=23.10.0->jasmin==0.11.1)\n  Downloading zope_interface-8.1-cp310-cp310-manylinux1_x86_64.manylinux2014_x86_64.manylinux_2_17_x86_64.manylinux_2_5_x86_64.whl.metadata (45 kB)\nCollecting pycparser (from cffi>=1.12->cryptography~=41.0.5->jasmin==0.11.1)\n  Downloading pycparser-2.23-py3-none-any.whl.metadata (993 bytes)\nCollecting prompt-toolkit>=3.0.36 (from click-repl>=0.2.0->celery~=5.3.5->jasmin==0.11.1)\n  Downloading prompt_toolkit-3.0.52-py3-none-any.whl.metadata (6.4 kB)\nRequirement already satisfied: setuptools>=61.0 in /opt/jasmin/venv/lib/python3.10/site-packages (from incremental->treq~=23.11.0->jasmin==0.11.1) (80.9.0)\nCollecting tomli (from incremental->treq~=23.11.0->jasmin==0.11.1)\n  Downloading tomli-2.3.0-py3-none-any.whl.metadata (10 kB)\nCollecting wcwidth (from prompt-toolkit>=3.0.36->click-repl>=0.2.0->celery~=5.3.5->jasmin==0.11.1)\n  Downloading wcwidth-0.2.14-py2.py3-none-any.whl.metadata (15 kB)\nINFO: pip is looking at multiple versions of pyasn1-modules to determine which version is compatible with other requirements. This could take a while.\nCollecting pyasn1-modules (from service_identity~=23.1.0->jasmin==0.11.1)\n  Downloading pyasn1_modules-0.4.1-py3-none-any.whl.metadata (3.5 kB)\nDownloading celery-5.3.6-py3-none-any.whl (422 kB)\nDownloading billiard-4.2.2-py3-none-any.whl (86 kB)\nDownloading click-8.3.0-py3-none-any.whl (107 kB)\nDownloading cryptography-41.0.7-cp37-abi3-manylinux_2_28_x86_64.whl (4.4 MB)\n   ━━━━━━━━━━━━━━━━━━━━━━━━━━━━━━━━━━━━━━━━ 4.4/4.4 MB 37.4 MB/s  0:00:00\nDownloading falcon-3.1.3-cp310-cp310-manylinux_2_17_x86_64.manylinux2014_x86_64.whl (10.0 MB)\n   ━━━━━━━━━━━━━━━━━━━━━━━━━━━━━━━━━━━━━━━━ 10.0/10.0 MB 6.1 MB/s  0:00:01\nDownloading kombu-5.6.0-py3-none-any.whl (213 kB)\nDownloading vine-5.1.0-py3-none-any.whl (9.6 kB)\nDownloading amqp-5.3.1-py3-none-any.whl (50 kB)\nDownloading lockfile-0.12.2-py2.py3-none-any.whl (13 kB)\nDownloading prometheus_client-0.18.0-py3-none-any.whl (61 kB)\nDownloading pyasn1-0.5.1-py2.py3-none-any.whl (84 kB)\nDownloading pyOpenSSL-23.3.0-py3-none-any.whl (58 kB)\nDownloading pyparsing-3.1.4-py3-none-any.whl (104 kB)\nDownloading python_dateutil-2.8.2-py2.py3-none-any.whl (247 kB)\nDownloading python_mimeparse-1.6.0-py2.py3-none-any.whl (6.1 kB)\nDownloading redis-5.0.8-py3-none-any.whl (255 kB)\nDownloading requests-2.31.0-py3-none-any.whl (62 kB)\nDownloading charset_normalizer-3.4.4-cp310-cp310-manylinux2014_x86_64.manylinux_2_17_x86_64.manylinux_2_28_x86_64.whl (153 kB)\nDownloading idna-3.11-py3-none-any.whl (71 kB)\nDownloading service_identity-23.1.0-py3-none-any.whl (12 kB)\nDownloading smpp.pdu3-0.6-py2.py3-none-any.whl (31 kB)\nDownloading tabulate-0.8.10-py3-none-any.whl (29 kB)\nDownloading treq-23.11.0-py3-none-any.whl (65 kB)\nDownloading twisted-23.10.0-py3-none-any.whl (3.2 MB)\n   ━━━━━━━━━━━━━━━━━━━━━━━━━━━━━━━━━━━━━━━━ 3.2/3.2 MB 49.5 MB/s  0:00:00\nDownloading txredisapi-1.4.11-py3-none-any.whl (31 kB)\nDownloading urllib3-2.5.0-py3-none-any.whl (129 kB)\nDownloading async_timeout-5.0.1-py3-none-any.whl (6.2 kB)\nDownloading attrs-25.4.0-py3-none-any.whl (67 kB)\nDownloading automat-25.4.16-py3-none-any.whl (42 kB)\nDownloading certifi-2025.10.5-py3-none-any.whl (163 kB)\nDownloading cffi-2.0.0-cp310-cp310-manylinux2014_x86_64.manylinux_2_17_x86_64.whl (216 kB)\nDownloading click_didyoumean-0.3.1-py3-none-any.whl (3.6 kB)\nDownloading click_plugins-1.1.1.2-py2.py3-none-any.whl (11 kB)\nDownloading click_repl-0.3.0-py3-none-any.whl (10 kB)\nDownloading constantly-23.10.4-py3-none-any.whl (13 kB)\nDownloading hyperlink-21.0.0-py2.py3-none-any.whl (74 kB)\nDownloading incremental-24.7.2-py3-none-any.whl (20 kB)\nDownloading prompt_toolkit-3.0.52-py3-none-any.whl (391 kB)\nDownloading six-1.17.0-py2.py3-none-any.whl (11 kB)\nDownloading typing_extensions-4.15.0-py3-none-any.whl (44 kB)\nDownloading tzdata-2025.2-py2.py3-none-any.whl (347 kB)\nDownloading zope_interface-8.1-cp310-cp310-manylinux1_x86_64.manylinux2014_x86_64.manylinux_2_17_x86_64.manylinux_2_5_x86_64.whl (254 kB)\nDownloading packaging-25.0-py3-none-any.whl (66 kB)\nDownloading pyasn1_modules-0.4.1-py3-none-any.whl (181 kB)\nDownloading pycparser-2.23-py3-none-any.whl (118 kB)\nDownloading tomli-2.3.0-py3-none-any.whl (14 kB)\nDownloading wcwidth-0.2.14-py2.py3-none-any.whl (37 kB)\nBuilding wheels for collected packages: jasmin, python-messaging, smpp.twisted3, txAMQP3\n  Building wheel for jasmin (pyproject.toml): started\n  Building wheel for jasmin (pyproject.toml): finished with status 'done'\n  Created wheel for jasmin: filename=jasmin-0.11.1-py3-none-any.whl size=197941 sha256=f3b808ab28df1884429ffa14873b841be5d287368a73e1032533c50916ea38ff\n  Stored in directory: /root/.cache/pip/wheels/23/7b/1f/f7baeee47d7934ca0b9116a8e537e8980c12dbabe000440fcd\n  Building wheel for python-messaging (pyproject.toml): started\n  Building wheel for python-messaging (pyproject.toml): finished with status 'done'\n  Created wheel for python-messaging: filename=python_messaging-0.5.13-py3-none-any.whl size=47183 sha256=6939eb693d9b1192bddf0d6f11b9fdef39f99e0187b964eb02c0b6d1bca65ab8\n  Stored in directory: /root/.cache/pip/wheels/f7/f0/65/ac236cdf8cd25880668e96d90715a9b94d6a021fd70cc61dcf\n  Building wheel for smpp.twisted3 (pyproject.toml): started\n  Building wheel for smpp.twisted3 (pyproject.toml): finished with status 'done'\n  Created wheel for smpp.twisted3: filename=smpp_twisted3-0.8-py3-none-any.whl size=17529 sha256=25c1f28ce7a6af11b552c82f63227652183b9ad2196cc4cab77ba8d50d1b3f8e\n  Stored in directory: /root/.cache/pip/wheels/b6/d7/d8/e128278916eb86911e39a44e798d4a941f57b881bd97804c9a\n  Building wheel for txAMQP3 (pyproject.toml): started\n  Building wheel for txAMQP3 (pyproject.toml): finished with status 'done'\n  Created wheel for txAMQP3: filename=txamqp3-0.9.4-py3-none-any.whl size=112575 sha256=ae8aaef3c119cb60a8767e8f2ab3d83fca6fe82f86e8b480239c6044a6b21a13\n  Stored in directory: /root/.cache/pip/wheels/76/57/f4/519ef90a86abf4d71099a69e346a772456ed9940534a15e7d0\nSuccessfully built jasmin python-messaging smpp.twisted3 txAMQP3\nInstalling collected packages: smpp.pdu3, python-mimeparse, python-messaging, lockfile, zope-interface, wcwidth, vine, urllib3, tzdata, typing-extensions, tomli, tabulate, six, pyparsing, pycparser, pyasn1, prometheus-client, packaging, idna, falcon, constantly, click, charset-normalizer, certifi, billiard, automat, attrs, async-timeout, requests, redis, python-dateutil, pyasn1-modules, prompt-toolkit, incremental, hyperlink, click-plugins, click-didyoumean, cffi, amqp, Twisted, kombu, cryptography, click-repl, txredisapi, txAMQP3, smpp.twisted3, service_identity, pyopenssl, celery, treq, jasmin\n\nSuccessfully installed Twisted-23.10.0 amqp-5.3.1 async-timeout-5.0.1 attrs-25.4.0 automat-25.4.16 billiard-4.2.2 celery-5.3.6 certifi-2025.10.5 cffi-2.0.0 charset-normalizer-3.4.4 click-8.3.0 click-didyoumean-0.3.1 click-plugins-1.1.1.2 click-repl-0.3.0 constantly-23.10.4 cryptography-41.0.7 falcon-3.1.3 hyperlink-21.0.0 idna-3.11 incremental-24.7.2 jasmin-0.11.1 kombu-5.6.0 lockfile-0.12.2 packaging-25.0 prometheus-client-0.18.0 prompt-toolkit-3.0.52 pyasn1-0.5.1 pyasn1-modules-0.4.1 pycparser-2.23 pyopenssl-23.3.0 pyparsing-3.1.4 python-dateutil-2.8.2 python-messaging-0.5.13 python-mimeparse-1.6.0 redis-5.0.8 requests-2.31.0 service_identity-23.1.0 six-1.17.0 smpp.pdu3-0.6 smpp.twisted3-0.8 tabulate-0.8.10 tomli-2.3.0 treq-23.11.0 txAMQP3-0.9.4 txredisapi-1.4.11 typing-extensions-4.15.0 tzdata-2025.2 urllib3-2.5.0 vine-5.1.0 wcwidth-0.2.14 zope-interface-8.1\n", "stdout_lines": ["Collecting jasmin==0.11.1", "  Downloading jasmin-0.11.1.tar.gz (1.4 MB)", "     ━━━━━━━━━━━━━━━━━━━━━━━━━━━━━━━━━━━━━━━━ 1.4/1.4 MB 3.7 MB/s  0:00:00", "  Installing build dependencies: started", "  Installing build dependencies: finished with status 'done'", "  Getting requirements to build wheel: started", "  Getting requirements to build wheel: finished with status 'done'", "  Preparing metadata (pyproject.toml): started", "  Preparing metadata (pyproject.toml): finished with status 'done'", "Collecting pyasn1~=0.5.0 (from jasmin==0.11.1)", "  Downloading pyasn1-0.5.1-py2.py3-none-any.whl.metadata (8.6 kB)", "Collecting Twisted~=23.10.0 (from jasmin==0.11.1)", "  Downloading twisted-23.10.0-py3-none-any.whl.metadata (9.5 kB)", "Collecting treq~=23.11.0 (from jasmin==0.11.1)", "  Downloading treq-23.11.0-py3-none-any.whl.metadata (3.4 kB)", "Collecting pyparsing~=3.1.1 (from jasmin==0.11.1)", "  Downloading pyparsing-3.1.4-py3-none-any.whl.metadata (5.1 kB)", "Collecting python-dateutil~=2.8.2 (from jasmin==0.11.1)", "  Downloading python_dateutil-2.8.2-py2.py3-none-any.whl.metadata (8.2 kB)", "Collecting service_identity~=23.1.0 (from jasmin==0.11.1)", "  Downloading service_identity-23.1.0-py3-none-any.whl.metadata (5.5 kB)", "Collecting lockfile~=0.12.2 (from jasmin==0.11.1)", "  Downloading lockfile-0.12.2-py2.py3-none-any.whl.metadata (2.4 kB)", "Collecting falcon~=3.1.1 (from jasmin==0.11.1)", "  Downloading falcon-3.1.3-cp310-cp310-manylinux_2_17_x86_64.manylinux2014_x86_64.whl.metadata (37 kB)", "Collecting txredisapi~=1.4.7 (from jasmin==0.11.1)", "  Downloading txredisapi-1.4.11-py3-none-any.whl.metadata (22 kB)", "Collecting tabulate~=0.8.7 (from jasmin==0.11.1)", "  Downloading tabulate-0.8.10-py3-none-any.whl.metadata (25 kB)", "Collecting txAMQP3~=0.9.4 (from jasmin==0.11.1)", "  Downloading txAMQP3-0.9.4.tar.gz (114 kB)", "  Installing build dependencies: started", "  Installing build dependencies: finished with status 'done'", "  Getting requirements to build wheel: started", "  Getting requirements to build wheel: finished with status 'done'", "  Preparing metadata (pyproject.toml): started", "  Preparing metadata (pyproject.toml): finished with status 'done'", "Collecting smpp.pdu3~=0.6 (from jasmin==0.11.1)", "  Downloading smpp.pdu3-0.6-py2.py3-none-any.whl.metadata (929 bytes)", "Collecting smpp.twisted3~=0.8 (from jasmin==0.11.1)", "  Downloading smpp.twisted3-0.8.tar.gz (22 kB)", "  Installing build dependencies: started", "  Installing build dependencies: finished with status 'done'", "  Getting requirements to build wheel: started", "  Getting requirements to build wheel: finished with status 'done'", "  Preparing metadata (pyproject.toml): started", "  Preparing metadata (pyproject.toml): finished with status 'done'", "Collecting python-messaging~=0.5.13 (from jasmin==0.11.1)", "  Downloading python-messaging-0.5.13.tar.gz (42 kB)", "  Installing build dependencies: started", "  Installing build dependencies: finished with status 'done'", "  Getting requirements to build wheel: started", "  Getting requirements to build wheel: finished with status 'done'", "  Preparing metadata (pyproject.toml): started", "  Preparing metadata (pyproject.toml): finished with status 'done'", "Collecting cryptography~=41.0.5 (from jasmin==0.11.1)", "  Downloading cryptography-41.0.7-cp37-abi3-manylinux_2_28_x86_64.whl.metadata (5.2 kB)", "Collecting pyopenssl~=23.3.0 (from jasmin==0.11.1)", "  Downloading pyOpenSSL-23.3.0-py3-none-any.whl.metadata (12 kB)", "Collecting celery~=5.3.5 (from jasmin==0.11.1)", "  Downloading celery-5.3.6-py3-none-any.whl.metadata (21 kB)", "Collecting redis~=5.0.1 (from jasmin==0.11.1)", "  Downloading redis-5.0.8-py3-none-any.whl.metadata (9.2 kB)", "Collecting requests~=2.31.0 (from jasmin==0.11.1)", "  Downloading requests-2.31.0-py3-none-any.whl.metadata (4.6 kB)", "Collecting python-mimeparse~=1.6.0 (from jasmin==0.11.1)", "  Downloading python_mimeparse-1.6.0-py2.py3-none-any.whl.metadata (2.5 kB)", "Collecting prometheus-client~=0.18.0 (from jasmin==0.11.1)", "  Downloading prometheus_client-0.18.0-py3-none-any.whl.metadata (26 kB)", "Collecting billiard<5.0,>=4.2.0 (from celery~=5.3.5->jasmin==0.11.1)", "  Downloading billiard-4.2.2-py3-none-any.whl.metadata (4.8 kB)", "Collecting click-didyoumean>=0.3.0 (from celery~=5.3.5->jasmin==0.11.1)", "  Downloading click_didyoumean-0.3.1-py3-none-any.whl.metadata (3.9 kB)", "Collecting click-plugins>=1.1.1 (from celery~=5.3.5->jasmin==0.11.1)", "  Downloading click_plugins-1.1.1.2-py2.py3-none-any.whl.metadata (6.5 kB)", "Collecting click-repl>=0.2.0 (from celery~=5.3.5->jasmin==0.11.1)", "  Downloading click_repl-0.3.0-py3-none-any.whl.metadata (3.6 kB)", "Collecting click<9.0,>=8.1.2 (from celery~=5.3.5->jasmin==0.11.1)", "  Downloading click-8.3.0-py3-none-any.whl.metadata (2.6 kB)", "Collecting kombu<6.0,>=5.3.4 (from celery~=5.3.5->jasmin==0.11.1)", "  Downloading kombu-5.6.0-py3-none-any.whl.metadata (3.5 kB)", "Collecting tzdata>=2022.7 (from celery~=5.3.5->jasmin==0.11.1)", "  Downloading tzdata-2025.2-py2.py3-none-any.whl.metadata (1.4 kB)", "Collecting vine<6.0,>=5.1.0 (from celery~=5.3.5->jasmin==0.11.1)", "  Downloading vine-5.1.0-py3-none-any.whl.metadata (2.7 kB)", "Collecting cffi>=1.12 (from cryptography~=41.0.5->jasmin==0.11.1)", "  Downloading cffi-2.0.0-cp310-cp310-manylinux2014_x86_64.manylinux_2_17_x86_64.whl.metadata (2.6 kB)", "Collecting amqp<6.0.0,>=5.1.1 (from kombu<6.0,>=5.3.4->celery~=5.3.5->jasmin==0.11.1)", "  Downloading amqp-5.3.1-py3-none-any.whl.metadata (8.9 kB)", "Collecting packaging (from kombu<6.0,>=5.3.4->celery~=5.3.5->jasmin==0.11.1)", "  Downloading packaging-25.0-py3-none-any.whl.metadata (3.3 kB)", "Collecting six>=1.5 (from python-dateutil~=2.8.2->jasmin==0.11.1)", "  Downloading six-1.17.0-py2.py3-none-any.whl.metadata (1.7 kB)", "Collecting async-timeout>=4.0.3 (from redis~=5.0.1->jasmin==0.11.1)", "  Downloading async_timeout-5.0.1-py3-none-any.whl.metadata (5.1 kB)", "Collecting charset-normalizer<4,>=2 (from requests~=2.31.0->jasmin==0.11.1)", "  Downloading charset_normalizer-3.4.4-cp310-cp310-manylinux2014_x86_64.manylinux_2_17_x86_64.manylinux_2_28_x86_64.whl.metadata (37 kB)", "Collecting idna<4,>=2.5 (from requests~=2.31.0->jasmin==0.11.1)", "  Downloading idna-3.11-py3-none-any.whl.metadata (8.4 kB)", "Collecting urllib3<3,>=1.21.1 (from requests~=2.31.0->jasmin==0.11.1)", "  Downloading urllib3-2.5.0-py3-none-any.whl.metadata (6.5 kB)", "Collecting certifi>=2017.4.17 (from requests~=2.31.0->jasmin==0.11.1)", "  Downloading certifi-2025.10.5-py3-none-any.whl.metadata (2.5 kB)", "Collecting attrs>=19.1.0 (from service_identity~=23.1.0->jasmin==0.11.1)", "  Downloading attrs-25.4.0-py3-none-any.whl.metadata (10 kB)", "Collecting pyasn1-modules (from service_identity~=23.1.0->jasmin==0.11.1)", "  Downloading pyasn1_modules-0.4.2-py3-none-any.whl.metadata (3.5 kB)", "Collecting incremental (from treq~=23.11.0->jasmin==0.11.1)", "  Downloading incremental-24.7.2-py3-none-any.whl.metadata (8.1 kB)", "Collecting hyperlink>=21.0.0 (from treq~=23.11.0->jasmin==0.11.1)", "  Downloading hyperlink-21.0.0-py2.py3-none-any.whl.metadata (1.5 kB)", "Collecting automat>=0.8.0 (from Twisted~=23.10.0->jasmin==0.11.1)", "  Downloading automat-25.4.16-py3-none-any.whl.metadata (8.4 kB)", "Collecting constantly>=15.1 (from Twisted~=23.10.0->jasmin==0.11.1)", "  Downloading constantly-23.10.4-py3-none-any.whl.metadata (1.8 kB)", "Collecting typing-extensions>=4.2.0 (from Twisted~=23.10.0->jasmin==0.11.1)", "  Downloading typing_extensions-4.15.0-py3-none-any.whl.metadata (3.3 kB)", "Collecting zope-interface>=5 (from Twisted~=23.10.0->jasmin==0.11.1)", "  Downloading zope_interface-8.1-cp310-cp310-manylinux1_x86_64.manylinux2014_x86_64.manylinux_2_17_x86_64.manylinux_2_5_x86_64.whl.metadata (45 kB)", "Collecting pycparser (from cffi>=1.12->cryptography~=41.0.5->jasmin==0.11.1)", "  Downloading pycparser-2.23-py3-none-any.whl.metadata (993 bytes)", "Collecting prompt-toolkit>=3.0.36 (from click-repl>=0.2.0->celery~=5.3.5->jasmin==0.11.1)", "  Downloading prompt_toolkit-3.0.52-py3-none-any.whl.metadata (6.4 kB)", "Requirement already satisfied: setuptools>=61.0 in /opt/jasmin/venv/lib/python3.10/site-packages (from incremental->treq~=23.11.0->jasmin==0.11.1) (80.9.0)", "Collecting tomli (from incremental->treq~=23.11.0->jasmin==0.11.1)", "  Downloading tomli-2.3.0-py3-none-any.whl.metadata (10 kB)", "Collecting wcwidth (from prompt-toolkit>=3.0.36->click-repl>=0.2.0->celery~=5.3.5->jasmin==0.11.1)", "  Downloading wcwidth-0.2.14-py2.py3-none-any.whl.metadata (15 kB)", "INFO: pip is looking at multiple versions of pyasn1-modules to determine which version is compatible with other requirements. This could take a while.", "Collecting pyasn1-modules (from service_identity~=23.1.0->jasmin==0.11.1)", "  Downloading pyasn1_modules-0.4.1-py3-none-any.whl.metadata (3.5 kB)", "Downloading celery-5.3.6-py3-none-any.whl (422 kB)", "Downloading billiard-4.2.2-py3-none-any.whl (86 kB)", "Downloading click-8.3.0-py3-none-any.whl (107 kB)", "Downloading cryptography-41.0.7-cp37-abi3-manylinux_2_28_x86_64.whl (4.4 MB)", "   ━━━━━━━━━━━━━━━━━━━━━━━━━━━━━━━━━━━━━━━━ 4.4/4.4 MB 37.4 MB/s  0:00:00", "Downloading falcon-3.1.3-cp310-cp310-manylinux_2_17_x86_64.manylinux2014_x86_64.whl (10.0 MB)", "   ━━━━━━━━━━━━━━━━━━━━━━━━━━━━━━━━━━━━━━━━ 10.0/10.0 MB 6.1 MB/s  0:00:01", "Downloading kombu-5.6.0-py3-none-any.whl (213 kB)", "Downloading vine-5.1.0-py3-none-any.whl (9.6 kB)", "Downloading amqp-5.3.1-py3-none-any.whl (50 kB)", "Downloading lockfile-0.12.2-py2.py3-none-any.whl (13 kB)", "Downloading prometheus_client-0.18.0-py3-none-any.whl (61 kB)", "Downloading pyasn1-0.5.1-py2.py3-none-any.whl (84 kB)", "Downloading pyOpenSSL-23.3.0-py3-none-any.whl (58 kB)", "Downloading pyparsing-3.1.4-py3-none-any.whl (104 kB)", "Downloading python_dateutil-2.8.2-py2.py3-none-any.whl (247 kB)", "Downloading python_mimeparse-1.6.0-py2.py3-none-any.whl (6.1 kB)", "Downloading redis-5.0.8-py3-none-any.whl (255 kB)", "Downloading requests-2.31.0-py3-none-any.whl (62 kB)", "Downloading charset_normalizer-3.4.4-cp310-cp310-manylinux2014_x86_64.manylinux_2_17_x86_64.manylinux_2_28_x86_64.whl (153 kB)", "Downloading idna-3.11-py3-none-any.whl (71 kB)", "Downloading service_identity-23.1.0-py3-none-any.whl (12 kB)", "Downloading smpp.pdu3-0.6-py2.py3-none-any.whl (31 kB)", "Downloading tabulate-0.8.10-py3-none-any.whl (29 kB)", "Downloading treq-23.11.0-py3-none-any.whl (65 kB)", "Downloading twisted-23.10.0-py3-none-any.whl (3.2 MB)", "   ━━━━━━━━━━━━━━━━━━━━━━━━━━━━━━━━━━━━━━━━ 3.2/3.2 MB 49.5 MB/s  0:00:00", "Downloading txredisapi-1.4.11-py3-none-any.whl (31 kB)", "Downloading urllib3-2.5.0-py3-none-any.whl (129 kB)", "Downloading async_timeout-5.0.1-py3-none-any.whl (6.2 kB)", "Downloading attrs-25.4.0-py3-none-any.whl (67 kB)", "Downloading automat-25.4.16-py3-none-any.whl (42 kB)", "Downloading certifi-2025.10.5-py3-none-any.whl (163 kB)", "Downloading cffi-2.0.0-cp310-cp310-manylinux2014_x86_64.manylinux_2_17_x86_64.whl (216 kB)", "Downloading click_didyoumean-0.3.1-py3-none-any.whl (3.6 kB)", "Downloading click_plugins-1.1.1.2-py2.py3-none-any.whl (11 kB)", "Downloading click_repl-0.3.0-py3-none-any.whl (10 kB)", "Downloading constantly-23.10.4-py3-none-any.whl (13 kB)", "Downloading hyperlink-21.0.0-py2.py3-none-any.whl (74 kB)", "Downloading incremental-24.7.2-py3-none-any.whl (20 kB)", "Downloading prompt_toolkit-3.0.52-py3-none-any.whl (391 kB)", "Downloading six-1.17.0-py2.py3-none-any.whl (11 kB)", "Downloading typing_extensions-4.15.0-py3-none-any.whl (44 kB)", "Downloading tzdata-2025.2-py2.py3-none-any.whl (347 kB)", "Downloading zope_interface-8.1-cp310-cp310-manylinux1_x86_64.manylinux2014_x86_64.manylinux_2_17_x86_64.manylinux_2_5_x86_64.whl (254 kB)", "Downloading packaging-25.0-py3-none-any.whl (66 kB)", "Downloading pyasn1_modules-0.4.1-py3-none-any.whl (181 kB)", "Downloading pycparser-2.23-py3-none-any.whl (118 kB)", "Downloading tomli-2.3.0-py3-none-any.whl (14 kB)", "Downloading wcwidth-0.2.14-py2.py3-none-any.whl (37 kB)", "Building wheels for collected packages: jasmin, python-messaging, smpp.twisted3, txAMQP3", "  Building wheel for jasmin (pyproject.toml): started", "  Building wheel for jasmin (pyproject.toml): finished with status 'done'", "  Created wheel for jasmin: filename=jasmin-0.11.1-py3-none-any.whl size=197941 sha256=f3b808ab28df1884429ffa14873b841be5d287368a73e1032533c50916ea38ff", "  Stored in directory: /root/.cache/pip/wheels/23/7b/1f/f7baeee47d7934ca0b9116a8e537e8980c12dbabe000440fcd", "  Building wheel for python-messaging (pyproject.toml): started", "  Building wheel for python-messaging (pyproject.toml): finished with status 'done'", "  Created wheel for python-messaging: filename=python_messaging-0.5.13-py3-none-any.whl size=47183 sha256=6939eb693d9b1192bddf0d6f11b9fdef39f99e0187b964eb02c0b6d1bca65ab8", "  Stored in directory: /root/.cache/pip/wheels/f7/f0/65/ac236cdf8cd25880668e96d90715a9b94d6a021fd70cc61dcf", "  Building wheel for smpp.twisted3 (pyproject.toml): started", "  Building wheel for smpp.twisted3 (pyproject.toml): finished with status 'done'", "  Created wheel for smpp.twisted3: filename=smpp_twisted3-0.8-py3-none-any.whl size=17529 sha256=25c1f28ce7a6af11b552c82f63227652183b9ad2196cc4cab77ba8d50d1b3f8e", "  Stored in directory: /root/.cache/pip/wheels/b6/d7/d8/e128278916eb86911e39a44e798d4a941f57b881bd97804c9a", "  Building wheel for txAMQP3 (pyproject.toml): started", "  Building wheel for txAMQP3 (pyproject.toml): finished with status 'done'", "  Created wheel for txAMQP3: filename=txamqp3-0.9.4-py3-none-any.whl size=112575 sha256=ae8aaef3c119cb60a8767e8f2ab3d83fca6fe82f86e8b480239c6044a6b21a13", "  Stored in directory: /root/.cache/pip/wheels/76/57/f4/519ef90a86abf4d71099a69e346a772456ed9940534a15e7d0", "Successfully built jasmin python-messaging smpp.twisted3 txAMQP3", "Installing collected packages: smpp.pdu3, python-mimeparse, python-messaging, lockfile, zope-interface, wcwidth, vine, urllib3, tzdata, typing-extensions, tomli, tabulate, six, pyparsing, pycparser, pyasn1, prometheus-client, packaging, idna, falcon, constantly, click, charset-normalizer, certifi, billiard, automat, attrs, async-timeout, requests, redis, python-dateutil, pyasn1-modules, prompt-toolkit, incremental, hyperlink, click-plugins, click-didyoumean, cffi, amqp, Twisted, kombu, cryptography, click-repl, txredisapi, txAMQP3, smpp.twisted3, service_identity, pyopenssl, celery, treq, jasmin", "", "Successfully installed Twisted-23.10.0 amqp-5.3.1 async-timeout-5.0.1 attrs-25.4.0 automat-25.4.16 billiard-4.2.2 celery-5.3.6 certifi-2025.10.5 cffi-2.0.0 charset-normalizer-3.4.4 click-8.3.0 click-didyoumean-0.3.1 click-plugins-1.1.1.2 click-repl-0.3.0 constantly-23.10.4 cryptography-41.0.7 falcon-3.1.3 hyperlink-21.0.0 idna-3.11 incremental-24.7.2 jasmin-0.11.1 kombu-5.6.0 lockfile-0.12.2 packaging-25.0 prometheus-client-0.18.0 prompt-toolkit-3.0.52 pyasn1-0.5.1 pyasn1-modules-0.4.1 pycparser-2.23 pyopenssl-23.3.0 pyparsing-3.1.4 python-dateutil-2.8.2 python-messaging-0.5.13 python-mimeparse-1.6.0 redis-5.0.8 requests-2.31.0 service_identity-23.1.0 six-1.17.0 smpp.pdu3-0.6 smpp.twisted3-0.8 tabulate-0.8.10 tomli-2.3.0 treq-23.11.0 txAMQP3-0.9.4 txredisapi-1.4.11 typing-extensions-4.15.0 tzdata-2025.2 urllib3-2.5.0 vine-5.1.0 wcwidth-0.2.14 zope-interface-8.1"], "version": null, "virtualenv": "/opt/jasmin/venv"}
2025-11-11 19:41:00,047 p=15830 u=victor n=ansible | TASK [jasmin-primary : Install additional Python dependencies] *********************************************************
2025-11-11 19:41:01,564 p=15830 u=victor n=ansible | changed: [JasminNodoB] => {"changed": true, "cmd": ["/opt/jasmin/venv/bin/pip3", "install", "redis", "pymysql", "cryptography"], "name": ["redis", "pymysql", "cryptography"], "requirements": null, "state": "present", "stderr": "", "stderr_lines": [], "stdout": "Requirement already satisfied: redis in /opt/jasmin/venv/lib/python3.10/site-packages (5.0.8)\nCollecting pymysql\n  Downloading pymysql-1.1.2-py3-none-any.whl.metadata (4.3 kB)\nRequirement already satisfied: cryptography in /opt/jasmin/venv/lib/python3.10/site-packages (41.0.7)\nRequirement already satisfied: async-timeout>=4.0.3 in /opt/jasmin/venv/lib/python3.10/site-packages (from redis) (5.0.1)\nRequirement already satisfied: cffi>=1.12 in /opt/jasmin/venv/lib/python3.10/site-packages (from cryptography) (2.0.0)\nRequirement already satisfied: pycparser in /opt/jasmin/venv/lib/python3.10/site-packages (from cffi>=1.12->cryptography) (2.23)\nDownloading pymysql-1.1.2-py3-none-any.whl (45 kB)\nInstalling collected packages: pymysql\nSuccessfully installed pymysql-1.1.2\n", "stdout_lines": ["Requirement already satisfied: redis in /opt/jasmin/venv/lib/python3.10/site-packages (5.0.8)", "Collecting pymysql", "  Downloading pymysql-1.1.2-py3-none-any.whl.metadata (4.3 kB)", "Requirement already satisfied: cryptography in /opt/jasmin/venv/lib/python3.10/site-packages (41.0.7)", "Requirement already satisfied: async-timeout>=4.0.3 in /opt/jasmin/venv/lib/python3.10/site-packages (from redis) (5.0.1)", "Requirement already satisfied: cffi>=1.12 in /opt/jasmin/venv/lib/python3.10/site-packages (from cryptography) (2.0.0)", "Requirement already satisfied: pycparser in /opt/jasmin/venv/lib/python3.10/site-packages (from cffi>=1.12->cryptography) (2.23)", "Downloading pymysql-1.1.2-py3-none-any.whl (45 kB)", "Installing collected packages: pymysql", "Successfully installed pymysql-1.1.2"], "version": null, "virtualenv": "/opt/jasmin/venv"}
2025-11-11 19:41:01,569 p=15830 u=victor n=ansible | TASK [jasmin-primary : Deploy Jasmin configuration] ********************************************************************
2025-11-11 19:41:02,605 p=15830 u=victor n=ansible | changed: [JasminNodoB] => {"changed": true, "checksum": "b8e48c4c48baecf116ae9d5ef9ead0c755fbe8e5", "dest": "/opt/jasmin/config/jasmin.cfg", "gid": 999, "group": "jasmin", "md5sum": "56c62164021a3420ea2bca5ba778f93b", "mode": "0644", "owner": "jasmin", "size": 612, "src": "/home/develop/.ansible/tmp/ansible-tmp-1762900861.618215-15893-127155916130755/source", "state": "file", "uid": 998}
2025-11-11 19:41:02,609 p=15830 u=victor n=ansible | TASK [jasmin-primary : Deploy RabbitMQ configuration for Jasmin] *******************************************************
2025-11-11 19:41:03,381 p=15830 u=victor n=ansible | changed: [JasminNodoB] => {"changed": true, "checksum": "efccb05dfd1e2ed06bdba9ed6efbb3449b650cc3", "dest": "/etc/rabbitmq/rabbitmq.config", "gid": 123, "group": "rabbitmq", "md5sum": "48c9c96512875cdfce9b4c9ab5a69461", "mode": "0644", "owner": "rabbitmq", "size": 48, "src": "/home/develop/.ansible/tmp/ansible-tmp-1762900862.6470165-15902-266731772601886/source", "state": "file", "uid": 118}
2025-11-11 19:41:03,386 p=15830 u=victor n=ansible | TASK [jasmin-primary : Ensure RabbitMQ is started and enabled] *********************************************************
2025-11-11 19:41:04,073 p=15830 u=victor n=ansible | ok: [JasminNodoB] => {"changed": false, "enabled": true, "name": "rabbitmq-server", "state": "started", "status": {"ActiveEnterTimestamp": "Tue 2025-11-11 19:40:14 -03", "ActiveEnterTimestampMonotonic": "634913516296", "ActiveExitTimestamp": "n/a", "ActiveExitTimestampMonotonic": "0", "ActiveState": "active", "After": "epmd.socket basic.target network.target sysinit.target system.slice -.mount", "AllowIsolate": "no", "AssertResult": "yes", "AssertTimestamp": "Tue 2025-11-11 19:40:07 -03", "AssertTimestampMonotonic": "634906525205", "Before": "multi-user.target shutdown.target", "BlockIOAccounting": "no", "BlockIOWeight": "[not set]", "CPUAccounting": "yes", "CPUAffinityFromNUMA": "no", "CPUQuotaPerSecUSec": "infinity", "CPUQuotaPeriodUSec": "infinity", "CPUSchedulingPolicy": "0", "CPUSchedulingPriority": "0", "CPUSchedulingResetOnFork": "no", "CPUShares": "[not set]", "CPUUsageNSec": "7069751000", "CPUWeight": "[not set]", "CacheDirectoryMode": "0755", "CanFreeze": "yes", "CanIsolate": "no", "CanReload": "no", "CanStart": "yes", "CanStop": "yes", "CapabilityBoundingSet": "cap_chown cap_dac_override cap_dac_read_search cap_fowner cap_fsetid cap_kill cap_setgid cap_setuid cap_setpcap cap_linux_immutable cap_net_bind_service cap_net_broadcast cap_net_admin cap_net_raw cap_ipc_lock cap_ipc_owner cap_sys_module cap_sys_rawio cap_sys_chroot cap_sys_ptrace cap_sys_pacct cap_sys_admin cap_sys_boot cap_sys_nice cap_sys_resource cap_sys_time cap_sys_tty_config cap_mknod cap_lease cap_audit_write cap_audit_control cap_setfcap cap_mac_override cap_mac_admin cap_syslog cap_wake_alarm cap_block_suspend cap_audit_read cap_perfmon cap_bpf cap_checkpoint_restore", "CleanResult": "success", "CollectMode": "inactive", "ConditionResult": "yes", "ConditionTimestamp": "Tue 2025-11-11 19:40:07 -03", "ConditionTimestampMonotonic": "634906525201", "ConfigurationDirectoryMode": "0755", "Conflicts": "shutdown.target", "ControlGroup": "/system.slice/rabbitmq-server.service", "ControlPID": "0", "CoredumpFilter": "0x33", "DefaultDependencies": "yes", "DefaultMemoryLow": "0", "DefaultMemoryMin": "0", "Delegate": "no", "Description": "RabbitMQ Messaging Server", "DevicePolicy": "auto", "DynamicUser": "no", "EffectiveCPUs": "0-3", "EffectiveMemoryNodes": "0", "ExecMainCode": "0", "ExecMainExitTimestamp": "n/a", "ExecMainExitTimestampMonotonic": "0", "ExecMainPID": "40001", "ExecMainStartTimestamp": "Tue 2025-11-11 19:40:07 -03", "ExecMainStartTimestampMonotonic": "634906526663", "ExecMainStatus": "0", "ExecStart": "{ path=/usr/lib/rabbitmq/bin/rabbitmq-server ; argv[]=/usr/lib/rabbitmq/bin/rabbitmq-server ; ignore_errors=no ; start_time=[Tue 2025-11-11 19:40:07 -03] ; stop_time=[n/a] ; pid=40001 ; code=(null) ; status=0/0 }", "ExecStartEx": "{ path=/usr/lib/rabbitmq/bin/rabbitmq-server ; argv[]=/usr/lib/rabbitmq/bin/rabbitmq-server ; flags= ; start_time=[Tue 2025-11-11 19:40:07 -03] ; stop_time=[n/a] ; pid=40001 ; code=(null) ; status=0/0 }", "ExecStop": "{ path=/usr/sbin/rabbitmqctl ; argv[]=/usr/sbin/rabbitmqctl stop ; ignore_errors=no ; start_time=[n/a] ; stop_time=[n/a] ; pid=0 ; code=(null) ; status=0/0 }", "ExecStopEx": "{ path=/usr/sbin/rabbitmqctl ; argv[]=/usr/sbin/rabbitmqctl stop ; flags= ; start_time=[n/a] ; stop_time=[n/a] ; pid=0 ; code=(null) ; status=0/0 }", "FailureAction": "none", "FileDescriptorStoreMax": "0", "FinalKillSignal": "9", "FragmentPath": "/lib/systemd/system/rabbitmq-server.service", "FreezerState": "running", "GID": "123", "Group": "rabbitmq", "GuessMainPID": "yes", "IOAccounting": "no", "IOReadBytes": "18446744073709551615", "IOReadOperations": "18446744073709551615", "IOSchedulingClass": "2", "IOSchedulingPriority": "4", "IOWeight": "[not set]", "IOWriteBytes": "18446744073709551615", "IOWriteOperations": "18446744073709551615", "IPAccounting": "no", "IPEgressBytes": "[no data]", "IPEgressPackets": "[no data]", "IPIngressBytes": "[no data]", "IPIngressPackets": "[no data]", "Id": "rabbitmq-server.service", "IgnoreOnIsolate": "no", "IgnoreSIGPIPE": "yes", "InactiveEnterTimestamp": "n/a", "InactiveEnterTimestampMonotonic": "0", "InactiveExitTimestamp": "Tue 2025-11-11 19:40:07 -03", "InactiveExitTimestampMonotonic": "634906527105", "InvocationID": "99f99111d0c84d64878ace314340a318", "JobRunningTimeoutUSec": "infinity", "JobTimeoutAction": "none", "JobTimeoutUSec": "infinity", "KeyringMode": "private", "KillMode": "control-group", "KillSignal": "15", "LimitAS": "infinity", "LimitASSoft": "infinity", "LimitCORE": "infinity", "LimitCORESoft": "0", "LimitCPU": "infinity", "LimitCPUSoft": "infinity", "LimitDATA": "infinity", "LimitDATASoft": "infinity", "LimitFSIZE": "infinity", "LimitFSIZESoft": "infinity", "LimitLOCKS": "infinity", "LimitLOCKSSoft": "infinity", "LimitMEMLOCK": "65536", "LimitMEMLOCKSoft": "65536", "LimitMSGQUEUE": "819200", "LimitMSGQUEUESoft": "819200", "LimitNICE": "0", "LimitNICESoft": "0", "LimitNOFILE": "65536", "LimitNOFILESoft": "65536", "LimitNPROC": "31288", "LimitNPROCSoft": "31288", "LimitRSS": "infinity", "LimitRSSSoft": "infinity", "LimitRTPRIO": "0", "LimitRTPRIOSoft": "0", "LimitRTTIME": "infinity", "LimitRTTIMESoft": "infinity", "LimitSIGPENDING": "31288", "LimitSIGPENDINGSoft": "31288", "LimitSTACK": "infinity", "LimitSTACKSoft": "8388608", "LoadState": "loaded", "LockPersonality": "no", "LogLevelMax": "-1", "LogRateLimitBurst": "0", "LogRateLimitIntervalUSec": "0", "LogsDirectoryMode": "0755", "MainPID": "40001", "ManagedOOMMemoryPressure": "auto", "ManagedOOMMemoryPressureLimit": "0", "ManagedOOMPreference": "none", "ManagedOOMSwap": "auto", "MemoryAccounting": "yes", "MemoryAvailable": "infinity", "MemoryCurrent": "100548608", "MemoryDenyWriteExecute": "no", "MemoryHigh": "infinity", "MemoryLimit": "infinity", "MemoryLow": "0", "MemoryMax": "infinity", "MemoryMin": "0", "MemorySwapMax": "infinity", "MountAPIVFS": "no", "NFileDescriptorStore": "0", "NRestarts": "0", "NUMAPolicy": "n/a", "Names": "rabbitmq-server.service", "NeedDaemonReload": "no", "Nice": "0", "NoNewPrivileges": "no", "NonBlocking": "no", "NotifyAccess": "all", "OOMPolicy": "stop", "OOMScoreAdjust": "0", "OnFailureJobMode": "replace", "OnSuccessJobMode": "fail", "Perpetual": "no", "PrivateDevices": "no", "PrivateIPC": "no", "PrivateMounts": "no", "PrivateNetwork": "no", "PrivateTmp": "no", "PrivateUsers": "no", "ProcSubset": "all", "ProtectClock": "no", "ProtectControlGroups": "no", "ProtectHome": "no", "ProtectHostname": "no", "ProtectKernelLogs": "no", "ProtectKernelModules": "no", "ProtectKernelTunables": "no", "ProtectProc": "default", "ProtectSystem": "no", "RefuseManualStart": "no", "RefuseManualStop": "no", "ReloadResult": "success", "RemainAfterExit": "no", "RemoveIPC": "no", "Requires": "sysinit.target system.slice -.mount", "RequiresMountsFor": "/var/lib/rabbitmq", "Restart": "on-failure", "RestartKillSignal": "15", "RestartUSec": "10s", "RestrictNamespaces": "no", "RestrictRealtime": "no", "RestrictSUIDSGID": "no", "Result": "success", "RootDirectoryStartOnly": "no", "RuntimeDirectoryMode": "0755", "RuntimeDirectoryPreserve": "no", "RuntimeMaxUSec": "infinity", "SameProcessGroup": "no", "SecureBits": "0", "SendSIGHUP": "no", "SendSIGKILL": "yes", "Slice": "system.slice", "StandardError": "append", "StandardInput": "null", "StandardOutput": "append", "StartLimitAction": "none", "StartLimitBurst": "5", "StartLimitIntervalUSec": "10s", "StartupBlockIOWeight": "[not set]", "StartupCPUShares": "[not set]", "StartupCPUWeight": "[not set]", "StartupIOWeight": "[not set]", "StateChangeTimestamp": "Tue 2025-11-11 19:40:14 -03", "StateChangeTimestampMonotonic": "634913516296", "StateDirectoryMode": "0755", "StatusErrno": "0", "StopWhenUnneeded": "no", "SubState": "running", "SuccessAction": "none", "SyslogFacility": "3", "SyslogIdentifier": "rabbitmq", "SyslogLevel": "6", "SyslogLevelPrefix": "yes", "SyslogPriority": "30", "SystemCallErrorNumber": "2147483646", "TTYReset": "no", "TTYVHangup": "no", "TTYVTDisallocate": "no", "TasksAccounting": "yes", "TasksCurrent": "28", "TasksMax": "9386", "TimeoutAbortUSec": "1min 30s", "TimeoutCleanUSec": "infinity", "TimeoutStartFailureMode": "terminate", "TimeoutStartUSec": "10min", "TimeoutStopFailureMode": "terminate", "TimeoutStopUSec": "1min 30s", "TimerSlackNSec": "50000", "Transient": "no", "Type": "notify", "UID": "118", "UMask": "0027", "UnitFilePreset": "enabled", "UnitFileState": "enabled", "User": "rabbitmq", "UtmpMode": "init", "WantedBy": "multi-user.target", "Wants": "epmd.socket network.target", "WatchdogSignal": "6", "WatchdogTimestamp": "n/a", "WatchdogTimestampMonotonic": "0", "WatchdogUSec": "0", "WorkingDirectory": "/var/lib/rabbitmq"}}
2025-11-11 19:41:04,078 p=15830 u=victor n=ansible | TASK [jasmin-primary : Wait for RabbitMQ to start] *********************************************************************
2025-11-11 19:41:07,623 p=15830 u=victor n=ansible | ok: [JasminNodoB] => {"changed": false, "elapsed": 3, "match_groupdict": {}, "match_groups": [], "path": null, "port": 5672, "search_regex": null, "state": "started"}
2025-11-11 19:41:07,628 p=15830 u=victor n=ansible | TASK [jasmin-primary : Create RabbitMQ user for Jasmin] ****************************************************************
2025-11-11 19:41:08,592 p=15830 u=victor n=ansible | changed: [JasminNodoB] => {"changed": true, "cmd": ["rabbitmqctl", "add_user", "jasmin", "jasmin"], "delta": "0:00:00.642010", "end": "2025-11-11 19:41:07.863518", "failed_when_result": false, "msg": "", "rc": 0, "start": "2025-11-11 19:41:07.221508", "stderr": "", "stderr_lines": [], "stdout": "Adding user \"jasmin\" ...\nDone. Don't forget to grant the user permissions to some virtual hosts! See 'rabbitmqctl help set_permissions' to learn more.", "stdout_lines": ["Adding user \"jasmin\" ...", "Done. Don't forget to grant the user permissions to some virtual hosts! See 'rabbitmqctl help set_permissions' to learn more."]}
2025-11-11 19:41:08,596 p=15830 u=victor n=ansible | TASK [jasmin-primary : Set RabbitMQ permissions for Jasmin user] *******************************************************
2025-11-11 19:41:09,564 p=15830 u=victor n=ansible | changed: [JasminNodoB] => {"changed": true, "cmd": ["rabbitmqctl", "set_permissions", "-p", "/", "jasmin", ".*", ".*", ".*"], "delta": "0:00:00.648830", "end": "2025-11-11 19:41:08.783463", "msg": "", "rc": 0, "start": "2025-11-11 19:41:08.134633", "stderr": "", "stderr_lines": [], "stdout": "Setting permissions for user \"jasmin\" in vhost \"/\" ...", "stdout_lines": ["Setting permissions for user \"jasmin\" in vhost \"/\" ..."]}
2025-11-11 19:41:09,568 p=15830 u=victor n=ansible | TASK [jasmin-primary : Deploy Supervisor configuration for Jasmin services] ********************************************
2025-11-11 19:41:10,342 p=15830 u=victor n=ansible | changed: [JasminNodoB] => {"changed": true, "checksum": "e1989bd66b78db2518b64078fb62ea445a8459e3", "dest": "/etc/supervisor/conf.d/jasmin.conf", "gid": 0, "group": "root", "md5sum": "d86709c603abbe1c5b0364c496ec756c", "mode": "0644", "owner": "root", "size": 988, "src": "/home/develop/.ansible/tmp/ansible-tmp-1762900869.6108828-15921-116647925557167/source", "state": "file", "uid": 0}
2025-11-11 19:41:10,346 p=15830 u=victor n=ansible | TASK [jasmin-primary : Ensure Supervisor is started and enabled] *******************************************************
2025-11-11 19:41:10,836 p=15830 u=victor n=ansible | ok: [JasminNodoB] => {"changed": false, "enabled": true, "name": "supervisor", "state": "started", "status": {"ActiveEnterTimestamp": "Tue 2025-11-11 19:40:01 -03", "ActiveEnterTimestampMonotonic": "634899857913", "ActiveExitTimestamp": "n/a", "ActiveExitTimestampMonotonic": "0", "ActiveState": "active", "After": "systemd-journald.socket basic.target system.slice network.target sysinit.target", "AllowIsolate": "no", "AssertResult": "yes", "AssertTimestamp": "Tue 2025-11-11 19:40:01 -03", "AssertTimestampMonotonic": "634899855850", "Before": "multi-user.target shutdown.target", "BlockIOAccounting": "no", "BlockIOWeight": "[not set]", "CPUAccounting": "yes", "CPUAffinityFromNUMA": "no", "CPUQuotaPerSecUSec": "infinity", "CPUQuotaPeriodUSec": "infinity", "CPUSchedulingPolicy": "0", "CPUSchedulingPriority": "0", "CPUSchedulingResetOnFork": "no", "CPUShares": "[not set]", "CPUUsageNSec": "292496000", "CPUWeight": "[not set]", "CacheDirectoryMode": "0755", "CanFreeze": "yes", "CanIsolate": "no", "CanReload": "yes", "CanStart": "yes", "CanStop": "yes", "CapabilityBoundingSet": "cap_chown cap_dac_override cap_dac_read_search cap_fowner cap_fsetid cap_kill cap_setgid cap_setuid cap_setpcap cap_linux_immutable cap_net_bind_service cap_net_broadcast cap_net_admin cap_net_raw cap_ipc_lock cap_ipc_owner cap_sys_module cap_sys_rawio cap_sys_chroot cap_sys_ptrace cap_sys_pacct cap_sys_admin cap_sys_boot cap_sys_nice cap_sys_resource cap_sys_time cap_sys_tty_config cap_mknod cap_lease cap_audit_write cap_audit_control cap_setfcap cap_mac_override cap_mac_admin cap_syslog cap_wake_alarm cap_block_suspend cap_audit_read cap_perfmon cap_bpf cap_checkpoint_restore", "CleanResult": "success", "CollectMode": "inactive", "ConditionResult": "yes", "ConditionTimestamp": "Tue 2025-11-11 19:40:01 -03", "ConditionTimestampMonotonic": "634899855847", "ConfigurationDirectoryMode": "0755", "Conflicts": "shutdown.target", "ControlGroup": "/system.slice/supervisor.service", "ControlPID": "0", "CoredumpFilter": "0x33", "DefaultDependencies": "yes", "DefaultMemoryLow": "0", "DefaultMemoryMin": "0", "Delegate": "no", "Description": "Supervisor process control system for UNIX", "DevicePolicy": "auto", "Documentation": "http://supervisord.org", "DynamicUser": "no", "EffectiveCPUs": "0-3", "EffectiveMemoryNodes": "0", "ExecMainCode": "0", "ExecMainExitTimestamp": "n/a", "ExecMainExitTimestampMonotonic": "0", "ExecMainPID": "39774", "ExecMainStartTimestamp": "Tue 2025-11-11 19:40:01 -03", "ExecMainStartTimestampMonotonic": "634899857435", "ExecMainStatus": "0", "ExecReload": "{ path=/usr/bin/supervisorctl ; argv[]=/usr/bin/supervisorctl -c /etc/supervisor/supervisord.conf $OPTIONS reload ; ignore_errors=no ; start_time=[n/a] ; stop_time=[n/a] ; pid=0 ; code=(null) ; status=0/0 }", "ExecReloadEx": "{ path=/usr/bin/supervisorctl ; argv[]=/usr/bin/supervisorctl -c /etc/supervisor/supervisord.conf $OPTIONS reload ; flags= ; start_time=[n/a] ; stop_time=[n/a] ; pid=0 ; code=(null) ; status=0/0 }", "ExecStart": "{ path=/usr/bin/supervisord ; argv[]=/usr/bin/supervisord -n -c /etc/supervisor/supervisord.conf ; ignore_errors=no ; start_time=[n/a] ; stop_time=[n/a] ; pid=0 ; code=(null) ; status=0/0 }", "ExecStartEx": "{ path=/usr/bin/supervisord ; argv[]=/usr/bin/supervisord -n -c /etc/supervisor/supervisord.conf ; flags= ; start_time=[n/a] ; stop_time=[n/a] ; pid=0 ; code=(null) ; status=0/0 }", "ExecStop": "{ path=/usr/bin/supervisorctl ; argv[]=/usr/bin/supervisorctl $OPTIONS shutdown ; ignore_errors=no ; start_time=[n/a] ; stop_time=[n/a] ; pid=0 ; code=(null) ; status=0/0 }", "ExecStopEx": "{ path=/usr/bin/supervisorctl ; argv[]=/usr/bin/supervisorctl $OPTIONS shutdown ; flags= ; start_time=[n/a] ; stop_time=[n/a] ; pid=0 ; code=(null) ; status=0/0 }", "FailureAction": "none", "FileDescriptorStoreMax": "0", "FinalKillSignal": "9", "FragmentPath": "/lib/systemd/system/supervisor.service", "FreezerState": "running", "GID": "[not set]", "GuessMainPID": "yes", "IOAccounting": "no", "IOReadBytes": "18446744073709551615", "IOReadOperations": "18446744073709551615", "IOSchedulingClass": "2", "IOSchedulingPriority": "4", "IOWeight": "[not set]", "IOWriteBytes": "18446744073709551615", "IOWriteOperations": "18446744073709551615", "IPAccounting": "no", "IPEgressBytes": "[no data]", "IPEgressPackets": "[no data]", "IPIngressBytes": "[no data]", "IPIngressPackets": "[no data]", "Id": "supervisor.service", "IgnoreOnIsolate": "no", "IgnoreSIGPIPE": "yes", "InactiveEnterTimestamp": "n/a", "InactiveEnterTimestampMonotonic": "0", "InactiveExitTimestamp": "Tue 2025-11-11 19:40:01 -03", "InactiveExitTimestampMonotonic": "634899857913", "InvocationID": "76fc65d894a144e980c464d30fdf5456", "JobRunningTimeoutUSec": "infinity", "JobTimeoutAction": "none", "JobTimeoutUSec": "infinity", "KeyringMode": "private", "KillMode": "process", "KillSignal": "15", "LimitAS": "infinity", "LimitASSoft": "infinity", "LimitCORE": "infinity", "LimitCORESoft": "0", "LimitCPU": "infinity", "LimitCPUSoft": "infinity", "LimitDATA": "infinity", "LimitDATASoft": "infinity", "LimitFSIZE": "infinity", "LimitFSIZESoft": "infinity", "LimitLOCKS": "infinity", "LimitLOCKSSoft": "infinity", "LimitMEMLOCK": "65536", "LimitMEMLOCKSoft": "65536", "LimitMSGQUEUE": "819200", "LimitMSGQUEUESoft": "819200", "LimitNICE": "0", "LimitNICESoft": "0", "LimitNOFILE": "524288", "LimitNOFILESoft": "1024", "LimitNPROC": "31288", "LimitNPROCSoft": "31288", "LimitRSS": "infinity", "LimitRSSSoft": "infinity", "LimitRTPRIO": "0", "LimitRTPRIOSoft": "0", "LimitRTTIME": "infinity", "LimitRTTIMESoft": "infinity", "LimitSIGPENDING": "31288", "LimitSIGPENDINGSoft": "31288", "LimitSTACK": "infinity", "LimitSTACKSoft": "8388608", "LoadState": "loaded", "LockPersonality": "no", "LogLevelMax": "-1", "LogRateLimitBurst": "0", "LogRateLimitIntervalUSec": "0", "LogsDirectoryMode": "0755", "MainPID": "39774", "ManagedOOMMemoryPressure": "auto", "ManagedOOMMemoryPressureLimit": "0", "ManagedOOMPreference": "none", "ManagedOOMSwap": "auto", "MemoryAccounting": "yes", "MemoryAvailable": "infinity", "MemoryCurrent": "20176896", "MemoryDenyWriteExecute": "no", "MemoryHigh": "infinity", "MemoryLimit": "infinity", "MemoryLow": "0", "MemoryMax": "infinity", "MemoryMin": "0", "MemorySwapMax": "infinity", "MountAPIVFS": "no", "NFileDescriptorStore": "0", "NRestarts": "0", "NUMAPolicy": "n/a", "Names": "supervisor.service", "NeedDaemonReload": "no", "Nice": "0", "NoNewPrivileges": "no", "NonBlocking": "no", "NotifyAccess": "none", "OOMPolicy": "stop", "OOMScoreAdjust": "0", "OnFailureJobMode": "replace", "OnSuccessJobMode": "fail", "Perpetual": "no", "PrivateDevices": "no", "PrivateIPC": "no", "PrivateMounts": "no", "PrivateNetwork": "no", "PrivateTmp": "no", "PrivateUsers": "no", "ProcSubset": "all", "ProtectClock": "no", "ProtectControlGroups": "no", "ProtectHome": "no", "ProtectHostname": "no", "ProtectKernelLogs": "no", "ProtectKernelModules": "no", "ProtectKernelTunables": "no", "ProtectProc": "default", "ProtectSystem": "no", "RefuseManualStart": "no", "RefuseManualStop": "no", "ReloadResult": "success", "RemainAfterExit": "no", "RemoveIPC": "no", "Requires": "system.slice sysinit.target", "Restart": "on-failure", "RestartKillSignal": "15", "RestartUSec": "50s", "RestrictNamespaces": "no", "RestrictRealtime": "no", "RestrictSUIDSGID": "no", "Result": "success", "RootDirectoryStartOnly": "no", "RuntimeDirectoryMode": "0755", "RuntimeDirectoryPreserve": "no", "RuntimeMaxUSec": "infinity", "SameProcessGroup": "no", "SecureBits": "0", "SendSIGHUP": "no", "SendSIGKILL": "yes", "Slice": "system.slice", "StandardError": "inherit", "StandardInput": "null", "StandardOutput": "journal", "StartLimitAction": "none", "StartLimitBurst": "5", "StartLimitIntervalUSec": "10s", "StartupBlockIOWeight": "[not set]", "StartupCPUShares": "[not set]", "StartupCPUWeight": "[not set]", "StartupIOWeight": "[not set]", "StateChangeTimestamp": "Tue 2025-11-11 19:40:01 -03", "StateChangeTimestampMonotonic": "634899857913", "StateDirectoryMode": "0755", "StatusErrno": "0", "StopWhenUnneeded": "no", "SubState": "running", "SuccessAction": "none", "SyslogFacility": "3", "SyslogLevel": "6", "SyslogLevelPrefix": "yes", "SyslogPriority": "30", "SystemCallErrorNumber": "2147483646", "TTYReset": "no", "TTYVHangup": "no", "TTYVTDisallocate": "no", "TasksAccounting": "yes", "TasksCurrent": "1", "TasksMax": "9386", "TimeoutAbortUSec": "1min 30s", "TimeoutCleanUSec": "infinity", "TimeoutStartFailureMode": "terminate", "TimeoutStartUSec": "1min 30s", "TimeoutStopFailureMode": "terminate", "TimeoutStopUSec": "1min 30s", "TimerSlackNSec": "50000", "Transient": "no", "Type": "simple", "UID": "[not set]", "UMask": "0022", "UnitFilePreset": "enabled", "UnitFileState": "enabled", "UtmpMode": "init", "WantedBy": "multi-user.target", "WatchdogSignal": "6", "WatchdogTimestamp": "n/a", "WatchdogTimestampMonotonic": "0", "WatchdogUSec": "0"}}
2025-11-11 19:41:10,841 p=15830 u=victor n=ansible | TASK [jasmin-primary : Reload Supervisor to pick up new config] ********************************************************
2025-11-11 19:41:11,518 p=15830 u=victor n=ansible | ok: [JasminNodoB] => {"changed": false, "cmd": ["supervisorctl", "reread"], "delta": "0:00:00.345672", "end": "2025-11-11 19:41:10.614947", "msg": "", "rc": 0, "start": "2025-11-11 19:41:10.269275", "stderr": "", "stderr_lines": [], "stdout": "jasmin: available", "stdout_lines": ["jasmin: available"]}
2025-11-11 19:41:11,522 p=15830 u=victor n=ansible | TASK [jasmin-primary : Update Supervisor] ******************************************************************************
2025-11-11 19:41:12,121 p=15830 u=victor n=ansible | ok: [JasminNodoB] => {"changed": false, "cmd": ["supervisorctl", "update"], "delta": "0:00:00.281897", "end": "2025-11-11 19:41:11.163313", "msg": "", "rc": 0, "start": "2025-11-11 19:41:10.881416", "stderr": "", "stderr_lines": [], "stdout": "jasmin: added process group", "stdout_lines": ["jasmin: added process group"]}
2025-11-11 19:41:12,125 p=15830 u=victor n=ansible | TASK [jasmin-primary : Start Jasmin services] **************************************************************************
2025-11-11 19:41:12,730 p=15830 u=victor n=ansible | ok: [JasminNodoB] => {"changed": false, "cmd": ["supervisorctl", "start", "jasmin:*"], "delta": "0:00:00.294174", "end": "2025-11-11 19:41:11.755294", "msg": "", "rc": 0, "start": "2025-11-11 19:41:11.461120", "stderr": "", "stderr_lines": [], "stdout": "", "stdout_lines": []}
2025-11-11 19:41:12,734 p=15830 u=victor n=ansible | TASK [jasmin-primary : Allow Jasmin ports through firewall] ************************************************************
2025-11-11 19:41:14,887 p=15830 u=victor n=ansible | changed: [JasminNodoB] => (item=2775) => {"ansible_loop_var": "item", "changed": true, "commands": ["/usr/sbin/ufw status verbose", "/usr/bin/grep -h '^### tuple' /lib/ufw/user.rules /lib/ufw/user6.rules /etc/ufw/user.rules /etc/ufw/user6.rules /var/lib/ufw/user.rules /var/lib/ufw/user6.rules", "/usr/sbin/ufw --version", "/usr/sbin/ufw allow from any to any port 2775 proto tcp", "/usr/sbin/ufw status verbose", "/usr/bin/grep -h '^### tuple' /lib/ufw/user.rules /lib/ufw/user6.rules /etc/ufw/user.rules /etc/ufw/user6.rules /var/lib/ufw/user.rules /var/lib/ufw/user6.rules"], "item": 2775, "msg": "Status: inactive"}
2025-11-11 19:41:15,615 p=15830 u=victor n=ansible | changed: [JasminNodoB] => (item=1401) => {"ansible_loop_var": "item", "changed": true, "commands": ["/usr/sbin/ufw status verbose", "/usr/bin/grep -h '^### tuple' /lib/ufw/user.rules /lib/ufw/user6.rules /etc/ufw/user.rules /etc/ufw/user6.rules /var/lib/ufw/user.rules /var/lib/ufw/user6.rules", "/usr/sbin/ufw --version", "/usr/sbin/ufw allow from any to any port 1401 proto tcp", "/usr/sbin/ufw status verbose", "/usr/bin/grep -h '^### tuple' /lib/ufw/user.rules /lib/ufw/user6.rules /etc/ufw/user.rules /etc/ufw/user6.rules /var/lib/ufw/user.rules /var/lib/ufw/user6.rules"], "item": 1401, "msg": "Status: inactive"}
2025-11-11 19:41:17,378 p=15830 u=victor n=ansible | changed: [JasminNodoB] => (item=8990) => {"ansible_loop_var": "item", "changed": true, "commands": ["/usr/sbin/ufw status verbose", "/usr/bin/grep -h '^### tuple' /lib/ufw/user.rules /lib/ufw/user6.rules /etc/ufw/user.rules /etc/ufw/user6.rules /var/lib/ufw/user.rules /var/lib/ufw/user6.rules", "/usr/sbin/ufw --version", "/usr/sbin/ufw allow from any to any port 8990 proto tcp", "/usr/sbin/ufw status verbose", "/usr/bin/grep -h '^### tuple' /lib/ufw/user.rules /lib/ufw/user6.rules /etc/ufw/user.rules /etc/ufw/user6.rules /var/lib/ufw/user.rules /var/lib/ufw/user6.rules"], "item": 8990, "msg": "Status: inactive"}
2025-11-11 19:41:17,383 p=15830 u=victor n=ansible | TASK [jasmin-primary : Wait for Jasmin services to start] **************************************************************
2025-11-11 19:42:47,819 p=15830 u=victor n=ansible | failed: [JasminNodoB] (item=1401) => {"ansible_loop_var": "item", "changed": false, "elapsed": 90, "item": 1401, "msg": "Timeout when waiting for 127.0.0.1:1401"}
2025-11-11 19:44:18,102 p=15830 u=victor n=ansible | failed: [JasminNodoB] (item=8990) => {"ansible_loop_var": "item", "changed": false, "elapsed": 90, "item": 8990, "msg": "Timeout when waiting for 127.0.0.1:8990"}
2025-11-11 19:44:18,104 p=15830 u=victor n=ansible | ...ignoring
2025-11-11 19:44:18,127 p=15830 u=victor n=ansible | RUNNING HANDLER [jasmin-primary : restart jasmin] **********************************************************************
2025-11-11 19:44:20,731 p=15830 u=victor n=ansible | changed: [JasminNodoB] => {"changed": true, "cmd": ["supervisorctl", "restart", "jasmin:*"], "delta": "0:00:02.153988", "end": "2025-11-11 19:44:19.330643", "msg": "", "rc": 0, "start": "2025-11-11 19:44:17.176655", "stderr": "", "stderr_lines": [], "stdout": "jasmin:interceptord: stopped\njasmin:jasmind: stopped\njasmin:dlrd: stopped\njasmin:dlrlookupd: stopped\njasmin:jasmind: started\njasmin:interceptord: started\njasmin:dlrd: started\njasmin:dlrlookupd: started", "stdout_lines": ["jasmin:interceptord: stopped", "jasmin:jasmind: stopped", "jasmin:dlrd: stopped", "jasmin:dlrlookupd: stopped", "jasmin:jasmind: started", "jasmin:interceptord: started", "jasmin:dlrd: started", "jasmin:dlrlookupd: started"]}
2025-11-11 19:44:20,735 p=15830 u=victor n=ansible | RUNNING HANDLER [jasmin-primary : restart rabbitmq] ********************************************************************
2025-11-11 19:44:30,451 p=15830 u=victor n=ansible | changed: [JasminNodoB] => {"changed": true, "name": "rabbitmq-server", "state": "started", "status": {"ActiveEnterTimestamp": "Tue 2025-11-11 19:40:14 -03", "ActiveEnterTimestampMonotonic": "634913516296", "ActiveExitTimestamp": "n/a", "ActiveExitTimestampMonotonic": "0", "ActiveState": "active", "After": "epmd.socket basic.target network.target sysinit.target system.slice -.mount", "AllowIsolate": "no", "AssertResult": "yes", "AssertTimestamp": "Tue 2025-11-11 19:40:07 -03", "AssertTimestampMonotonic": "634906525205", "Before": "multi-user.target shutdown.target", "BlockIOAccounting": "no", "BlockIOWeight": "[not set]", "CPUAccounting": "yes", "CPUAffinityFromNUMA": "no", "CPUQuotaPerSecUSec": "infinity", "CPUQuotaPeriodUSec": "infinity", "CPUSchedulingPolicy": "0", "CPUSchedulingPriority": "0", "CPUSchedulingResetOnFork": "no", "CPUShares": "[not set]", "CPUUsageNSec": "8567939000", "CPUWeight": "[not set]", "CacheDirectoryMode": "0755", "CanFreeze": "yes", "CanIsolate": "no", "CanReload": "no", "CanStart": "yes", "CanStop": "yes", "CapabilityBoundingSet": "cap_chown cap_dac_override cap_dac_read_search cap_fowner cap_fsetid cap_kill cap_setgid cap_setuid cap_setpcap cap_linux_immutable cap_net_bind_service cap_net_broadcast cap_net_admin cap_net_raw cap_ipc_lock cap_ipc_owner cap_sys_module cap_sys_rawio cap_sys_chroot cap_sys_ptrace cap_sys_pacct cap_sys_admin cap_sys_boot cap_sys_nice cap_sys_resource cap_sys_time cap_sys_tty_config cap_mknod cap_lease cap_audit_write cap_audit_control cap_setfcap cap_mac_override cap_mac_admin cap_syslog cap_wake_alarm cap_block_suspend cap_audit_read cap_perfmon cap_bpf cap_checkpoint_restore", "CleanResult": "success", "CollectMode": "inactive", "ConditionResult": "yes", "ConditionTimestamp": "Tue 2025-11-11 19:40:07 -03", "ConditionTimestampMonotonic": "634906525201", "ConfigurationDirectoryMode": "0755", "Conflicts": "shutdown.target", "ControlGroup": "/system.slice/rabbitmq-server.service", "ControlPID": "0", "CoredumpFilter": "0x33", "DefaultDependencies": "yes", "DefaultMemoryLow": "0", "DefaultMemoryMin": "0", "Delegate": "no", "Description": "RabbitMQ Messaging Server", "DevicePolicy": "auto", "DynamicUser": "no", "EffectiveCPUs": "0-3", "EffectiveMemoryNodes": "0", "ExecMainCode": "0", "ExecMainExitTimestamp": "n/a", "ExecMainExitTimestampMonotonic": "0", "ExecMainPID": "40001", "ExecMainStartTimestamp": "Tue 2025-11-11 19:40:07 -03", "ExecMainStartTimestampMonotonic": "634906526663", "ExecMainStatus": "0", "ExecStart": "{ path=/usr/lib/rabbitmq/bin/rabbitmq-server ; argv[]=/usr/lib/rabbitmq/bin/rabbitmq-server ; ignore_errors=no ; start_time=[Tue 2025-11-11 19:40:07 -03] ; stop_time=[n/a] ; pid=40001 ; code=(null) ; status=0/0 }", "ExecStartEx": "{ path=/usr/lib/rabbitmq/bin/rabbitmq-server ; argv[]=/usr/lib/rabbitmq/bin/rabbitmq-server ; flags= ; start_time=[Tue 2025-11-11 19:40:07 -03] ; stop_time=[n/a] ; pid=40001 ; code=(null) ; status=0/0 }", "ExecStop": "{ path=/usr/sbin/rabbitmqctl ; argv[]=/usr/sbin/rabbitmqctl stop ; ignore_errors=no ; start_time=[n/a] ; stop_time=[n/a] ; pid=0 ; code=(null) ; status=0/0 }", "ExecStopEx": "{ path=/usr/sbin/rabbitmqctl ; argv[]=/usr/sbin/rabbitmqctl stop ; flags= ; start_time=[n/a] ; stop_time=[n/a] ; pid=0 ; code=(null) ; status=0/0 }", "FailureAction": "none", "FileDescriptorStoreMax": "0", "FinalKillSignal": "9", "FragmentPath": "/lib/systemd/system/rabbitmq-server.service", "FreezerState": "running", "GID": "123", "Group": "rabbitmq", "GuessMainPID": "yes", "IOAccounting": "no", "IOReadBytes": "18446744073709551615", "IOReadOperations": "18446744073709551615", "IOSchedulingClass": "2", "IOSchedulingPriority": "4", "IOWeight": "[not set]", "IOWriteBytes": "18446744073709551615", "IOWriteOperations": "18446744073709551615", "IPAccounting": "no", "IPEgressBytes": "[no data]", "IPEgressPackets": "[no data]", "IPIngressBytes": "[no data]", "IPIngressPackets": "[no data]", "Id": "rabbitmq-server.service", "IgnoreOnIsolate": "no", "IgnoreSIGPIPE": "yes", "InactiveEnterTimestamp": "n/a", "InactiveEnterTimestampMonotonic": "0", "InactiveExitTimestamp": "Tue 2025-11-11 19:40:07 -03", "InactiveExitTimestampMonotonic": "634906527105", "InvocationID": "99f99111d0c84d64878ace314340a318", "JobRunningTimeoutUSec": "infinity", "JobTimeoutAction": "none", "JobTimeoutUSec": "infinity", "KeyringMode": "private", "KillMode": "control-group", "KillSignal": "15", "LimitAS": "infinity", "LimitASSoft": "infinity", "LimitCORE": "infinity", "LimitCORESoft": "0", "LimitCPU": "infinity", "LimitCPUSoft": "infinity", "LimitDATA": "infinity", "LimitDATASoft": "infinity", "LimitFSIZE": "infinity", "LimitFSIZESoft": "infinity", "LimitLOCKS": "infinity", "LimitLOCKSSoft": "infinity", "LimitMEMLOCK": "65536", "LimitMEMLOCKSoft": "65536", "LimitMSGQUEUE": "819200", "LimitMSGQUEUESoft": "819200", "LimitNICE": "0", "LimitNICESoft": "0", "LimitNOFILE": "65536", "LimitNOFILESoft": "65536", "LimitNPROC": "31288", "LimitNPROCSoft": "31288", "LimitRSS": "infinity", "LimitRSSSoft": "infinity", "LimitRTPRIO": "0", "LimitRTPRIOSoft": "0", "LimitRTTIME": "infinity", "LimitRTTIMESoft": "infinity", "LimitSIGPENDING": "31288", "LimitSIGPENDINGSoft": "31288", "LimitSTACK": "infinity", "LimitSTACKSoft": "8388608", "LoadState": "loaded", "LockPersonality": "no", "LogLevelMax": "-1", "LogRateLimitBurst": "0", "LogRateLimitIntervalUSec": "0", "LogsDirectoryMode": "0755", "MainPID": "40001", "ManagedOOMMemoryPressure": "auto", "ManagedOOMMemoryPressureLimit": "0", "ManagedOOMPreference": "none", "ManagedOOMSwap": "auto", "MemoryAccounting": "yes", "MemoryAvailable": "infinity", "MemoryCurrent": "100610048", "MemoryDenyWriteExecute": "no", "MemoryHigh": "infinity", "MemoryLimit": "infinity", "MemoryLow": "0", "MemoryMax": "infinity", "MemoryMin": "0", "MemorySwapMax": "infinity", "MountAPIVFS": "no", "NFileDescriptorStore": "0", "NRestarts": "0", "NUMAPolicy": "n/a", "Names": "rabbitmq-server.service", "NeedDaemonReload": "no", "Nice": "0", "NoNewPrivileges": "no", "NonBlocking": "no", "NotifyAccess": "all", "OOMPolicy": "stop", "OOMScoreAdjust": "0", "OnFailureJobMode": "replace", "OnSuccessJobMode": "fail", "Perpetual": "no", "PrivateDevices": "no", "PrivateIPC": "no", "PrivateMounts": "no", "PrivateNetwork": "no", "PrivateTmp": "no", "PrivateUsers": "no", "ProcSubset": "all", "ProtectClock": "no", "ProtectControlGroups": "no", "ProtectHome": "no", "ProtectHostname": "no", "ProtectKernelLogs": "no", "ProtectKernelModules": "no", "ProtectKernelTunables": "no", "ProtectProc": "default", "ProtectSystem": "no", "RefuseManualStart": "no", "RefuseManualStop": "no", "ReloadResult": "success", "RemainAfterExit": "no", "RemoveIPC": "no", "Requires": "sysinit.target system.slice -.mount", "RequiresMountsFor": "/var/lib/rabbitmq", "Restart": "on-failure", "RestartKillSignal": "15", "RestartUSec": "10s", "RestrictNamespaces": "no", "RestrictRealtime": "no", "RestrictSUIDSGID": "no", "Result": "success", "RootDirectoryStartOnly": "no", "RuntimeDirectoryMode": "0755", "RuntimeDirectoryPreserve": "no", "RuntimeMaxUSec": "infinity", "SameProcessGroup": "no", "SecureBits": "0", "SendSIGHUP": "no", "SendSIGKILL": "yes", "Slice": "system.slice", "StandardError": "append", "StandardInput": "null", "StandardOutput": "append", "StartLimitAction": "none", "StartLimitBurst": "5", "StartLimitIntervalUSec": "10s", "StartupBlockIOWeight": "[not set]", "StartupCPUShares": "[not set]", "StartupCPUWeight": "[not set]", "StartupIOWeight": "[not set]", "StateChangeTimestamp": "Tue 2025-11-11 19:40:14 -03", "StateChangeTimestampMonotonic": "634913516296", "StateDirectoryMode": "0755", "StatusErrno": "0", "StopWhenUnneeded": "no", "SubState": "running", "SuccessAction": "none", "SyslogFacility": "3", "SyslogIdentifier": "rabbitmq", "SyslogLevel": "6", "SyslogLevelPrefix": "yes", "SyslogPriority": "30", "SystemCallErrorNumber": "2147483646", "TTYReset": "no", "TTYVHangup": "no", "TTYVTDisallocate": "no", "TasksAccounting": "yes", "TasksCurrent": "28", "TasksMax": "9386", "TimeoutAbortUSec": "1min 30s", "TimeoutCleanUSec": "infinity", "TimeoutStartFailureMode": "terminate", "TimeoutStartUSec": "10min", "TimeoutStopFailureMode": "terminate", "TimeoutStopUSec": "1min 30s", "TimerSlackNSec": "50000", "Transient": "no", "Type": "notify", "UID": "118", "UMask": "0027", "UnitFilePreset": "enabled", "UnitFileState": "enabled", "User": "rabbitmq", "UtmpMode": "init", "WantedBy": "multi-user.target", "Wants": "epmd.socket network.target", "WatchdogSignal": "6", "WatchdogTimestamp": "n/a", "WatchdogTimestampMonotonic": "0", "WatchdogUSec": "0", "WorkingDirectory": "/var/lib/rabbitmq"}}
2025-11-11 19:44:30,457 p=15830 u=victor n=ansible | RUNNING HANDLER [jasmin-primary : restart supervisor] ******************************************************************
2025-11-11 19:44:29,533 p=15830 u=victor n=ansible | changed: [JasminNodoB] => {"changed": true, "name": "supervisor", "state": "started", "status": {"ActiveEnterTimestamp": "Tue 2025-11-11 19:40:01 -03", "ActiveEnterTimestampMonotonic": "634899857913", "ActiveExitTimestamp": "n/a", "ActiveExitTimestampMonotonic": "0", "ActiveState": "active", "After": "systemd-journald.socket basic.target system.slice network.target sysinit.target", "AllowIsolate": "no", "AssertResult": "yes", "AssertTimestamp": "Tue 2025-11-11 19:40:01 -03", "AssertTimestampMonotonic": "634899855850", "Before": "multi-user.target shutdown.target", "BlockIOAccounting": "no", "BlockIOWeight": "[not set]", "CPUAccounting": "yes", "CPUAffinityFromNUMA": "no", "CPUQuotaPerSecUSec": "infinity", "CPUQuotaPeriodUSec": "infinity", "CPUSchedulingPolicy": "0", "CPUSchedulingPriority": "0", "CPUSchedulingResetOnFork": "no", "CPUShares": "[not set]", "CPUUsageNSec": "5234232000", "CPUWeight": "[not set]", "CacheDirectoryMode": "0755", "CanFreeze": "yes", "CanIsolate": "no", "CanReload": "yes", "CanStart": "yes", "CanStop": "yes", "CapabilityBoundingSet": "cap_chown cap_dac_override cap_dac_read_search cap_fowner cap_fsetid cap_kill cap_setgid cap_setuid cap_setpcap cap_linux_immutable cap_net_bind_service cap_net_broadcast cap_net_admin cap_net_raw cap_ipc_lock cap_ipc_owner cap_sys_module cap_sys_rawio cap_sys_chroot cap_sys_ptrace cap_sys_pacct cap_sys_admin cap_sys_boot cap_sys_nice cap_sys_resource cap_sys_time cap_sys_tty_config cap_mknod cap_lease cap_audit_write cap_audit_control cap_setfcap cap_mac_override cap_mac_admin cap_syslog cap_wake_alarm cap_block_suspend cap_audit_read cap_perfmon cap_bpf cap_checkpoint_restore", "CleanResult": "success", "CollectMode": "inactive", "ConditionResult": "yes", "ConditionTimestamp": "Tue 2025-11-11 19:40:01 -03", "ConditionTimestampMonotonic": "634899855847", "ConfigurationDirectoryMode": "0755", "Conflicts": "shutdown.target", "ControlGroup": "/system.slice/supervisor.service", "ControlPID": "0", "CoredumpFilter": "0x33", "DefaultDependencies": "yes", "DefaultMemoryLow": "0", "DefaultMemoryMin": "0", "Delegate": "no", "Description": "Supervisor process control system for UNIX", "DevicePolicy": "auto", "Documentation": "http://supervisord.org", "DynamicUser": "no", "EffectiveCPUs": "0-3", "EffectiveMemoryNodes": "0", "ExecMainCode": "0", "ExecMainExitTimestamp": "n/a", "ExecMainExitTimestampMonotonic": "0", "ExecMainPID": "39774", "ExecMainStartTimestamp": "Tue 2025-11-11 19:40:01 -03", "ExecMainStartTimestampMonotonic": "634899857435", "ExecMainStatus": "0", "ExecReload": "{ path=/usr/bin/supervisorctl ; argv[]=/usr/bin/supervisorctl -c /etc/supervisor/supervisord.conf $OPTIONS reload ; ignore_errors=no ; start_time=[n/a] ; stop_time=[n/a] ; pid=0 ; code=(null) ; status=0/0 }", "ExecReloadEx": "{ path=/usr/bin/supervisorctl ; argv[]=/usr/bin/supervisorctl -c /etc/supervisor/supervisord.conf $OPTIONS reload ; flags= ; start_time=[n/a] ; stop_time=[n/a] ; pid=0 ; code=(null) ; status=0/0 }", "ExecStart": "{ path=/usr/bin/supervisord ; argv[]=/usr/bin/supervisord -n -c /etc/supervisor/supervisord.conf ; ignore_errors=no ; start_time=[n/a] ; stop_time=[n/a] ; pid=0 ; code=(null) ; status=0/0 }", "ExecStartEx": "{ path=/usr/bin/supervisord ; argv[]=/usr/bin/supervisord -n -c /etc/supervisor/supervisord.conf ; flags= ; start_time=[n/a] ; stop_time=[n/a] ; pid=0 ; code=(null) ; status=0/0 }", "ExecStop": "{ path=/usr/bin/supervisorctl ; argv[]=/usr/bin/supervisorctl $OPTIONS shutdown ; ignore_errors=no ; start_time=[n/a] ; stop_time=[n/a] ; pid=0 ; code=(null) ; status=0/0 }", "ExecStopEx": "{ path=/usr/bin/supervisorctl ; argv[]=/usr/bin/supervisorctl $OPTIONS shutdown ; flags= ; start_time=[n/a] ; stop_time=[n/a] ; pid=0 ; code=(null) ; status=0/0 }", "FailureAction": "none", "FileDescriptorStoreMax": "0", "FinalKillSignal": "9", "FragmentPath": "/lib/systemd/system/supervisor.service", "FreezerState": "running", "GID": "[not set]", "GuessMainPID": "yes", "IOAccounting": "no", "IOReadBytes": "18446744073709551615", "IOReadOperations": "18446744073709551615", "IOSchedulingClass": "2", "IOSchedulingPriority": "4", "IOWeight": "[not set]", "IOWriteBytes": "18446744073709551615", "IOWriteOperations": "18446744073709551615", "IPAccounting": "no", "IPEgressBytes": "[no data]", "IPEgressPackets": "[no data]", "IPIngressBytes": "[no data]", "IPIngressPackets": "[no data]", "Id": "supervisor.service", "IgnoreOnIsolate": "no", "IgnoreSIGPIPE": "yes", "InactiveEnterTimestamp": "n/a", "InactiveEnterTimestampMonotonic": "0", "InactiveExitTimestamp": "Tue 2025-11-11 19:40:01 -03", "InactiveExitTimestampMonotonic": "634899857913", "InvocationID": "76fc65d894a144e980c464d30fdf5456", "JobRunningTimeoutUSec": "infinity", "JobTimeoutAction": "none", "JobTimeoutUSec": "infinity", "KeyringMode": "private", "KillMode": "process", "KillSignal": "15", "LimitAS": "infinity", "LimitASSoft": "infinity", "LimitCORE": "infinity", "LimitCORESoft": "0", "LimitCPU": "infinity", "LimitCPUSoft": "infinity", "LimitDATA": "infinity", "LimitDATASoft": "infinity", "LimitFSIZE": "infinity", "LimitFSIZESoft": "infinity", "LimitLOCKS": "infinity", "LimitLOCKSSoft": "infinity", "LimitMEMLOCK": "65536", "LimitMEMLOCKSoft": "65536", "LimitMSGQUEUE": "819200", "LimitMSGQUEUESoft": "819200", "LimitNICE": "0", "LimitNICESoft": "0", "LimitNOFILE": "524288", "LimitNOFILESoft": "1024", "LimitNPROC": "31288", "LimitNPROCSoft": "31288", "LimitRSS": "infinity", "LimitRSSSoft": "infinity", "LimitRTPRIO": "0", "LimitRTPRIOSoft": "0", "LimitRTTIME": "infinity", "LimitRTTIMESoft": "infinity", "LimitSIGPENDING": "31288", "LimitSIGPENDINGSoft": "31288", "LimitSTACK": "infinity", "LimitSTACKSoft": "8388608", "LoadState": "loaded", "LockPersonality": "no", "LogLevelMax": "-1", "LogRateLimitBurst": "0", "LogRateLimitIntervalUSec": "0", "LogsDirectoryMode": "0755", "MainPID": "39774", "ManagedOOMMemoryPressure": "auto", "ManagedOOMMemoryPressureLimit": "0", "ManagedOOMPreference": "none", "ManagedOOMSwap": "auto", "MemoryAccounting": "yes", "MemoryAvailable": "infinity", "MemoryCurrent": "167657472", "MemoryDenyWriteExecute": "no", "MemoryHigh": "infinity", "MemoryLimit": "infinity", "MemoryLow": "0", "MemoryMax": "infinity", "MemoryMin": "0", "MemorySwapMax": "infinity", "MountAPIVFS": "no", "NFileDescriptorStore": "0", "NRestarts": "0", "NUMAPolicy": "n/a", "Names": "supervisor.service", "NeedDaemonReload": "no", "Nice": "0", "NoNewPrivileges": "no", "NonBlocking": "no", "NotifyAccess": "none", "OOMPolicy": "stop", "OOMScoreAdjust": "0", "OnFailureJobMode": "replace", "OnSuccessJobMode": "fail", "Perpetual": "no", "PrivateDevices": "no", "PrivateIPC": "no", "PrivateMounts": "no", "PrivateNetwork": "no", "PrivateTmp": "no", "PrivateUsers": "no", "ProcSubset": "all", "ProtectClock": "no", "ProtectControlGroups": "no", "ProtectHome": "no", "ProtectHostname": "no", "ProtectKernelLogs": "no", "ProtectKernelModules": "no", "ProtectKernelTunables": "no", "ProtectProc": "default", "ProtectSystem": "no", "RefuseManualStart": "no", "RefuseManualStop": "no", "ReloadResult": "success", "RemainAfterExit": "no", "RemoveIPC": "no", "Requires": "system.slice sysinit.target", "Restart": "on-failure", "RestartKillSignal": "15", "RestartUSec": "50s", "RestrictNamespaces": "no", "RestrictRealtime": "no", "RestrictSUIDSGID": "no", "Result": "success", "RootDirectoryStartOnly": "no", "RuntimeDirectoryMode": "0755", "RuntimeDirectoryPreserve": "no", "RuntimeMaxUSec": "infinity", "SameProcessGroup": "no", "SecureBits": "0", "SendSIGHUP": "no", "SendSIGKILL": "yes", "Slice": "system.slice", "StandardError": "inherit", "StandardInput": "null", "StandardOutput": "journal", "StartLimitAction": "none", "StartLimitBurst": "5", "StartLimitIntervalUSec": "10s", "StartupBlockIOWeight": "[not set]", "StartupCPUShares": "[not set]", "StartupCPUWeight": "[not set]", "StartupIOWeight": "[not set]", "StateChangeTimestamp": "Tue 2025-11-11 19:40:01 -03", "StateChangeTimestampMonotonic": "634899857913", "StateDirectoryMode": "0755", "StatusErrno": "0", "StopWhenUnneeded": "no", "SubState": "running", "SuccessAction": "none", "SyslogFacility": "3", "SyslogLevel": "6", "SyslogLevelPrefix": "yes", "SyslogPriority": "30", "SystemCallErrorNumber": "2147483646", "TTYReset": "no", "TTYVHangup": "no", "TTYVTDisallocate": "no", "TasksAccounting": "yes", "TasksCurrent": "5", "TasksMax": "9386", "TimeoutAbortUSec": "1min 30s", "TimeoutCleanUSec": "infinity", "TimeoutStartFailureMode": "terminate", "TimeoutStartUSec": "1min 30s", "TimeoutStopFailureMode": "terminate", "TimeoutStopUSec": "1min 30s", "TimerSlackNSec": "50000", "Transient": "no", "Type": "simple", "UID": "[not set]", "UMask": "0022", "UnitFilePreset": "enabled", "UnitFileState": "enabled", "UtmpMode": "init", "WantedBy": "multi-user.target", "WatchdogSignal": "6", "WatchdogTimestamp": "n/a", "WatchdogTimestampMonotonic": "0", "WatchdogUSec": "0"}}
2025-11-11 19:44:29,552 p=15830 u=victor n=ansible | PLAY RECAP *************************************************************************************************************
2025-11-11 19:44:29,553 p=15830 u=victor n=ansible | JasminNodoB                : ok=26   changed=18   unreachable=0    failed=0    skipped=0    rescued=0    ignored=1   
2025-11-11 19:45:55,895 p=16049 u=victor n=ansible | JasminNodoB | FAILED | rc=3 >>
inactivenon-zero return code

2025-11-11 19:46:06,288 p=16066 u=victor n=ansible | JasminNodoB | CHANGED | rc=0 >>
41002 /opt/jasmin/venv/bin/python3 /opt/jasmin/venv/bin/jasmind.py --config /opt/jasmin/config/jasmin.cfg

2025-11-11 19:46:13,482 p=16078 u=victor n=ansible | JasminNodoB | CHANGED | rc=0 >>
Puertos no activos

2025-11-11 19:46:20,916 p=16090 u=victor n=ansible | JasminNodoB | CHANGED | rc=0 >>
-- No entries --

2025-11-11 19:46:36,646 p=16100 u=victor n=ansible | JasminNodoB | FAILED | rc=5 >>
Failed to restart jasmind.service: Unit jasmind.service not found.non-zero return code

2025-11-11 19:47:46,096 p=16136 u=victor n=ansible | JasminNodoB | CHANGED => {
    "ansible_facts": {
        "discovered_interpreter_python": "/usr/bin/python3"
    },
    "changed": true,
    "checksum": "cf100431dc9ccb26ed151164d8c2e49e3cd45759",
    "dest": "/etc/systemd/system/jasmind.service",
    "gid": 0,
    "group": "root",
    "md5sum": "801fc093e9f573a74f382db758d7777f",
    "mode": "0644",
    "owner": "root",
    "size": 400,
    "src": "/home/develop/.ansible/tmp/ansible-tmp-1762901264.5918157-16140-72660333481455/source",
    "state": "file",
    "uid": 0
}
2025-11-11 19:47:59,242 p=16159 u=victor n=ansible | JasminNodoB | CHANGED | rc=0 >>
Created symlink /etc/systemd/system/multi-user.target.wants/jasmind.service → /etc/systemd/system/jasmind.service.

2025-11-11 19:48:03,762 p=16174 u=victor n=ansible | JasminNodoB | CHANGED | rc=0 >>
○ jasmind.service - Jasmin SMS Gateway daemon
     Loaded: loaded (/etc/systemd/system/jasmind.service; enabled; vendor preset: enabled)
     Active: inactive (dead) since Tue 2025-11-11 19:48:00 -03; 3s ago
    Process: 41429 ExecStart=/opt/jasmin/venv/bin/python3 /opt/jasmin/venv/bin/jasmind.py --config /etc/jasmin/jasmin.cfg (code=exited, status=0/SUCCESS)
   Main PID: 41429 (code=exited, status=0/SUCCESS)
        CPU: 803ms

nov 11 19:47:57 JasminNodoB.vozdigital.net systemd[1]: Started Jasmin SMS Gateway daemon.
nov 11 19:47:57 JasminNodoB.vozdigital.net python3[41429]: /opt/jasmin/venv/lib/python3.10/site-packages/jasmin/managers/content.py:13: UserWarning: pkg_resources is deprecated as an API. See https://setuptools.pypa.io/en/latest/pkg_resources.html. The pkg_resources package is slated for removal as early as 2025-11-30. Refrain from using this package or pin to Setuptools<81.
nov 11 19:47:57 JasminNodoB.vozdigital.net python3[41429]:   from pkg_resources import iter_entry_points
nov 11 19:48:00 JasminNodoB.vozdigital.net python3[41429]: Lock not acquired ! exiting
nov 11 19:48:00 JasminNodoB.vozdigital.net systemd[1]: jasmind.service: Deactivated successfully.

2025-11-11 19:48:14,184 p=16186 u=victor n=ansible | JasminNodoB | FAILED | rc=1 >>
non-zero return code

2025-11-11 19:49:17,133 p=16216 u=victor n=ansible | JasminNodoB | CHANGED | rc=0 >>
41002 /opt/jasmin/venv/bin/python3 /opt/jasmin/venv/bin/jasmind.py --config /opt/jasmin/config/jasmin.cfg

2025-11-11 19:49:34,511 p=16227 u=victor n=ansible | JasminNodoB | FAILED | rc=-15 >>
non-zero return code

2025-11-11 19:49:42,564 p=16239 u=victor n=ansible | JasminNodoB | CHANGED | rc=0 >>


2025-11-11 19:49:55,182 p=16253 u=victor n=ansible | JasminNodoB | CHANGED | rc=0 >>
○ jasmind.service - Jasmin SMS Gateway daemon
     Loaded: loaded (/etc/systemd/system/jasmind.service; enabled; vendor preset: enabled)
     Active: inactive (dead) since Tue 2025-11-11 19:49:53 -03; 264ms ago
    Process: 41716 ExecStart=/opt/jasmin/venv/bin/python3 /opt/jasmin/venv/bin/jasmind.py --config /etc/jasmin/jasmin.cfg (code=exited, status=0/SUCCESS)
   Main PID: 41716 (code=exited, status=0/SUCCESS)
        CPU: 746ms

nov 11 19:49:50 JasminNodoB.vozdigital.net systemd[1]: Started Jasmin SMS Gateway daemon.
nov 11 19:49:51 JasminNodoB.vozdigital.net python3[41716]: /opt/jasmin/venv/lib/python3.10/site-packages/jasmin/managers/content.py:13: UserWarning: pkg_resources is deprecated as an API. See https://setuptools.pypa.io/en/latest/pkg_resources.html. The pkg_resources package is slated for removal as early as 2025-11-30. Refrain from using this package or pin to Setuptools<81.
nov 11 19:49:51 JasminNodoB.vozdigital.net python3[41716]:   from pkg_resources import iter_entry_points
nov 11 19:49:53 JasminNodoB.vozdigital.net python3[41716]: Lock not acquired ! exiting
nov 11 19:49:53 JasminNodoB.vozdigital.net systemd[1]: jasmind.service: Deactivated successfully.

2025-11-11 19:50:05,943 p=16267 u=victor n=ansible | JasminNodoB | CHANGED | rc=0 >>
nov 11 19:47:57 JasminNodoB.vozdigital.net systemd[1]: Started Jasmin SMS Gateway daemon.
nov 11 19:47:57 JasminNodoB.vozdigital.net python3[41429]: /opt/jasmin/venv/lib/python3.10/site-packages/jasmin/managers/content.py:13: UserWarning: pkg_resources is deprecated as an API. See https://setuptools.pypa.io/en/latest/pkg_resources.html. The pkg_resources package is slated for removal as early as 2025-11-30. Refrain from using this package or pin to Setuptools<81.
nov 11 19:47:57 JasminNodoB.vozdigital.net python3[41429]:   from pkg_resources import iter_entry_points
nov 11 19:48:00 JasminNodoB.vozdigital.net python3[41429]: Lock not acquired ! exiting
nov 11 19:48:00 JasminNodoB.vozdigital.net systemd[1]: jasmind.service: Deactivated successfully.
nov 11 19:49:50 JasminNodoB.vozdigital.net systemd[1]: Started Jasmin SMS Gateway daemon.
nov 11 19:49:51 JasminNodoB.vozdigital.net python3[41716]: /opt/jasmin/venv/lib/python3.10/site-packages/jasmin/managers/content.py:13: UserWarning: pkg_resources is deprecated as an API. See https://setuptools.pypa.io/en/latest/pkg_resources.html. The pkg_resources package is slated for removal as early as 2025-11-30. Refrain from using this package or pin to Setuptools<81.
nov 11 19:49:51 JasminNodoB.vozdigital.net python3[41716]:   from pkg_resources import iter_entry_points
nov 11 19:49:53 JasminNodoB.vozdigital.net python3[41716]: Lock not acquired ! exiting
nov 11 19:49:53 JasminNodoB.vozdigital.net systemd[1]: jasmind.service: Deactivated successfully.

2025-11-11 19:51:18,490 p=16292 u=victor n=ansible | JasminNodoB | FAILED | rc=-15 >>
non-zero return code

2025-11-11 19:51:28,113 p=16303 u=victor n=ansible | JasminNodoB | CHANGED | rc=0 >>


2025-11-11 19:51:40,459 p=16313 u=victor n=ansible | JasminNodoB | CHANGED | rc=0 >>
○ jasmind.service - Jasmin SMS Gateway daemon
     Loaded: loaded (/etc/systemd/system/jasmind.service; enabled; vendor preset: enabled)
     Active: inactive (dead) since Tue 2025-11-11 19:51:37 -03; 2s ago
    Process: 41946 ExecStart=/opt/jasmin/venv/bin/python3 /opt/jasmin/venv/bin/jasmind.py --config /etc/jasmin/jasmin.cfg (code=exited, status=0/SUCCESS)
   Main PID: 41946 (code=exited, status=0/SUCCESS)
        CPU: 763ms

nov 11 19:51:35 JasminNodoB.vozdigital.net systemd[1]: Started Jasmin SMS Gateway daemon.
nov 11 19:51:35 JasminNodoB.vozdigital.net python3[41946]: /opt/jasmin/venv/lib/python3.10/site-packages/jasmin/managers/content.py:13: UserWarning: pkg_resources is deprecated as an API. See https://setuptools.pypa.io/en/latest/pkg_resources.html. The pkg_resources package is slated for removal as early as 2025-11-30. Refrain from using this package or pin to Setuptools<81.
nov 11 19:51:35 JasminNodoB.vozdigital.net python3[41946]:   from pkg_resources import iter_entry_points
nov 11 19:51:37 JasminNodoB.vozdigital.net python3[41946]: Lock not acquired ! exiting
nov 11 19:51:37 JasminNodoB.vozdigital.net systemd[1]: jasmind.service: Deactivated successfully.

2025-11-11 19:51:45,611 p=16327 u=victor n=ansible | JasminNodoB | FAILED | rc=1 >>
non-zero return code

2025-11-11 19:52:48,944 p=16355 u=victor n=ansible | JasminNodoB | CHANGED | rc=0 >>
NOAUTH Authentication required.

2025-11-11 19:54:56,469 p=16410 u=victor n=ansible | JasminNodoB | CHANGED | rc=0 >>
Warning: Using a password with '-a' or '-u' option on the command line interface may not be safe.

2025-11-11 19:55:12,349 p=16423 u=victor n=ansible | JasminNodoB | CHANGED | rc=0 >>
NOAUTH Authentication required.

2025-11-11 19:55:17,743 p=16433 u=victor n=ansible | JasminNodoB | CHANGED | rc=0 >>
Warning: Using a password with '-a' or '-u' option on the command line interface may not be safe.

2025-11-11 19:56:13,652 p=16461 u=victor n=ansible | JasminNodoB | CHANGED | rc=0 >>


2025-11-11 19:56:22,545 p=16469 u=victor n=ansible | JasminNodoB | CHANGED | rc=0 >>
store_path no definidogrep: /etc/jasmin/jasmin.cfg: No such file or directory

2025-11-11 19:57:33,304 p=16501 u=victor n=ansible | JasminNodoB | FAILED! => {
    "ansible_facts": {
        "discovered_interpreter_python": "/usr/bin/python3"
    },
    "changed": false,
    "checksum": "8591f256a4ffec548e9e203b1ffda1bba6fcc561",
    "msg": "Destination directory /etc/jasmin does not exist"
}
2025-11-11 19:58:14,294 p=16529 u=victor n=ansible | JasminNodoB | CHANGED | rc=0 >>


2025-11-11 19:58:29,782 p=16543 u=victor n=ansible | JasminNodoB | CHANGED | rc=0 >>
○ jasmind.service - Jasmin SMS Gateway daemon
     Loaded: loaded (/etc/systemd/system/jasmind.service; enabled; vendor preset: enabled)
     Active: inactive (dead) since Tue 2025-11-11 19:58:26 -03; 2s ago
    Process: 42522 ExecStart=/opt/jasmin/venv/bin/python3 /opt/jasmin/venv/bin/jasmind.py --config /etc/jasmin/jasmin.cfg (code=exited, status=0/SUCCESS)
   Main PID: 42522 (code=exited, status=0/SUCCESS)
        CPU: 839ms

nov 11 19:58:23 JasminNodoB.vozdigital.net systemd[1]: Started Jasmin SMS Gateway daemon.
nov 11 19:58:23 JasminNodoB.vozdigital.net python3[42522]: /opt/jasmin/venv/lib/python3.10/site-packages/jasmin/managers/content.py:13: UserWarning: pkg_resources is deprecated as an API. See https://setuptools.pypa.io/en/latest/pkg_resources.html. The pkg_resources package is slated for removal as early as 2025-11-30. Refrain from using this package or pin to Setuptools<81.
nov 11 19:58:23 JasminNodoB.vozdigital.net python3[42522]:   from pkg_resources import iter_entry_points
nov 11 19:58:26 JasminNodoB.vozdigital.net python3[42522]: Lock not acquired ! exiting
nov 11 19:58:26 JasminNodoB.vozdigital.net systemd[1]: jasmind.service: Deactivated successfully.

2025-11-11 19:58:35,296 p=16555 u=victor n=ansible | JasminNodoB | FAILED | rc=1 >>
non-zero return code

2025-11-11 19:58:44,060 p=16567 u=victor n=ansible | JasminNodoB | FAILED! => {
    "ansible_facts": {
        "discovered_interpreter_python": "/usr/bin/python3"
    },
    "changed": false,
    "checksum": "8591f256a4ffec548e9e203b1ffda1bba6fcc561",
    "msg": "Destination directory /etc/jasmin does not exist"
}
2025-11-11 19:59:37,104 p=16598 u=victor n=ansible | JasminNodoB | CHANGED => {
    "ansible_facts": {
        "discovered_interpreter_python": "/usr/bin/python3"
    },
    "changed": true,
    "gid": 0,
    "group": "root",
    "mode": "0755",
    "owner": "root",
    "path": "/etc/jasmin",
    "size": 4096,
    "state": "directory",
    "uid": 0
}
2025-11-11 19:59:43,130 p=16608 u=victor n=ansible | JasminNodoB | CHANGED => {
    "ansible_facts": {
        "discovered_interpreter_python": "/usr/bin/python3"
    },
    "changed": true,
    "checksum": "8591f256a4ffec548e9e203b1ffda1bba6fcc561",
    "dest": "/etc/jasmin/jasmin.cfg",
    "gid": 0,
    "group": "root",
    "md5sum": "ea48e237a76bf5dd17585ee0daa13256",
    "mode": "0644",
    "owner": "root",
    "size": 430,
    "src": "/home/develop/.ansible/tmp/ansible-tmp-1762901981.624104-16612-99899627759243/source",
    "state": "file",
    "uid": 0
}
2025-11-11 19:59:52,848 p=16625 u=victor n=ansible | JasminNodoB | CHANGED | rc=0 >>


2025-11-11 20:00:05,470 p=16635 u=victor n=ansible | JasminNodoB | CHANGED | rc=0 >>
○ jasmind.service - Jasmin SMS Gateway daemon
     Loaded: loaded (/etc/systemd/system/jasmind.service; enabled; vendor preset: enabled)
     Active: inactive (dead) since Tue 2025-11-11 20:00:01 -03; 2s ago
    Process: 42722 ExecStart=/opt/jasmin/venv/bin/python3 /opt/jasmin/venv/bin/jasmind.py --config /etc/jasmin/jasmin.cfg (code=exited, status=0/SUCCESS)
   Main PID: 42722 (code=exited, status=0/SUCCESS)
        CPU: 789ms

nov 11 19:59:58 JasminNodoB.vozdigital.net systemd[1]: Started Jasmin SMS Gateway daemon.
nov 11 19:59:59 JasminNodoB.vozdigital.net python3[42722]: /opt/jasmin/venv/lib/python3.10/site-packages/jasmin/managers/content.py:13: UserWarning: pkg_resources is deprecated as an API. See https://setuptools.pypa.io/en/latest/pkg_resources.html. The pkg_resources package is slated for removal as early as 2025-11-30. Refrain from using this package or pin to Setuptools<81.
nov 11 19:59:59 JasminNodoB.vozdigital.net python3[42722]:   from pkg_resources import iter_entry_points
nov 11 20:00:01 JasminNodoB.vozdigital.net python3[42722]: Lock not acquired ! exiting
nov 11 20:00:01 JasminNodoB.vozdigital.net systemd[1]: jasmind.service: Deactivated successfully.

2025-11-11 20:00:18,375 p=16651 u=victor n=ansible | JasminNodoB | FAILED | rc=1 >>
non-zero return code

2025-11-11 20:05:42,102 p=16756 u=victor n=ansible | Using /home/victor/projects/jasmin/ansible.cfg as config file
2025-11-11 20:05:42,528 p=16756 u=victor n=ansible | PLAY [Setup Jasmin SMS Gateway Secondary Node] *************************************************************************************************************
2025-11-11 20:05:42,545 p=16756 u=victor n=ansible | TASK [Gathering Facts] *************************************************************************************************************************************
2025-11-11 20:05:45,222 p=16756 u=victor n=ansible | ok: [JasminNodoB]
2025-11-11 20:05:45,236 p=16756 u=victor n=ansible | TASK [jasmin-primary : Install Jasmin dependencies] ********************************************************************************************************
2025-11-11 20:05:49,367 p=16756 u=victor n=ansible | ok: [JasminNodoB] => {"cache_update_time": 1762902345, "cache_updated": true, "changed": false}
2025-11-11 20:05:49,375 p=16756 u=victor n=ansible | TASK [jasmin-primary : Create Jasmin group] ****************************************************************************************************************
2025-11-11 20:05:49,813 p=16756 u=victor n=ansible | ok: [JasminNodoB] => {"changed": false, "gid": 999, "name": "jasmin", "state": "present", "system": true}
2025-11-11 20:05:49,823 p=16756 u=victor n=ansible | TASK [jasmin-primary : Create Jasmin user] *****************************************************************************************************************
2025-11-11 20:05:50,338 p=16756 u=victor n=ansible | ok: [JasminNodoB] => {"append": false, "changed": false, "comment": "", "group": 999, "home": "/opt/jasmin", "move_home": false, "name": "jasmin", "shell": "/bin/bash", "state": "present", "uid": 998}
2025-11-11 20:05:50,357 p=16756 u=victor n=ansible | TASK [jasmin-primary : Create Jasmin directory structure] **************************************************************************************************
2025-11-11 20:05:50,806 p=16756 u=victor n=ansible | ok: [JasminNodoB] => (item=/opt/jasmin) => {"ansible_loop_var": "item", "changed": false, "gid": 999, "group": "jasmin", "item": "/opt/jasmin", "mode": "0755", "owner": "jasmin", "path": "/opt/jasmin", "size": 4096, "state": "directory", "uid": 998}
2025-11-11 20:05:51,086 p=16756 u=victor n=ansible | ok: [JasminNodoB] => (item=/opt/jasmin/config) => {"ansible_loop_var": "item", "changed": false, "gid": 999, "group": "jasmin", "item": "/opt/jasmin/config", "mode": "0755", "owner": "jasmin", "path": "/opt/jasmin/config", "size": 4096, "state": "directory", "uid": 998}
2025-11-11 20:05:51,581 p=16756 u=victor n=ansible | ok: [JasminNodoB] => (item=/opt/jasmin/logs) => {"ansible_loop_var": "item", "changed": false, "gid": 999, "group": "jasmin", "item": "/opt/jasmin/logs", "mode": "0755", "owner": "jasmin", "path": "/opt/jasmin/logs", "size": 4096, "state": "directory", "uid": 998}
2025-11-11 20:05:51,886 p=16756 u=victor n=ansible | ok: [JasminNodoB] => (item=/opt/jasmin/store) => {"ansible_loop_var": "item", "changed": false, "gid": 999, "group": "jasmin", "item": "/opt/jasmin/store", "mode": "0755", "owner": "jasmin", "path": "/opt/jasmin/store", "size": 4096, "state": "directory", "uid": 998}
2025-11-11 20:05:52,176 p=16756 u=victor n=ansible | ok: [JasminNodoB] => (item=/var/log/jasmin) => {"ansible_loop_var": "item", "changed": false, "gid": 999, "group": "jasmin", "item": "/var/log/jasmin", "mode": "0755", "owner": "jasmin", "path": "/var/log/jasmin", "size": 4096, "state": "directory", "uid": 998}
2025-11-11 20:05:52,185 p=16756 u=victor n=ansible | TASK [jasmin-primary : Create Python virtual environment] **************************************************************************************************
2025-11-11 20:05:52,612 p=16756 u=victor n=ansible | ok: [JasminNodoB] => {"changed": false, "cmd": ["python3", "-m", "venv", "/opt/jasmin/venv"], "delta": null, "end": null, "msg": "Did not run command since '/opt/jasmin/venv' exists", "rc": 0, "start": null, "stderr": "", "stderr_lines": [], "stdout": "skipped, since /opt/jasmin/venv exists", "stdout_lines": ["skipped, since /opt/jasmin/venv exists"]}
2025-11-11 20:05:52,628 p=16756 u=victor n=ansible | TASK [jasmin-primary : Change ownership of Jasmin home] ****************************************************************************************************
2025-11-11 20:05:55,961 p=16756 u=victor n=ansible | changed: [JasminNodoB] => {"changed": true, "gid": 999, "group": "jasmin", "mode": "0755", "owner": "jasmin", "path": "/opt/jasmin", "size": 4096, "state": "directory", "uid": 998}
2025-11-11 20:05:55,974 p=16756 u=victor n=ansible | TASK [jasmin-primary : Upgrade pip, setuptools and wheel] **************************************************************************************************
2025-11-11 20:05:57,820 p=16756 u=victor n=ansible | ok: [JasminNodoB] => {"changed": false, "cmd": ["/opt/jasmin/venv/bin/pip3", "install", "-U", "pip", "setuptools", "wheel"], "name": ["pip", "setuptools", "wheel"], "requirements": null, "state": "latest", "stderr": "", "stderr_lines": [], "stdout": "Requirement already satisfied: pip in /opt/jasmin/venv/lib/python3.10/site-packages (25.3)\nRequirement already satisfied: setuptools in /opt/jasmin/venv/lib/python3.10/site-packages (80.9.0)\nRequirement already satisfied: wheel in /opt/jasmin/venv/lib/python3.10/site-packages (0.45.1)\n", "stdout_lines": ["Requirement already satisfied: pip in /opt/jasmin/venv/lib/python3.10/site-packages (25.3)", "Requirement already satisfied: setuptools in /opt/jasmin/venv/lib/python3.10/site-packages (80.9.0)", "Requirement already satisfied: wheel in /opt/jasmin/venv/lib/python3.10/site-packages (0.45.1)"], "version": null, "virtualenv": "/opt/jasmin/venv"}
2025-11-11 20:05:57,830 p=16756 u=victor n=ansible | TASK [jasmin-primary : Install Jasmin SMS Gateway version 0.11.1] ******************************************************************************************
2025-11-11 20:05:59,199 p=16756 u=victor n=ansible | ok: [JasminNodoB] => {"changed": false, "cmd": ["/opt/jasmin/venv/bin/pip3", "install", "jasmin==0.11.1"], "name": ["jasmin==0.11.1"], "requirements": null, "state": "present", "stderr": "", "stderr_lines": [], "stdout": "Requirement already satisfied: jasmin==0.11.1 in /opt/jasmin/venv/lib/python3.10/site-packages (0.11.1)\nRequirement already satisfied: pyasn1~=0.5.0 in /opt/jasmin/venv/lib/python3.10/site-packages (from jasmin==0.11.1) (0.5.1)\nRequirement already satisfied: Twisted~=23.10.0 in /opt/jasmin/venv/lib/python3.10/site-packages (from jasmin==0.11.1) (23.10.0)\nRequirement already satisfied: treq~=23.11.0 in /opt/jasmin/venv/lib/python3.10/site-packages (from jasmin==0.11.1) (23.11.0)\nRequirement already satisfied: pyparsing~=3.1.1 in /opt/jasmin/venv/lib/python3.10/site-packages (from jasmin==0.11.1) (3.1.4)\nRequirement already satisfied: python-dateutil~=2.8.2 in /opt/jasmin/venv/lib/python3.10/site-packages (from jasmin==0.11.1) (2.8.2)\nRequirement already satisfied: service_identity~=23.1.0 in /opt/jasmin/venv/lib/python3.10/site-packages (from jasmin==0.11.1) (23.1.0)\nRequirement already satisfied: lockfile~=0.12.2 in /opt/jasmin/venv/lib/python3.10/site-packages (from jasmin==0.11.1) (0.12.2)\nRequirement already satisfied: falcon~=3.1.1 in /opt/jasmin/venv/lib/python3.10/site-packages (from jasmin==0.11.1) (3.1.3)\nRequirement already satisfied: txredisapi~=1.4.7 in /opt/jasmin/venv/lib/python3.10/site-packages (from jasmin==0.11.1) (1.4.11)\nRequirement already satisfied: tabulate~=0.8.7 in /opt/jasmin/venv/lib/python3.10/site-packages (from jasmin==0.11.1) (0.8.10)\nRequirement already satisfied: txAMQP3~=0.9.4 in /opt/jasmin/venv/lib/python3.10/site-packages (from jasmin==0.11.1) (0.9.4)\nRequirement already satisfied: smpp.pdu3~=0.6 in /opt/jasmin/venv/lib/python3.10/site-packages (from jasmin==0.11.1) (0.6)\nRequirement already satisfied: smpp.twisted3~=0.8 in /opt/jasmin/venv/lib/python3.10/site-packages (from jasmin==0.11.1) (0.8)\nRequirement already satisfied: python-messaging~=0.5.13 in /opt/jasmin/venv/lib/python3.10/site-packages (from jasmin==0.11.1) (0.5.13)\nRequirement already satisfied: cryptography~=41.0.5 in /opt/jasmin/venv/lib/python3.10/site-packages (from jasmin==0.11.1) (41.0.7)\nRequirement already satisfied: pyopenssl~=23.3.0 in /opt/jasmin/venv/lib/python3.10/site-packages (from jasmin==0.11.1) (23.3.0)\nRequirement already satisfied: celery~=5.3.5 in /opt/jasmin/venv/lib/python3.10/site-packages (from jasmin==0.11.1) (5.3.6)\nRequirement already satisfied: redis~=5.0.1 in /opt/jasmin/venv/lib/python3.10/site-packages (from jasmin==0.11.1) (5.0.8)\nRequirement already satisfied: requests~=2.31.0 in /opt/jasmin/venv/lib/python3.10/site-packages (from jasmin==0.11.1) (2.31.0)\nRequirement already satisfied: python-mimeparse~=1.6.0 in /opt/jasmin/venv/lib/python3.10/site-packages (from jasmin==0.11.1) (1.6.0)\nRequirement already satisfied: prometheus-client~=0.18.0 in /opt/jasmin/venv/lib/python3.10/site-packages (from jasmin==0.11.1) (0.18.0)\nRequirement already satisfied: billiard<5.0,>=4.2.0 in /opt/jasmin/venv/lib/python3.10/site-packages (from celery~=5.3.5->jasmin==0.11.1) (4.2.2)\nRequirement already satisfied: click-didyoumean>=0.3.0 in /opt/jasmin/venv/lib/python3.10/site-packages (from celery~=5.3.5->jasmin==0.11.1) (0.3.1)\nRequirement already satisfied: click-plugins>=1.1.1 in /opt/jasmin/venv/lib/python3.10/site-packages (from celery~=5.3.5->jasmin==0.11.1) (1.1.1.2)\nRequirement already satisfied: click-repl>=0.2.0 in /opt/jasmin/venv/lib/python3.10/site-packages (from celery~=5.3.5->jasmin==0.11.1) (0.3.0)\nRequirement already satisfied: click<9.0,>=8.1.2 in /opt/jasmin/venv/lib/python3.10/site-packages (from celery~=5.3.5->jasmin==0.11.1) (8.3.0)\nRequirement already satisfied: kombu<6.0,>=5.3.4 in /opt/jasmin/venv/lib/python3.10/site-packages (from celery~=5.3.5->jasmin==0.11.1) (5.6.0)\nRequirement already satisfied: tzdata>=2022.7 in /opt/jasmin/venv/lib/python3.10/site-packages (from celery~=5.3.5->jasmin==0.11.1) (2025.2)\nRequirement already satisfied: vine<6.0,>=5.1.0 in /opt/jasmin/venv/lib/python3.10/site-packages (from celery~=5.3.5->jasmin==0.11.1) (5.1.0)\nRequirement already satisfied: cffi>=1.12 in /opt/jasmin/venv/lib/python3.10/site-packages (from cryptography~=41.0.5->jasmin==0.11.1) (2.0.0)\nRequirement already satisfied: amqp<6.0.0,>=5.1.1 in /opt/jasmin/venv/lib/python3.10/site-packages (from kombu<6.0,>=5.3.4->celery~=5.3.5->jasmin==0.11.1) (5.3.1)\nRequirement already satisfied: packaging in /opt/jasmin/venv/lib/python3.10/site-packages (from kombu<6.0,>=5.3.4->celery~=5.3.5->jasmin==0.11.1) (25.0)\nRequirement already satisfied: six>=1.5 in /opt/jasmin/venv/lib/python3.10/site-packages (from python-dateutil~=2.8.2->jasmin==0.11.1) (1.17.0)\nRequirement already satisfied: async-timeout>=4.0.3 in /opt/jasmin/venv/lib/python3.10/site-packages (from redis~=5.0.1->jasmin==0.11.1) (5.0.1)\nRequirement already satisfied: charset-normalizer<4,>=2 in /opt/jasmin/venv/lib/python3.10/site-packages (from requests~=2.31.0->jasmin==0.11.1) (3.4.4)\nRequirement already satisfied: idna<4,>=2.5 in /opt/jasmin/venv/lib/python3.10/site-packages (from requests~=2.31.0->jasmin==0.11.1) (3.11)\nRequirement already satisfied: urllib3<3,>=1.21.1 in /opt/jasmin/venv/lib/python3.10/site-packages (from requests~=2.31.0->jasmin==0.11.1) (2.5.0)\nRequirement already satisfied: certifi>=2017.4.17 in /opt/jasmin/venv/lib/python3.10/site-packages (from requests~=2.31.0->jasmin==0.11.1) (2025.10.5)\nRequirement already satisfied: attrs>=19.1.0 in /opt/jasmin/venv/lib/python3.10/site-packages (from service_identity~=23.1.0->jasmin==0.11.1) (25.4.0)\nRequirement already satisfied: pyasn1-modules in /opt/jasmin/venv/lib/python3.10/site-packages (from service_identity~=23.1.0->jasmin==0.11.1) (0.4.1)\nRequirement already satisfied: incremental in /opt/jasmin/venv/lib/python3.10/site-packages (from treq~=23.11.0->jasmin==0.11.1) (24.7.2)\nRequirement already satisfied: hyperlink>=21.0.0 in /opt/jasmin/venv/lib/python3.10/site-packages (from treq~=23.11.0->jasmin==0.11.1) (21.0.0)\nRequirement already satisfied: automat>=0.8.0 in /opt/jasmin/venv/lib/python3.10/site-packages (from Twisted~=23.10.0->jasmin==0.11.1) (25.4.16)\nRequirement already satisfied: constantly>=15.1 in /opt/jasmin/venv/lib/python3.10/site-packages (from Twisted~=23.10.0->jasmin==0.11.1) (23.10.4)\nRequirement already satisfied: typing-extensions>=4.2.0 in /opt/jasmin/venv/lib/python3.10/site-packages (from Twisted~=23.10.0->jasmin==0.11.1) (4.15.0)\nRequirement already satisfied: zope-interface>=5 in /opt/jasmin/venv/lib/python3.10/site-packages (from Twisted~=23.10.0->jasmin==0.11.1) (8.1)\nRequirement already satisfied: pycparser in /opt/jasmin/venv/lib/python3.10/site-packages (from cffi>=1.12->cryptography~=41.0.5->jasmin==0.11.1) (2.23)\nRequirement already satisfied: prompt-toolkit>=3.0.36 in /opt/jasmin/venv/lib/python3.10/site-packages (from click-repl>=0.2.0->celery~=5.3.5->jasmin==0.11.1) (3.0.52)\nRequirement already satisfied: setuptools>=61.0 in /opt/jasmin/venv/lib/python3.10/site-packages (from incremental->treq~=23.11.0->jasmin==0.11.1) (80.9.0)\nRequirement already satisfied: tomli in /opt/jasmin/venv/lib/python3.10/site-packages (from incremental->treq~=23.11.0->jasmin==0.11.1) (2.3.0)\nRequirement already satisfied: wcwidth in /opt/jasmin/venv/lib/python3.10/site-packages (from prompt-toolkit>=3.0.36->click-repl>=0.2.0->celery~=5.3.5->jasmin==0.11.1) (0.2.14)\n", "stdout_lines": ["Requirement already satisfied: jasmin==0.11.1 in /opt/jasmin/venv/lib/python3.10/site-packages (0.11.1)", "Requirement already satisfied: pyasn1~=0.5.0 in /opt/jasmin/venv/lib/python3.10/site-packages (from jasmin==0.11.1) (0.5.1)", "Requirement already satisfied: Twisted~=23.10.0 in /opt/jasmin/venv/lib/python3.10/site-packages (from jasmin==0.11.1) (23.10.0)", "Requirement already satisfied: treq~=23.11.0 in /opt/jasmin/venv/lib/python3.10/site-packages (from jasmin==0.11.1) (23.11.0)", "Requirement already satisfied: pyparsing~=3.1.1 in /opt/jasmin/venv/lib/python3.10/site-packages (from jasmin==0.11.1) (3.1.4)", "Requirement already satisfied: python-dateutil~=2.8.2 in /opt/jasmin/venv/lib/python3.10/site-packages (from jasmin==0.11.1) (2.8.2)", "Requirement already satisfied: service_identity~=23.1.0 in /opt/jasmin/venv/lib/python3.10/site-packages (from jasmin==0.11.1) (23.1.0)", "Requirement already satisfied: lockfile~=0.12.2 in /opt/jasmin/venv/lib/python3.10/site-packages (from jasmin==0.11.1) (0.12.2)", "Requirement already satisfied: falcon~=3.1.1 in /opt/jasmin/venv/lib/python3.10/site-packages (from jasmin==0.11.1) (3.1.3)", "Requirement already satisfied: txredisapi~=1.4.7 in /opt/jasmin/venv/lib/python3.10/site-packages (from jasmin==0.11.1) (1.4.11)", "Requirement already satisfied: tabulate~=0.8.7 in /opt/jasmin/venv/lib/python3.10/site-packages (from jasmin==0.11.1) (0.8.10)", "Requirement already satisfied: txAMQP3~=0.9.4 in /opt/jasmin/venv/lib/python3.10/site-packages (from jasmin==0.11.1) (0.9.4)", "Requirement already satisfied: smpp.pdu3~=0.6 in /opt/jasmin/venv/lib/python3.10/site-packages (from jasmin==0.11.1) (0.6)", "Requirement already satisfied: smpp.twisted3~=0.8 in /opt/jasmin/venv/lib/python3.10/site-packages (from jasmin==0.11.1) (0.8)", "Requirement already satisfied: python-messaging~=0.5.13 in /opt/jasmin/venv/lib/python3.10/site-packages (from jasmin==0.11.1) (0.5.13)", "Requirement already satisfied: cryptography~=41.0.5 in /opt/jasmin/venv/lib/python3.10/site-packages (from jasmin==0.11.1) (41.0.7)", "Requirement already satisfied: pyopenssl~=23.3.0 in /opt/jasmin/venv/lib/python3.10/site-packages (from jasmin==0.11.1) (23.3.0)", "Requirement already satisfied: celery~=5.3.5 in /opt/jasmin/venv/lib/python3.10/site-packages (from jasmin==0.11.1) (5.3.6)", "Requirement already satisfied: redis~=5.0.1 in /opt/jasmin/venv/lib/python3.10/site-packages (from jasmin==0.11.1) (5.0.8)", "Requirement already satisfied: requests~=2.31.0 in /opt/jasmin/venv/lib/python3.10/site-packages (from jasmin==0.11.1) (2.31.0)", "Requirement already satisfied: python-mimeparse~=1.6.0 in /opt/jasmin/venv/lib/python3.10/site-packages (from jasmin==0.11.1) (1.6.0)", "Requirement already satisfied: prometheus-client~=0.18.0 in /opt/jasmin/venv/lib/python3.10/site-packages (from jasmin==0.11.1) (0.18.0)", "Requirement already satisfied: billiard<5.0,>=4.2.0 in /opt/jasmin/venv/lib/python3.10/site-packages (from celery~=5.3.5->jasmin==0.11.1) (4.2.2)", "Requirement already satisfied: click-didyoumean>=0.3.0 in /opt/jasmin/venv/lib/python3.10/site-packages (from celery~=5.3.5->jasmin==0.11.1) (0.3.1)", "Requirement already satisfied: click-plugins>=1.1.1 in /opt/jasmin/venv/lib/python3.10/site-packages (from celery~=5.3.5->jasmin==0.11.1) (1.1.1.2)", "Requirement already satisfied: click-repl>=0.2.0 in /opt/jasmin/venv/lib/python3.10/site-packages (from celery~=5.3.5->jasmin==0.11.1) (0.3.0)", "Requirement already satisfied: click<9.0,>=8.1.2 in /opt/jasmin/venv/lib/python3.10/site-packages (from celery~=5.3.5->jasmin==0.11.1) (8.3.0)", "Requirement already satisfied: kombu<6.0,>=5.3.4 in /opt/jasmin/venv/lib/python3.10/site-packages (from celery~=5.3.5->jasmin==0.11.1) (5.6.0)", "Requirement already satisfied: tzdata>=2022.7 in /opt/jasmin/venv/lib/python3.10/site-packages (from celery~=5.3.5->jasmin==0.11.1) (2025.2)", "Requirement already satisfied: vine<6.0,>=5.1.0 in /opt/jasmin/venv/lib/python3.10/site-packages (from celery~=5.3.5->jasmin==0.11.1) (5.1.0)", "Requirement already satisfied: cffi>=1.12 in /opt/jasmin/venv/lib/python3.10/site-packages (from cryptography~=41.0.5->jasmin==0.11.1) (2.0.0)", "Requirement already satisfied: amqp<6.0.0,>=5.1.1 in /opt/jasmin/venv/lib/python3.10/site-packages (from kombu<6.0,>=5.3.4->celery~=5.3.5->jasmin==0.11.1) (5.3.1)", "Requirement already satisfied: packaging in /opt/jasmin/venv/lib/python3.10/site-packages (from kombu<6.0,>=5.3.4->celery~=5.3.5->jasmin==0.11.1) (25.0)", "Requirement already satisfied: six>=1.5 in /opt/jasmin/venv/lib/python3.10/site-packages (from python-dateutil~=2.8.2->jasmin==0.11.1) (1.17.0)", "Requirement already satisfied: async-timeout>=4.0.3 in /opt/jasmin/venv/lib/python3.10/site-packages (from redis~=5.0.1->jasmin==0.11.1) (5.0.1)", "Requirement already satisfied: charset-normalizer<4,>=2 in /opt/jasmin/venv/lib/python3.10/site-packages (from requests~=2.31.0->jasmin==0.11.1) (3.4.4)", "Requirement already satisfied: idna<4,>=2.5 in /opt/jasmin/venv/lib/python3.10/site-packages (from requests~=2.31.0->jasmin==0.11.1) (3.11)", "Requirement already satisfied: urllib3<3,>=1.21.1 in /opt/jasmin/venv/lib/python3.10/site-packages (from requests~=2.31.0->jasmin==0.11.1) (2.5.0)", "Requirement already satisfied: certifi>=2017.4.17 in /opt/jasmin/venv/lib/python3.10/site-packages (from requests~=2.31.0->jasmin==0.11.1) (2025.10.5)", "Requirement already satisfied: attrs>=19.1.0 in /opt/jasmin/venv/lib/python3.10/site-packages (from service_identity~=23.1.0->jasmin==0.11.1) (25.4.0)", "Requirement already satisfied: pyasn1-modules in /opt/jasmin/venv/lib/python3.10/site-packages (from service_identity~=23.1.0->jasmin==0.11.1) (0.4.1)", "Requirement already satisfied: incremental in /opt/jasmin/venv/lib/python3.10/site-packages (from treq~=23.11.0->jasmin==0.11.1) (24.7.2)", "Requirement already satisfied: hyperlink>=21.0.0 in /opt/jasmin/venv/lib/python3.10/site-packages (from treq~=23.11.0->jasmin==0.11.1) (21.0.0)", "Requirement already satisfied: automat>=0.8.0 in /opt/jasmin/venv/lib/python3.10/site-packages (from Twisted~=23.10.0->jasmin==0.11.1) (25.4.16)", "Requirement already satisfied: constantly>=15.1 in /opt/jasmin/venv/lib/python3.10/site-packages (from Twisted~=23.10.0->jasmin==0.11.1) (23.10.4)", "Requirement already satisfied: typing-extensions>=4.2.0 in /opt/jasmin/venv/lib/python3.10/site-packages (from Twisted~=23.10.0->jasmin==0.11.1) (4.15.0)", "Requirement already satisfied: zope-interface>=5 in /opt/jasmin/venv/lib/python3.10/site-packages (from Twisted~=23.10.0->jasmin==0.11.1) (8.1)", "Requirement already satisfied: pycparser in /opt/jasmin/venv/lib/python3.10/site-packages (from cffi>=1.12->cryptography~=41.0.5->jasmin==0.11.1) (2.23)", "Requirement already satisfied: prompt-toolkit>=3.0.36 in /opt/jasmin/venv/lib/python3.10/site-packages (from click-repl>=0.2.0->celery~=5.3.5->jasmin==0.11.1) (3.0.52)", "Requirement already satisfied: setuptools>=61.0 in /opt/jasmin/venv/lib/python3.10/site-packages (from incremental->treq~=23.11.0->jasmin==0.11.1) (80.9.0)", "Requirement already satisfied: tomli in /opt/jasmin/venv/lib/python3.10/site-packages (from incremental->treq~=23.11.0->jasmin==0.11.1) (2.3.0)", "Requirement already satisfied: wcwidth in /opt/jasmin/venv/lib/python3.10/site-packages (from prompt-toolkit>=3.0.36->click-repl>=0.2.0->celery~=5.3.5->jasmin==0.11.1) (0.2.14)"], "version": null, "virtualenv": "/opt/jasmin/venv"}
2025-11-11 20:05:59,210 p=16756 u=victor n=ansible | TASK [jasmin-primary : Install additional Python dependencies] *********************************************************************************************
2025-11-11 20:06:00,473 p=16756 u=victor n=ansible | ok: [JasminNodoB] => {"changed": false, "cmd": ["/opt/jasmin/venv/bin/pip3", "install", "redis", "pymysql", "cryptography"], "name": ["redis", "pymysql", "cryptography"], "requirements": null, "state": "present", "stderr": "", "stderr_lines": [], "stdout": "Requirement already satisfied: redis in /opt/jasmin/venv/lib/python3.10/site-packages (5.0.8)\nRequirement already satisfied: pymysql in /opt/jasmin/venv/lib/python3.10/site-packages (1.1.2)\nRequirement already satisfied: cryptography in /opt/jasmin/venv/lib/python3.10/site-packages (41.0.7)\nRequirement already satisfied: async-timeout>=4.0.3 in /opt/jasmin/venv/lib/python3.10/site-packages (from redis) (5.0.1)\nRequirement already satisfied: cffi>=1.12 in /opt/jasmin/venv/lib/python3.10/site-packages (from cryptography) (2.0.0)\nRequirement already satisfied: pycparser in /opt/jasmin/venv/lib/python3.10/site-packages (from cffi>=1.12->cryptography) (2.23)\n", "stdout_lines": ["Requirement already satisfied: redis in /opt/jasmin/venv/lib/python3.10/site-packages (5.0.8)", "Requirement already satisfied: pymysql in /opt/jasmin/venv/lib/python3.10/site-packages (1.1.2)", "Requirement already satisfied: cryptography in /opt/jasmin/venv/lib/python3.10/site-packages (41.0.7)", "Requirement already satisfied: async-timeout>=4.0.3 in /opt/jasmin/venv/lib/python3.10/site-packages (from redis) (5.0.1)", "Requirement already satisfied: cffi>=1.12 in /opt/jasmin/venv/lib/python3.10/site-packages (from cryptography) (2.0.0)", "Requirement already satisfied: pycparser in /opt/jasmin/venv/lib/python3.10/site-packages (from cffi>=1.12->cryptography) (2.23)"], "version": null, "virtualenv": "/opt/jasmin/venv"}
2025-11-11 20:06:00,486 p=16756 u=victor n=ansible | TASK [jasmin-primary : Deploy Jasmin configuration] ********************************************************************************************************
2025-11-11 20:06:01,394 p=16756 u=victor n=ansible | ok: [JasminNodoB] => {"changed": false, "checksum": "b8e48c4c48baecf116ae9d5ef9ead0c755fbe8e5", "dest": "/opt/jasmin/config/jasmin.cfg", "gid": 999, "group": "jasmin", "mode": "0644", "owner": "jasmin", "path": "/opt/jasmin/config/jasmin.cfg", "size": 612, "state": "file", "uid": 998}
2025-11-11 20:06:01,410 p=16756 u=victor n=ansible | TASK [jasmin-primary : Deploy RabbitMQ configuration for Jasmin] *******************************************************************************************
2025-11-11 20:06:02,139 p=16756 u=victor n=ansible | ok: [JasminNodoB] => {"changed": false, "checksum": "efccb05dfd1e2ed06bdba9ed6efbb3449b650cc3", "dest": "/etc/rabbitmq/rabbitmq.config", "gid": 123, "group": "rabbitmq", "mode": "0644", "owner": "rabbitmq", "path": "/etc/rabbitmq/rabbitmq.config", "size": 48, "state": "file", "uid": 118}
2025-11-11 20:06:02,154 p=16756 u=victor n=ansible | TASK [jasmin-primary : Ensure RabbitMQ is started and enabled] *********************************************************************************************
2025-11-11 20:06:02,907 p=16756 u=victor n=ansible | ok: [JasminNodoB] => {"changed": false, "enabled": true, "name": "rabbitmq-server", "state": "started", "status": {"ActiveEnterTimestamp": "Tue 2025-11-11 19:44:28 -03", "ActiveEnterTimestampMonotonic": "635167139318", "ActiveExitTimestamp": "Tue 2025-11-11 19:44:19 -03", "ActiveExitTimestampMonotonic": "635158464683", "ActiveState": "active", "After": "network.target sysinit.target system.slice -.mount epmd.socket basic.target", "AllowIsolate": "no", "AssertResult": "yes", "AssertTimestamp": "Tue 2025-11-11 19:44:21 -03", "AssertTimestampMonotonic": "635160180857", "Before": "multi-user.target shutdown.target", "BlockIOAccounting": "no", "BlockIOWeight": "[not set]", "CPUAccounting": "yes", "CPUAffinityFromNUMA": "no", "CPUQuotaPerSecUSec": "infinity", "CPUQuotaPeriodUSec": "infinity", "CPUSchedulingPolicy": "0", "CPUSchedulingPriority": "0", "CPUSchedulingResetOnFork": "no", "CPUShares": "[not set]", "CPUUsageNSec": "15455906000", "CPUWeight": "[not set]", "CacheDirectoryMode": "0755", "CanFreeze": "yes", "CanIsolate": "no", "CanReload": "no", "CanStart": "yes", "CanStop": "yes", "CapabilityBoundingSet": "cap_chown cap_dac_override cap_dac_read_search cap_fowner cap_fsetid cap_kill cap_setgid cap_setuid cap_setpcap cap_linux_immutable cap_net_bind_service cap_net_broadcast cap_net_admin cap_net_raw cap_ipc_lock cap_ipc_owner cap_sys_module cap_sys_rawio cap_sys_chroot cap_sys_ptrace cap_sys_pacct cap_sys_admin cap_sys_boot cap_sys_nice cap_sys_resource cap_sys_time cap_sys_tty_config cap_mknod cap_lease cap_audit_write cap_audit_control cap_setfcap cap_mac_override cap_mac_admin cap_syslog cap_wake_alarm cap_block_suspend cap_audit_read cap_perfmon cap_bpf cap_checkpoint_restore", "CleanResult": "success", "CollectMode": "inactive", "ConditionResult": "yes", "ConditionTimestamp": "Tue 2025-11-11 19:44:21 -03", "ConditionTimestampMonotonic": "635160180854", "ConfigurationDirectoryMode": "0755", "Conflicts": "shutdown.target", "ControlGroup": "/system.slice/rabbitmq-server.service", "ControlPID": "0", "CoredumpFilter": "0x33", "DefaultDependencies": "yes", "DefaultMemoryLow": "0", "DefaultMemoryMin": "0", "Delegate": "no", "Description": "RabbitMQ Messaging Server", "DevicePolicy": "auto", "DynamicUser": "no", "EffectiveCPUs": "0-3", "EffectiveMemoryNodes": "0", "ExecMainCode": "0", "ExecMainExitTimestamp": "n/a", "ExecMainExitTimestampMonotonic": "0", "ExecMainPID": "40918", "ExecMainStartTimestamp": "Tue 2025-11-11 19:44:21 -03", "ExecMainStartTimestampMonotonic": "635160183057", "ExecMainStatus": "0", "ExecStart": "{ path=/usr/lib/rabbitmq/bin/rabbitmq-server ; argv[]=/usr/lib/rabbitmq/bin/rabbitmq-server ; ignore_errors=no ; start_time=[n/a] ; stop_time=[n/a] ; pid=0 ; code=(null) ; status=0/0 }", "ExecStartEx": "{ path=/usr/lib/rabbitmq/bin/rabbitmq-server ; argv[]=/usr/lib/rabbitmq/bin/rabbitmq-server ; flags= ; start_time=[n/a] ; stop_time=[n/a] ; pid=0 ; code=(null) ; status=0/0 }", "ExecStop": "{ path=/usr/sbin/rabbitmqctl ; argv[]=/usr/sbin/rabbitmqctl stop ; ignore_errors=no ; start_time=[n/a] ; stop_time=[n/a] ; pid=0 ; code=(null) ; status=0/0 }", "ExecStopEx": "{ path=/usr/sbin/rabbitmqctl ; argv[]=/usr/sbin/rabbitmqctl stop ; flags= ; start_time=[n/a] ; stop_time=[n/a] ; pid=0 ; code=(null) ; status=0/0 }", "FailureAction": "none", "FileDescriptorStoreMax": "0", "FinalKillSignal": "9", "FragmentPath": "/lib/systemd/system/rabbitmq-server.service", "FreezerState": "running", "GID": "123", "Group": "rabbitmq", "GuessMainPID": "yes", "IOAccounting": "no", "IOReadBytes": "18446744073709551615", "IOReadOperations": "18446744073709551615", "IOSchedulingClass": "2", "IOSchedulingPriority": "4", "IOWeight": "[not set]", "IOWriteBytes": "18446744073709551615", "IOWriteOperations": "18446744073709551615", "IPAccounting": "no", "IPEgressBytes": "[no data]", "IPEgressPackets": "[no data]", "IPIngressBytes": "[no data]", "IPIngressPackets": "[no data]", "Id": "rabbitmq-server.service", "IgnoreOnIsolate": "no", "IgnoreSIGPIPE": "yes", "InactiveEnterTimestamp": "Tue 2025-11-11 19:44:21 -03", "InactiveEnterTimestampMonotonic": "635160179541", "InactiveExitTimestamp": "Tue 2025-11-11 19:44:21 -03", "InactiveExitTimestampMonotonic": "635160183572", "InvocationID": "0cba913600ca4bc58ffb2fb92313d575", "JobRunningTimeoutUSec": "infinity", "JobTimeoutAction": "none", "JobTimeoutUSec": "infinity", "KeyringMode": "private", "KillMode": "control-group", "KillSignal": "15", "LimitAS": "infinity", "LimitASSoft": "infinity", "LimitCORE": "infinity", "LimitCORESoft": "0", "LimitCPU": "infinity", "LimitCPUSoft": "infinity", "LimitDATA": "infinity", "LimitDATASoft": "infinity", "LimitFSIZE": "infinity", "LimitFSIZESoft": "infinity", "LimitLOCKS": "infinity", "LimitLOCKSSoft": "infinity", "LimitMEMLOCK": "65536", "LimitMEMLOCKSoft": "65536", "LimitMSGQUEUE": "819200", "LimitMSGQUEUESoft": "819200", "LimitNICE": "0", "LimitNICESoft": "0", "LimitNOFILE": "65536", "LimitNOFILESoft": "65536", "LimitNPROC": "31288", "LimitNPROCSoft": "31288", "LimitRSS": "infinity", "LimitRSSSoft": "infinity", "LimitRTPRIO": "0", "LimitRTPRIOSoft": "0", "LimitRTTIME": "infinity", "LimitRTTIMESoft": "infinity", "LimitSIGPENDING": "31288", "LimitSIGPENDINGSoft": "31288", "LimitSTACK": "infinity", "LimitSTACKSoft": "8388608", "LoadState": "loaded", "LockPersonality": "no", "LogLevelMax": "-1", "LogRateLimitBurst": "0", "LogRateLimitIntervalUSec": "0", "LogsDirectoryMode": "0755", "MainPID": "40918", "ManagedOOMMemoryPressure": "auto", "ManagedOOMMemoryPressureLimit": "0", "ManagedOOMPreference": "none", "ManagedOOMSwap": "auto", "MemoryAccounting": "yes", "MemoryAvailable": "infinity", "MemoryCurrent": "89333760", "MemoryDenyWriteExecute": "no", "MemoryHigh": "infinity", "MemoryLimit": "infinity", "MemoryLow": "0", "MemoryMax": "infinity", "MemoryMin": "0", "MemorySwapMax": "infinity", "MountAPIVFS": "no", "NFileDescriptorStore": "0", "NRestarts": "0", "NUMAPolicy": "n/a", "Names": "rabbitmq-server.service", "NeedDaemonReload": "no", "Nice": "0", "NoNewPrivileges": "no", "NonBlocking": "no", "NotifyAccess": "all", "OOMPolicy": "stop", "OOMScoreAdjust": "0", "OnFailureJobMode": "replace", "OnSuccessJobMode": "fail", "Perpetual": "no", "PrivateDevices": "no", "PrivateIPC": "no", "PrivateMounts": "no", "PrivateNetwork": "no", "PrivateTmp": "no", "PrivateUsers": "no", "ProcSubset": "all", "ProtectClock": "no", "ProtectControlGroups": "no", "ProtectHome": "no", "ProtectHostname": "no", "ProtectKernelLogs": "no", "ProtectKernelModules": "no", "ProtectKernelTunables": "no", "ProtectProc": "default", "ProtectSystem": "no", "RefuseManualStart": "no", "RefuseManualStop": "no", "ReloadResult": "success", "RemainAfterExit": "no", "RemoveIPC": "no", "Requires": "-.mount system.slice sysinit.target", "RequiresMountsFor": "/var/lib/rabbitmq", "Restart": "on-failure", "RestartKillSignal": "15", "RestartUSec": "10s", "RestrictNamespaces": "no", "RestrictRealtime": "no", "RestrictSUIDSGID": "no", "Result": "success", "RootDirectoryStartOnly": "no", "RuntimeDirectoryMode": "0755", "RuntimeDirectoryPreserve": "no", "RuntimeMaxUSec": "infinity", "SameProcessGroup": "no", "SecureBits": "0", "SendSIGHUP": "no", "SendSIGKILL": "yes", "Slice": "system.slice", "StandardError": "append", "StandardInput": "null", "StandardOutput": "append", "StartLimitAction": "none", "StartLimitBurst": "5", "StartLimitIntervalUSec": "10s", "StartupBlockIOWeight": "[not set]", "StartupCPUShares": "[not set]", "StartupCPUWeight": "[not set]", "StartupIOWeight": "[not set]", "StateChangeTimestamp": "Tue 2025-11-11 19:44:28 -03", "StateChangeTimestampMonotonic": "635167139318", "StateDirectoryMode": "0755", "StatusErrno": "0", "StopWhenUnneeded": "no", "SubState": "running", "SuccessAction": "none", "SyslogFacility": "3", "SyslogIdentifier": "rabbitmq", "SyslogLevel": "6", "SyslogLevelPrefix": "yes", "SyslogPriority": "30", "SystemCallErrorNumber": "2147483646", "TTYReset": "no", "TTYVHangup": "no", "TTYVTDisallocate": "no", "TasksAccounting": "yes", "TasksCurrent": "28", "TasksMax": "9386", "TimeoutAbortUSec": "1min 30s", "TimeoutCleanUSec": "infinity", "TimeoutStartFailureMode": "terminate", "TimeoutStartUSec": "10min", "TimeoutStopFailureMode": "terminate", "TimeoutStopUSec": "1min 30s", "TimerSlackNSec": "50000", "Transient": "no", "Type": "notify", "UID": "118", "UMask": "0027", "UnitFilePreset": "enabled", "UnitFileState": "enabled", "User": "rabbitmq", "UtmpMode": "init", "WantedBy": "multi-user.target", "Wants": "epmd.socket network.target", "WatchdogSignal": "6", "WatchdogTimestamp": "n/a", "WatchdogTimestampMonotonic": "0", "WatchdogUSec": "0", "WorkingDirectory": "/var/lib/rabbitmq"}}
2025-11-11 20:06:02,915 p=16756 u=victor n=ansible | TASK [jasmin-primary : Wait for RabbitMQ to start] *********************************************************************************************************
2025-11-11 20:06:06,533 p=16756 u=victor n=ansible | ok: [JasminNodoB] => {"changed": false, "elapsed": 3, "match_groupdict": {}, "match_groups": [], "path": null, "port": 5672, "search_regex": null, "state": "started"}
2025-11-11 20:06:06,552 p=16756 u=victor n=ansible | TASK [jasmin-primary : Create RabbitMQ user for Jasmin] ****************************************************************************************************
2025-11-11 20:06:07,546 p=16756 u=victor n=ansible | ok: [JasminNodoB] => {"changed": false, "cmd": ["rabbitmqctl", "add_user", "jasmin", "jasmin"], "delta": "0:00:00.615242", "end": "2025-11-11 20:06:06.085019", "failed_when_result": false, "msg": "non-zero return code", "rc": 70, "start": "2025-11-11 20:06:05.469777", "stderr": "Error:\nUser \"jasmin\" already exists", "stderr_lines": ["Error:", "User \"jasmin\" already exists"], "stdout": "Adding user \"jasmin\" ...", "stdout_lines": ["Adding user \"jasmin\" ..."]}
2025-11-11 20:06:07,556 p=16756 u=victor n=ansible | TASK [jasmin-primary : Set RabbitMQ permissions for Jasmin user] *******************************************************************************************
2025-11-11 20:06:08,512 p=16756 u=victor n=ansible | changed: [JasminNodoB] => {"changed": true, "cmd": ["rabbitmqctl", "set_permissions", "-p", "/", "jasmin", ".*", ".*", ".*"], "delta": "0:00:00.605981", "end": "2025-11-11 20:06:07.001633", "msg": "", "rc": 0, "start": "2025-11-11 20:06:06.395652", "stderr": "", "stderr_lines": [], "stdout": "Setting permissions for user \"jasmin\" in vhost \"/\" ...", "stdout_lines": ["Setting permissions for user \"jasmin\" in vhost \"/\" ..."]}
2025-11-11 20:06:08,525 p=16756 u=victor n=ansible | TASK [jasmin-primary : Deploy Supervisor configuration for Jasmin services] ********************************************************************************
2025-11-11 20:06:09,306 p=16756 u=victor n=ansible | ok: [JasminNodoB] => {"changed": false, "checksum": "e1989bd66b78db2518b64078fb62ea445a8459e3", "dest": "/etc/supervisor/conf.d/jasmin.conf", "gid": 0, "group": "root", "mode": "0644", "owner": "root", "path": "/etc/supervisor/conf.d/jasmin.conf", "size": 988, "state": "file", "uid": 0}
2025-11-11 20:06:09,320 p=16756 u=victor n=ansible | TASK [jasmin-primary : Ensure Supervisor is started and enabled] *******************************************************************************************
2025-11-11 20:06:09,896 p=16756 u=victor n=ansible | ok: [JasminNodoB] => {"changed": false, "enabled": true, "name": "supervisor", "state": "started", "status": {"ActiveEnterTimestamp": "Tue 2025-11-11 19:44:29 -03", "ActiveEnterTimestampMonotonic": "635168146149", "ActiveExitTimestamp": "Tue 2025-11-11 19:44:28 -03", "ActiveExitTimestampMonotonic": "635167660850", "ActiveState": "active", "After": "systemd-journald.socket sysinit.target basic.target system.slice network.target", "AllowIsolate": "no", "AssertResult": "yes", "AssertTimestamp": "Tue 2025-11-11 19:44:29 -03", "AssertTimestampMonotonic": "635168143570", "Before": "multi-user.target shutdown.target", "BlockIOAccounting": "no", "BlockIOWeight": "[not set]", "CPUAccounting": "yes", "CPUAffinityFromNUMA": "no", "CPUQuotaPerSecUSec": "infinity", "CPUQuotaPeriodUSec": "infinity", "CPUSchedulingPolicy": "0", "CPUSchedulingPriority": "0", "CPUSchedulingResetOnFork": "no", "CPUShares": "[not set]", "CPUUsageNSec": "5149482000", "CPUWeight": "[not set]", "CacheDirectoryMode": "0755", "CanFreeze": "yes", "CanIsolate": "no", "CanReload": "yes", "CanStart": "yes", "CanStop": "yes", "CapabilityBoundingSet": "cap_chown cap_dac_override cap_dac_read_search cap_fowner cap_fsetid cap_kill cap_setgid cap_setuid cap_setpcap cap_linux_immutable cap_net_bind_service cap_net_broadcast cap_net_admin cap_net_raw cap_ipc_lock cap_ipc_owner cap_sys_module cap_sys_rawio cap_sys_chroot cap_sys_ptrace cap_sys_pacct cap_sys_admin cap_sys_boot cap_sys_nice cap_sys_resource cap_sys_time cap_sys_tty_config cap_mknod cap_lease cap_audit_write cap_audit_control cap_setfcap cap_mac_override cap_mac_admin cap_syslog cap_wake_alarm cap_block_suspend cap_audit_read cap_perfmon cap_bpf cap_checkpoint_restore", "CleanResult": "success", "CollectMode": "inactive", "ConditionResult": "yes", "ConditionTimestamp": "Tue 2025-11-11 19:44:29 -03", "ConditionTimestampMonotonic": "635168143560", "ConfigurationDirectoryMode": "0755", "Conflicts": "shutdown.target", "ControlGroup": "/system.slice/supervisor.service", "ControlPID": "0", "CoredumpFilter": "0x33", "DefaultDependencies": "yes", "DefaultMemoryLow": "0", "DefaultMemoryMin": "0", "Delegate": "no", "Description": "Supervisor process control system for UNIX", "DevicePolicy": "auto", "Documentation": "http://supervisord.org", "DynamicUser": "no", "EffectiveCPUs": "0-3", "EffectiveMemoryNodes": "0", "ExecMainCode": "0", "ExecMainExitTimestamp": "n/a", "ExecMainExitTimestampMonotonic": "0", "ExecMainPID": "40999", "ExecMainStartTimestamp": "Tue 2025-11-11 19:44:29 -03", "ExecMainStartTimestampMonotonic": "635168145522", "ExecMainStatus": "0", "ExecReload": "{ path=/usr/bin/supervisorctl ; argv[]=/usr/bin/supervisorctl -c /etc/supervisor/supervisord.conf $OPTIONS reload ; ignore_errors=no ; start_time=[n/a] ; stop_time=[n/a] ; pid=0 ; code=(null) ; status=0/0 }", "ExecReloadEx": "{ path=/usr/bin/supervisorctl ; argv[]=/usr/bin/supervisorctl -c /etc/supervisor/supervisord.conf $OPTIONS reload ; flags= ; start_time=[n/a] ; stop_time=[n/a] ; pid=0 ; code=(null) ; status=0/0 }", "ExecStart": "{ path=/usr/bin/supervisord ; argv[]=/usr/bin/supervisord -n -c /etc/supervisor/supervisord.conf ; ignore_errors=no ; start_time=[n/a] ; stop_time=[n/a] ; pid=0 ; code=(null) ; status=0/0 }", "ExecStartEx": "{ path=/usr/bin/supervisord ; argv[]=/usr/bin/supervisord -n -c /etc/supervisor/supervisord.conf ; flags= ; start_time=[n/a] ; stop_time=[n/a] ; pid=0 ; code=(null) ; status=0/0 }", "ExecStop": "{ path=/usr/bin/supervisorctl ; argv[]=/usr/bin/supervisorctl $OPTIONS shutdown ; ignore_errors=no ; start_time=[n/a] ; stop_time=[n/a] ; pid=0 ; code=(null) ; status=0/0 }", "ExecStopEx": "{ path=/usr/bin/supervisorctl ; argv[]=/usr/bin/supervisorctl $OPTIONS shutdown ; flags= ; start_time=[n/a] ; stop_time=[n/a] ; pid=0 ; code=(null) ; status=0/0 }", "FailureAction": "none", "FileDescriptorStoreMax": "0", "FinalKillSignal": "9", "FragmentPath": "/lib/systemd/system/supervisor.service", "FreezerState": "running", "GID": "[not set]", "GuessMainPID": "yes", "IOAccounting": "no", "IOReadBytes": "18446744073709551615", "IOReadOperations": "18446744073709551615", "IOSchedulingClass": "2", "IOSchedulingPriority": "4", "IOWeight": "[not set]", "IOWriteBytes": "18446744073709551615", "IOWriteOperations": "18446744073709551615", "IPAccounting": "no", "IPEgressBytes": "[no data]", "IPEgressPackets": "[no data]", "IPIngressBytes": "[no data]", "IPIngressPackets": "[no data]", "Id": "supervisor.service", "IgnoreOnIsolate": "no", "IgnoreSIGPIPE": "yes", "InactiveEnterTimestamp": "Tue 2025-11-11 19:44:29 -03", "InactiveEnterTimestampMonotonic": "635168142293", "InactiveExitTimestamp": "Tue 2025-11-11 19:44:29 -03", "InactiveExitTimestampMonotonic": "635168146149", "InvocationID": "cfd9994dd3b24e87b392fc7ab5b642b2", "JobRunningTimeoutUSec": "infinity", "JobTimeoutAction": "none", "JobTimeoutUSec": "infinity", "KeyringMode": "private", "KillMode": "process", "KillSignal": "15", "LimitAS": "infinity", "LimitASSoft": "infinity", "LimitCORE": "infinity", "LimitCORESoft": "0", "LimitCPU": "infinity", "LimitCPUSoft": "infinity", "LimitDATA": "infinity", "LimitDATASoft": "infinity", "LimitFSIZE": "infinity", "LimitFSIZESoft": "infinity", "LimitLOCKS": "infinity", "LimitLOCKSSoft": "infinity", "LimitMEMLOCK": "65536", "LimitMEMLOCKSoft": "65536", "LimitMSGQUEUE": "819200", "LimitMSGQUEUESoft": "819200", "LimitNICE": "0", "LimitNICESoft": "0", "LimitNOFILE": "524288", "LimitNOFILESoft": "1024", "LimitNPROC": "31288", "LimitNPROCSoft": "31288", "LimitRSS": "infinity", "LimitRSSSoft": "infinity", "LimitRTPRIO": "0", "LimitRTPRIOSoft": "0", "LimitRTTIME": "infinity", "LimitRTTIMESoft": "infinity", "LimitSIGPENDING": "31288", "LimitSIGPENDINGSoft": "31288", "LimitSTACK": "infinity", "LimitSTACKSoft": "8388608", "LoadState": "loaded", "LockPersonality": "no", "LogLevelMax": "-1", "LogRateLimitBurst": "0", "LogRateLimitIntervalUSec": "0", "LogsDirectoryMode": "0755", "MainPID": "40999", "ManagedOOMMemoryPressure": "auto", "ManagedOOMMemoryPressureLimit": "0", "ManagedOOMPreference": "none", "ManagedOOMSwap": "auto", "MemoryAccounting": "yes", "MemoryAvailable": "infinity", "MemoryCurrent": "172445696", "MemoryDenyWriteExecute": "no", "MemoryHigh": "infinity", "MemoryLimit": "infinity", "MemoryLow": "0", "MemoryMax": "infinity", "MemoryMin": "0", "MemorySwapMax": "infinity", "MountAPIVFS": "no", "NFileDescriptorStore": "0", "NRestarts": "0", "NUMAPolicy": "n/a", "Names": "supervisor.service", "NeedDaemonReload": "no", "Nice": "0", "NoNewPrivileges": "no", "NonBlocking": "no", "NotifyAccess": "none", "OOMPolicy": "stop", "OOMScoreAdjust": "0", "OnFailureJobMode": "replace", "OnSuccessJobMode": "fail", "Perpetual": "no", "PrivateDevices": "no", "PrivateIPC": "no", "PrivateMounts": "no", "PrivateNetwork": "no", "PrivateTmp": "no", "PrivateUsers": "no", "ProcSubset": "all", "ProtectClock": "no", "ProtectControlGroups": "no", "ProtectHome": "no", "ProtectHostname": "no", "ProtectKernelLogs": "no", "ProtectKernelModules": "no", "ProtectKernelTunables": "no", "ProtectProc": "default", "ProtectSystem": "no", "RefuseManualStart": "no", "RefuseManualStop": "no", "ReloadResult": "success", "RemainAfterExit": "no", "RemoveIPC": "no", "Requires": "system.slice sysinit.target", "Restart": "on-failure", "RestartKillSignal": "15", "RestartUSec": "50s", "RestrictNamespaces": "no", "RestrictRealtime": "no", "RestrictSUIDSGID": "no", "Result": "success", "RootDirectoryStartOnly": "no", "RuntimeDirectoryMode": "0755", "RuntimeDirectoryPreserve": "no", "RuntimeMaxUSec": "infinity", "SameProcessGroup": "no", "SecureBits": "0", "SendSIGHUP": "no", "SendSIGKILL": "yes", "Slice": "system.slice", "StandardError": "inherit", "StandardInput": "null", "StandardOutput": "journal", "StartLimitAction": "none", "StartLimitBurst": "5", "StartLimitIntervalUSec": "10s", "StartupBlockIOWeight": "[not set]", "StartupCPUShares": "[not set]", "StartupCPUWeight": "[not set]", "StartupIOWeight": "[not set]", "StateChangeTimestamp": "Tue 2025-11-11 19:44:29 -03", "StateChangeTimestampMonotonic": "635168146149", "StateDirectoryMode": "0755", "StatusErrno": "0", "StopWhenUnneeded": "no", "SubState": "running", "SuccessAction": "none", "SyslogFacility": "3", "SyslogLevel": "6", "SyslogLevelPrefix": "yes", "SyslogPriority": "30", "SystemCallErrorNumber": "2147483646", "TTYReset": "no", "TTYVHangup": "no", "TTYVTDisallocate": "no", "TasksAccounting": "yes", "TasksCurrent": "5", "TasksMax": "9386", "TimeoutAbortUSec": "1min 30s", "TimeoutCleanUSec": "infinity", "TimeoutStartFailureMode": "terminate", "TimeoutStartUSec": "1min 30s", "TimeoutStopFailureMode": "terminate", "TimeoutStopUSec": "1min 30s", "TimerSlackNSec": "50000", "Transient": "no", "Type": "simple", "UID": "[not set]", "UMask": "0022", "UnitFilePreset": "enabled", "UnitFileState": "enabled", "UtmpMode": "init", "WantedBy": "multi-user.target", "WatchdogSignal": "6", "WatchdogTimestamp": "n/a", "WatchdogTimestampMonotonic": "0", "WatchdogUSec": "0"}}
2025-11-11 20:06:09,906 p=16756 u=victor n=ansible | TASK [jasmin-primary : Reload Supervisor to pick up new config] ********************************************************************************************
2025-11-11 20:06:10,516 p=16756 u=victor n=ansible | ok: [JasminNodoB] => {"changed": false, "cmd": ["supervisorctl", "reread"], "delta": "0:00:00.292985", "end": "2025-11-11 20:06:08.877390", "msg": "", "rc": 0, "start": "2025-11-11 20:06:08.584405", "stderr": "", "stderr_lines": [], "stdout": "No config updates to processes", "stdout_lines": ["No config updates to processes"]}
2025-11-11 20:06:10,528 p=16756 u=victor n=ansible | TASK [jasmin-primary : Update Supervisor] ******************************************************************************************************************
2025-11-11 20:06:11,139 p=16756 u=victor n=ansible | ok: [JasminNodoB] => {"changed": false, "cmd": ["supervisorctl", "update"], "delta": "0:00:00.283840", "end": "2025-11-11 20:06:09.465098", "msg": "", "rc": 0, "start": "2025-11-11 20:06:09.181258", "stderr": "", "stderr_lines": [], "stdout": "", "stdout_lines": []}
2025-11-11 20:06:11,152 p=16756 u=victor n=ansible | TASK [jasmin-primary : Start Jasmin services] **************************************************************************************************************
2025-11-11 20:06:11,760 p=16756 u=victor n=ansible | ok: [JasminNodoB] => {"changed": false, "cmd": ["supervisorctl", "start", "jasmin:*"], "delta": "0:00:00.279746", "end": "2025-11-11 20:06:10.050406", "msg": "", "rc": 0, "start": "2025-11-11 20:06:09.770660", "stderr": "", "stderr_lines": [], "stdout": "", "stdout_lines": []}
2025-11-11 20:06:11,769 p=16756 u=victor n=ansible | TASK [jasmin-primary : Allow Jasmin ports through firewall] ************************************************************************************************
2025-11-11 20:06:13,670 p=16756 u=victor n=ansible | ok: [JasminNodoB] => (item=2775) => {"ansible_loop_var": "item", "changed": false, "commands": ["/usr/sbin/ufw status verbose", "/usr/bin/grep -h '^### tuple' /lib/ufw/user.rules /lib/ufw/user6.rules /etc/ufw/user.rules /etc/ufw/user6.rules /var/lib/ufw/user.rules /var/lib/ufw/user6.rules", "/usr/sbin/ufw --version", "/usr/sbin/ufw allow from any to any port 2775 proto tcp", "/usr/sbin/ufw status verbose", "/usr/bin/grep -h '^### tuple' /lib/ufw/user.rules /lib/ufw/user6.rules /etc/ufw/user.rules /etc/ufw/user6.rules /var/lib/ufw/user.rules /var/lib/ufw/user6.rules"], "item": 2775, "msg": "Status: inactive"}
2025-11-11 20:06:15,454 p=16756 u=victor n=ansible | ok: [JasminNodoB] => (item=1401) => {"ansible_loop_var": "item", "changed": false, "commands": ["/usr/sbin/ufw status verbose", "/usr/bin/grep -h '^### tuple' /lib/ufw/user.rules /lib/ufw/user6.rules /etc/ufw/user.rules /etc/ufw/user6.rules /var/lib/ufw/user.rules /var/lib/ufw/user6.rules", "/usr/sbin/ufw --version", "/usr/sbin/ufw allow from any to any port 1401 proto tcp", "/usr/sbin/ufw status verbose", "/usr/bin/grep -h '^### tuple' /lib/ufw/user.rules /lib/ufw/user6.rules /etc/ufw/user.rules /etc/ufw/user6.rules /var/lib/ufw/user.rules /var/lib/ufw/user6.rules"], "item": 1401, "msg": "Status: inactive"}
2025-11-11 20:06:16,341 p=16756 u=victor n=ansible | ok: [JasminNodoB] => (item=8990) => {"ansible_loop_var": "item", "changed": false, "commands": ["/usr/sbin/ufw status verbose", "/usr/bin/grep -h '^### tuple' /lib/ufw/user.rules /lib/ufw/user6.rules /etc/ufw/user.rules /etc/ufw/user6.rules /var/lib/ufw/user.rules /var/lib/ufw/user6.rules", "/usr/sbin/ufw --version", "/usr/sbin/ufw allow from any to any port 8990 proto tcp", "/usr/sbin/ufw status verbose", "/usr/bin/grep -h '^### tuple' /lib/ufw/user.rules /lib/ufw/user6.rules /etc/ufw/user.rules /etc/ufw/user6.rules /var/lib/ufw/user.rules /var/lib/ufw/user6.rules"], "item": 8990, "msg": "Status: inactive"}
2025-11-11 20:06:16,356 p=16756 u=victor n=ansible | TASK [jasmin-primary : Wait for Jasmin services to start] **************************************************************************************************
2025-11-11 20:07:46,744 p=16756 u=victor n=ansible | failed: [JasminNodoB] (item=1401) => {"ansible_loop_var": "item", "changed": false, "elapsed": 90, "item": 1401, "msg": "Timeout when waiting for 127.0.0.1:1401"}
2025-11-11 20:09:17,230 p=16756 u=victor n=ansible | failed: [JasminNodoB] (item=8990) => {"ansible_loop_var": "item", "changed": false, "elapsed": 90, "item": 8990, "msg": "Timeout when waiting for 127.0.0.1:8990"}
2025-11-11 20:09:17,234 p=16756 u=victor n=ansible | ...ignoring
2025-11-11 20:09:17,254 p=16756 u=victor n=ansible | TASK [jasmin-secondary : Deploy Jasmin secondary configuration] ********************************************************************************************
2025-11-11 20:09:18,588 p=16756 u=victor n=ansible | changed: [JasminNodoB] => {"changed": true, "checksum": "83789d917e6473f31537fd72f857eb1e54079b57", "dest": "/etc/jasmin/jasmin.cfg", "gid": 0, "group": "root", "md5sum": "070fe9518fed80eee7e2b1a5068e74fd", "mode": "0644", "owner": "root", "size": 429, "src": "/home/develop/.ansible/tmp/ansible-tmp-1762902557.306491-16904-69513288556641/source", "state": "file", "uid": 0}
2025-11-11 20:09:18,606 p=16756 u=victor n=ansible | TASK [jasmin-secondary : Ensure storeB directory exists] ***************************************************************************************************
2025-11-11 20:09:19,079 p=16756 u=victor n=ansible | changed: [JasminNodoB] => {"changed": true, "gid": 0, "group": "root", "mode": "0755", "owner": "root", "path": "/opt/jasmin/storeB", "size": 4096, "state": "directory", "uid": 0}
2025-11-11 20:09:19,099 p=16756 u=victor n=ansible | TASK [jasmin-secondary : Restart Jasmin daemon] ************************************************************************************************************
2025-11-11 20:09:19,656 p=16756 u=victor n=ansible | changed: [JasminNodoB] => {"changed": true, "enabled": true, "name": "jasmind", "state": "started", "status": {"ActiveEnterTimestamp": "Tue 2025-11-11 19:59:58 -03", "ActiveEnterTimestampMonotonic": "636097595447", "ActiveExitTimestamp": "Tue 2025-11-11 20:00:01 -03", "ActiveExitTimestampMonotonic": "636100387792", "ActiveState": "inactive", "After": "system.slice systemd-journald.socket sysinit.target network.target basic.target", "AllowIsolate": "no", "AssertResult": "yes", "AssertTimestamp": "Tue 2025-11-11 19:59:58 -03", "AssertTimestampMonotonic": "636097592950", "Before": "multi-user.target shutdown.target", "BlockIOAccounting": "no", "BlockIOWeight": "[not set]", "CPUAccounting": "yes", "CPUAffinityFromNUMA": "no", "CPUQuotaPerSecUSec": "infinity", "CPUQuotaPeriodUSec": "infinity", "CPUSchedulingPolicy": "0", "CPUSchedulingPriority": "0", "CPUSchedulingResetOnFork": "no", "CPUShares": "[not set]", "CPUUsageNSec": "789718000", "CPUWeight": "[not set]", "CacheDirectoryMode": "0755", "CanFreeze": "yes", "CanIsolate": "no", "CanReload": "no", "CanStart": "yes", "CanStop": "yes", "CapabilityBoundingSet": "cap_chown cap_dac_override cap_dac_read_search cap_fowner cap_fsetid cap_kill cap_setgid cap_setuid cap_setpcap cap_linux_immutable cap_net_bind_service cap_net_broadcast cap_net_admin cap_net_raw cap_ipc_lock cap_ipc_owner cap_sys_module cap_sys_rawio cap_sys_chroot cap_sys_ptrace cap_sys_pacct cap_sys_admin cap_sys_boot cap_sys_nice cap_sys_resource cap_sys_time cap_sys_tty_config cap_mknod cap_lease cap_audit_write cap_audit_control cap_setfcap cap_mac_override cap_mac_admin cap_syslog cap_wake_alarm cap_block_suspend cap_audit_read cap_perfmon cap_bpf cap_checkpoint_restore", "CleanResult": "success", "CollectMode": "inactive", "ConditionResult": "yes", "ConditionTimestamp": "Tue 2025-11-11 19:59:58 -03", "ConditionTimestampMonotonic": "636097592947", "ConfigurationDirectoryMode": "0755", "Conflicts": "shutdown.target", "ControlPID": "0", "CoredumpFilter": "0x33", "DefaultDependencies": "yes", "DefaultMemoryLow": "0", "DefaultMemoryMin": "0", "Delegate": "no", "Description": "Jasmin SMS Gateway daemon", "DevicePolicy": "auto", "DynamicUser": "no", "Environment": "VIRTUAL_ENV=/opt/jasmin/venv PATH=/opt/jasmin/venv/bin:/usr/local/sbin:/usr/local/bin:/usr/sbin:/usr/bin", "ExecMainCode": "1", "ExecMainExitTimestamp": "Tue 2025-11-11 20:00:01 -03", "ExecMainExitTimestampMonotonic": "636100387448", "ExecMainPID": "42722", "ExecMainStartTimestamp": "Tue 2025-11-11 19:59:58 -03", "ExecMainStartTimestampMonotonic": "636097594902", "ExecMainStatus": "0", "ExecStart": "{ path=/opt/jasmin/venv/bin/python3 ; argv[]=/opt/jasmin/venv/bin/python3 /opt/jasmin/venv/bin/jasmind.py --config /etc/jasmin/jasmin.cfg ; ignore_errors=no ; start_time=[Tue 2025-11-11 19:59:58 -03] ; stop_time=[Tue 2025-11-11 20:00:01 -03] ; pid=42722 ; code=exited ; status=0 }", "ExecStartEx": "{ path=/opt/jasmin/venv/bin/python3 ; argv[]=/opt/jasmin/venv/bin/python3 /opt/jasmin/venv/bin/jasmind.py --config /etc/jasmin/jasmin.cfg ; flags= ; start_time=[Tue 2025-11-11 19:59:58 -03] ; stop_time=[Tue 2025-11-11 20:00:01 -03] ; pid=42722 ; code=exited ; status=0 }", "FailureAction": "none", "FileDescriptorStoreMax": "0", "FinalKillSignal": "9", "FragmentPath": "/etc/systemd/system/jasmind.service", "FreezerState": "running", "GID": "[not set]", "GuessMainPID": "yes", "IOAccounting": "no", "IOReadBytes": "18446744073709551615", "IOReadOperations": "18446744073709551615", "IOSchedulingClass": "2", "IOSchedulingPriority": "4", "IOWeight": "[not set]", "IOWriteBytes": "18446744073709551615", "IOWriteOperations": "18446744073709551615", "IPAccounting": "no", "IPEgressBytes": "[no data]", "IPEgressPackets": "[no data]", "IPIngressBytes": "[no data]", "IPIngressPackets": "[no data]", "Id": "jasmind.service", "IgnoreOnIsolate": "no", "IgnoreSIGPIPE": "yes", "InactiveEnterTimestamp": "Tue 2025-11-11 20:00:01 -03", "InactiveEnterTimestampMonotonic": "636100387792", "InactiveExitTimestamp": "Tue 2025-11-11 19:59:58 -03", "InactiveExitTimestampMonotonic": "636097595447", "InvocationID": "22d3a6391b7940d39274b9b690e969a9", "JobRunningTimeoutUSec": "infinity", "JobTimeoutAction": "none", "JobTimeoutUSec": "infinity", "KeyringMode": "private", "KillMode": "control-group", "KillSignal": "15", "LimitAS": "infinity", "LimitASSoft": "infinity", "LimitCORE": "infinity", "LimitCORESoft": "0", "LimitCPU": "infinity", "LimitCPUSoft": "infinity", "LimitDATA": "infinity", "LimitDATASoft": "infinity", "LimitFSIZE": "infinity", "LimitFSIZESoft": "infinity", "LimitLOCKS": "infinity", "LimitLOCKSSoft": "infinity", "LimitMEMLOCK": "65536", "LimitMEMLOCKSoft": "65536", "LimitMSGQUEUE": "819200", "LimitMSGQUEUESoft": "819200", "LimitNICE": "0", "LimitNICESoft": "0", "LimitNOFILE": "524288", "LimitNOFILESoft": "1024", "LimitNPROC": "31288", "LimitNPROCSoft": "31288", "LimitRSS": "infinity", "LimitRSSSoft": "infinity", "LimitRTPRIO": "0", "LimitRTPRIOSoft": "0", "LimitRTTIME": "infinity", "LimitRTTIMESoft": "infinity", "LimitSIGPENDING": "31288", "LimitSIGPENDINGSoft": "31288", "LimitSTACK": "infinity", "LimitSTACKSoft": "8388608", "LoadState": "loaded", "LockPersonality": "no", "LogLevelMax": "-1", "LogRateLimitBurst": "0", "LogRateLimitIntervalUSec": "0", "LogsDirectoryMode": "0755", "MainPID": "0", "ManagedOOMMemoryPressure": "auto", "ManagedOOMMemoryPressureLimit": "0", "ManagedOOMPreference": "none", "ManagedOOMSwap": "auto", "MemoryAccounting": "yes", "MemoryAvailable": "infinity", "MemoryCurrent": "[not set]", "MemoryDenyWriteExecute": "no", "MemoryHigh": "infinity", "MemoryLimit": "infinity", "MemoryLow": "0", "MemoryMax": "infinity", "MemoryMin": "0", "MemorySwapMax": "infinity", "MountAPIVFS": "no", "NFileDescriptorStore": "0", "NRestarts": "0", "NUMAPolicy": "n/a", "Names": "jasmind.service", "NeedDaemonReload": "no", "Nice": "0", "NoNewPrivileges": "no", "NonBlocking": "no", "NotifyAccess": "none", "OOMPolicy": "stop", "OOMScoreAdjust": "0", "OnFailureJobMode": "replace", "OnSuccessJobMode": "fail", "Perpetual": "no", "PrivateDevices": "no", "PrivateIPC": "no", "PrivateMounts": "no", "PrivateNetwork": "no", "PrivateTmp": "no", "PrivateUsers": "no", "ProcSubset": "all", "ProtectClock": "no", "ProtectControlGroups": "no", "ProtectHome": "no", "ProtectHostname": "no", "ProtectKernelLogs": "no", "ProtectKernelModules": "no", "ProtectKernelTunables": "no", "ProtectProc": "default", "ProtectSystem": "no", "RefuseManualStart": "no", "RefuseManualStop": "no", "ReloadResult": "success", "RemainAfterExit": "no", "RemoveIPC": "no", "Requires": "system.slice sysinit.target", "Restart": "on-failure", "RestartKillSignal": "15", "RestartUSec": "5s", "RestrictNamespaces": "no", "RestrictRealtime": "no", "RestrictSUIDSGID": "no", "Result": "success", "RootDirectoryStartOnly": "no", "RuntimeDirectoryMode": "0755", "RuntimeDirectoryPreserve": "no", "RuntimeMaxUSec": "infinity", "SameProcessGroup": "no", "SecureBits": "0", "SendSIGHUP": "no", "SendSIGKILL": "yes", "Slice": "system.slice", "StandardError": "inherit", "StandardInput": "null", "StandardOutput": "journal", "StartLimitAction": "none", "StartLimitBurst": "5", "StartLimitIntervalUSec": "10s", "StartupBlockIOWeight": "[not set]", "StartupCPUShares": "[not set]", "StartupCPUWeight": "[not set]", "StartupIOWeight": "[not set]", "StateChangeTimestamp": "Tue 2025-11-11 20:00:01 -03", "StateChangeTimestampMonotonic": "636100387792", "StateDirectoryMode": "0755", "StatusErrno": "0", "StopWhenUnneeded": "no", "SubState": "dead", "SuccessAction": "none", "SyslogFacility": "3", "SyslogLevel": "6", "SyslogLevelPrefix": "yes", "SyslogPriority": "30", "SystemCallErrorNumber": "2147483646", "TTYReset": "no", "TTYVHangup": "no", "TTYVTDisallocate": "no", "TasksAccounting": "yes", "TasksCurrent": "[not set]", "TasksMax": "9386", "TimeoutAbortUSec": "1min 30s", "TimeoutCleanUSec": "infinity", "TimeoutStartFailureMode": "terminate", "TimeoutStartUSec": "1min 30s", "TimeoutStopFailureMode": "terminate", "TimeoutStopUSec": "1min 30s", "TimerSlackNSec": "50000", "Transient": "no", "Type": "simple", "UID": "[not set]", "UMask": "0022", "UnitFilePreset": "enabled", "UnitFileState": "enabled", "User": "root", "UtmpMode": "init", "WantedBy": "multi-user.target", "WatchdogSignal": "6", "WatchdogTimestamp": "n/a", "WatchdogTimestampMonotonic": "0", "WatchdogUSec": "0"}}
2025-11-11 20:09:19,679 p=16756 u=victor n=ansible | TASK [Mostrar resumen de instalación del nodo secundario] **************************************************************************************************
2025-11-11 20:09:19,706 p=16756 u=victor n=ansible | ok: [JasminNodoB] => {
    "msg": [
        "===================================================",
        "Jasmin Secondary instalado correctamente",
        "===================================================",
        "HTTP API: http://12.4.8.181:1401",
        "Telnet CLI: telnet 12.4.8.181 8990",
        "SMPP Server: 12.4.8.181:2775",
        "===================================================",
        "Credenciales:",
        "  Usuario CLI: jcliadmin",
        "  Password: JasminAdmin2024!",
        "==================================================="
    ]
}
2025-11-11 20:09:19,725 p=16756 u=victor n=ansible | PLAY RECAP *************************************************************************************************************************************************
2025-11-11 20:09:19,726 p=16756 u=victor n=ansible | JasminNodoB                : ok=27   changed=5    unreachable=0    failed=0    skipped=0    rescued=0    ignored=1   
2025-11-11 20:09:56,374 p=16932 u=victor n=ansible | JasminNodoB | CHANGED | rc=0 >>
○ jasmind.service - Jasmin SMS Gateway daemon
     Loaded: loaded (/etc/systemd/system/jasmind.service; enabled; vendor preset: enabled)
     Active: inactive (dead) since Tue 2025-11-11 20:09:22 -03; 33s ago
    Process: 43972 ExecStart=/opt/jasmin/venv/bin/python3 /opt/jasmin/venv/bin/jasmind.py --config /etc/jasmin/jasmin.cfg (code=exited, status=0/SUCCESS)
   Main PID: 43972 (code=exited, status=0/SUCCESS)
        CPU: 822ms

nov 11 20:09:19 JasminNodoB.vozdigital.net systemd[1]: Started Jasmin SMS Gateway daemon.
nov 11 20:09:19 JasminNodoB.vozdigital.net python3[43972]: /opt/jasmin/venv/lib/python3.10/site-packages/jasmin/managers/content.py:13: UserWarning: pkg_resources is deprecated as an API. See https://setuptools.pypa.io/en/latest/pkg_resources.html. The pkg_resources package is slated for removal as early as 2025-11-30. Refrain from using this package or pin to Setuptools<81.
nov 11 20:09:19 JasminNodoB.vozdigital.net python3[43972]:   from pkg_resources import iter_entry_points
nov 11 20:09:22 JasminNodoB.vozdigital.net python3[43972]: Lock not acquired ! exiting
nov 11 20:09:22 JasminNodoB.vozdigital.net systemd[1]: jasmind.service: Deactivated successfully.

2025-11-11 20:09:57,528 p=16940 u=victor n=ansible | JasminNodoB | FAILED | rc=1 >>
non-zero return code

2025-11-11 20:17:54,958 p=17114 u=victor n=ansible | Using /home/victor/projects/jasmin/ansible.cfg as config file
2025-11-11 20:17:53,395 p=17114 u=victor n=ansible | PLAY [Configurar failover automático con keepalived] *******************************************************************************************************
2025-11-11 20:17:53,407 p=17114 u=victor n=ansible | TASK [Gathering Facts] *************************************************************************************************************************************
2025-11-11 20:17:56,936 p=17114 u=victor n=ansible | ok: [JasminNodoA]
2025-11-11 20:17:57,443 p=17114 u=victor n=ansible | ok: [JasminNodoB]
2025-11-11 20:17:57,475 p=17114 u=victor n=ansible | TASK [keepalived : Instalar keepalived] ********************************************************************************************************************
2025-11-11 20:18:08,596 p=17114 u=victor n=ansible | changed: [JasminNodoB] => {"cache_update_time": 1762903079, "cache_updated": true, "changed": true, "stderr": "", "stderr_lines": [], "stdout": "Reading package lists...\nBuilding dependency tree...\nReading state information...\nThe following additional packages will be installed:\n  ipvsadm libsensors-config libsensors5 libsnmp-base libsnmp40\nSuggested packages:\n  heartbeat ldirectord lm-sensors snmp-mibs-downloader\nThe following NEW packages will be installed:\n  ipvsadm keepalived libsensors-config libsensors5 libsnmp-base libsnmp40\n0 upgraded, 6 newly installed, 0 to remove and 0 not upgraded.\nNeed to get 1797 kB of archives.\nAfter this operation, 6185 kB of additional disk space will be used.\nGet:1 http://cl.archive.ubuntu.com/ubuntu jammy/main amd64 libsensors-config all 1:3.6.0-7ubuntu1 [5274 B]\nGet:2 http://cl.archive.ubuntu.com/ubuntu jammy/main amd64 libsensors5 amd64 1:3.6.0-7ubuntu1 [26.3 kB]\nGet:3 http://cl.archive.ubuntu.com/ubuntu jammy-updates/main amd64 libsnmp-base all 5.9.1+dfsg-1ubuntu2.8 [201 kB]\nGet:4 http://cl.archive.ubuntu.com/ubuntu jammy-updates/main amd64 libsnmp40 amd64 5.9.1+dfsg-1ubuntu2.8 [1070 kB]\nGet:5 http://cl.archive.ubuntu.com/ubuntu jammy/main amd64 keepalived amd64 1:2.2.4-0.2build1 [453 kB]\nGet:6 http://cl.archive.ubuntu.com/ubuntu jammy/main amd64 ipvsadm amd64 1:1.31-1build2 [42.2 kB]\nFetched 1797 kB in 0s (16.2 MB/s)\nSelecting previously unselected package libsensors-config.\r\n(Reading database ... \r(Reading database ... 5%\r(Reading database ... 10%\r(Reading database ... 15%\r(Reading database ... 20%\r(Reading database ... 25%\r(Reading database ... 30%\r(Reading database ... 35%\r(Reading database ... 40%\r(Reading database ... 45%\r(Reading database ... 50%\r(Reading database ... 55%\r(Reading database ... 60%\r(Reading database ... 65%\r(Reading database ... 70%\r(Reading database ... 75%\r(Reading database ... 80%\r(Reading database ... 85%\r(Reading database ... 90%\r(Reading database ... 95%\r(Reading database ... 100%\r(Reading database ... 122048 files and directories currently installed.)\r\nPreparing to unpack .../0-libsensors-config_1%3a3.6.0-7ubuntu1_all.deb ...\r\nUnpacking libsensors-config (1:3.6.0-7ubuntu1) ...\r\nSelecting previously unselected package libsensors5:amd64.\r\nPreparing to unpack .../1-libsensors5_1%3a3.6.0-7ubuntu1_amd64.deb ...\r\nUnpacking libsensors5:amd64 (1:3.6.0-7ubuntu1) ...\r\nSelecting previously unselected package libsnmp-base.\r\nPreparing to unpack .../2-libsnmp-base_5.9.1+dfsg-1ubuntu2.8_all.deb ...\r\nUnpacking libsnmp-base (5.9.1+dfsg-1ubuntu2.8) ...\r\nSelecting previously unselected package libsnmp40:amd64.\r\nPreparing to unpack .../3-libsnmp40_5.9.1+dfsg-1ubuntu2.8_amd64.deb ...\r\nUnpacking libsnmp40:amd64 (5.9.1+dfsg-1ubuntu2.8) ...\r\nSelecting previously unselected package keepalived.\r\nPreparing to unpack .../4-keepalived_1%3a2.2.4-0.2build1_amd64.deb ...\r\nUnpacking keepalived (1:2.2.4-0.2build1) ...\r\nSelecting previously unselected package ipvsadm.\r\nPreparing to unpack .../5-ipvsadm_1%3a1.31-1build2_amd64.deb ...\r\nUnpacking ipvsadm (1:1.31-1build2) ...\r\nSetting up ipvsadm (1:1.31-1build2) ...\r\nSetting up libsnmp-base (5.9.1+dfsg-1ubuntu2.8) ...\r\nSetting up libsensors-config (1:3.6.0-7ubuntu1) ...\r\nSetting up libsensors5:amd64 (1:3.6.0-7ubuntu1) ...\r\nSetting up libsnmp40:amd64 (5.9.1+dfsg-1ubuntu2.8) ...\r\nSetting up keepalived (1:2.2.4-0.2build1) ...\r\nCreated symlink /etc/systemd/system/multi-user.target.wants/keepalived.service → /lib/systemd/system/keepalived.service.\r\nProcessing triggers for man-db (2.10.2-1) ...\r\nProcessing triggers for dbus (1.12.20-2ubuntu4.1) ...\r\nProcessing triggers for libc-bin (2.35-0ubuntu3.11) ...\r\n\nPending kernel upgrade!\n\nRunning kernel version:\n  5.15.0-160-generic\n\nDiagnostics:\n  The currently running kernel version is not the expected kernel version 5.15.0-161-generic.\n\nRestarting the system to load the new kernel will not be handled automatically, so you should consider rebooting. [Return]\n\nServices to be restarted:\n systemctl restart supervisor.service\n\nNo containers need to be restarted.\n\nNo user sessions are running outdated binaries.\n\nNo VM guests are running outdated hypervisor (qemu) binaries on this host.\n", "stdout_lines": ["Reading package lists...", "Building dependency tree...", "Reading state information...", "The following additional packages will be installed:", "  ipvsadm libsensors-config libsensors5 libsnmp-base libsnmp40", "Suggested packages:", "  heartbeat ldirectord lm-sensors snmp-mibs-downloader", "The following NEW packages will be installed:", "  ipvsadm keepalived libsensors-config libsensors5 libsnmp-base libsnmp40", "0 upgraded, 6 newly installed, 0 to remove and 0 not upgraded.", "Need to get 1797 kB of archives.", "After this operation, 6185 kB of additional disk space will be used.", "Get:1 http://cl.archive.ubuntu.com/ubuntu jammy/main amd64 libsensors-config all 1:3.6.0-7ubuntu1 [5274 B]", "Get:2 http://cl.archive.ubuntu.com/ubuntu jammy/main amd64 libsensors5 amd64 1:3.6.0-7ubuntu1 [26.3 kB]", "Get:3 http://cl.archive.ubuntu.com/ubuntu jammy-updates/main amd64 libsnmp-base all 5.9.1+dfsg-1ubuntu2.8 [201 kB]", "Get:4 http://cl.archive.ubuntu.com/ubuntu jammy-updates/main amd64 libsnmp40 amd64 5.9.1+dfsg-1ubuntu2.8 [1070 kB]", "Get:5 http://cl.archive.ubuntu.com/ubuntu jammy/main amd64 keepalived amd64 1:2.2.4-0.2build1 [453 kB]", "Get:6 http://cl.archive.ubuntu.com/ubuntu jammy/main amd64 ipvsadm amd64 1:1.31-1build2 [42.2 kB]", "Fetched 1797 kB in 0s (16.2 MB/s)", "Selecting previously unselected package libsensors-config.", "(Reading database ... ", "(Reading database ... 5%", "(Reading database ... 10%", "(Reading database ... 15%", "(Reading database ... 20%", "(Reading database ... 25%", "(Reading database ... 30%", "(Reading database ... 35%", "(Reading database ... 40%", "(Reading database ... 45%", "(Reading database ... 50%", "(Reading database ... 55%", "(Reading database ... 60%", "(Reading database ... 65%", "(Reading database ... 70%", "(Reading database ... 75%", "(Reading database ... 80%", "(Reading database ... 85%", "(Reading database ... 90%", "(Reading database ... 95%", "(Reading database ... 100%", "(Reading database ... 122048 files and directories currently installed.)", "Preparing to unpack .../0-libsensors-config_1%3a3.6.0-7ubuntu1_all.deb ...", "Unpacking libsensors-config (1:3.6.0-7ubuntu1) ...", "Selecting previously unselected package libsensors5:amd64.", "Preparing to unpack .../1-libsensors5_1%3a3.6.0-7ubuntu1_amd64.deb ...", "Unpacking libsensors5:amd64 (1:3.6.0-7ubuntu1) ...", "Selecting previously unselected package libsnmp-base.", "Preparing to unpack .../2-libsnmp-base_5.9.1+dfsg-1ubuntu2.8_all.deb ...", "Unpacking libsnmp-base (5.9.1+dfsg-1ubuntu2.8) ...", "Selecting previously unselected package libsnmp40:amd64.", "Preparing to unpack .../3-libsnmp40_5.9.1+dfsg-1ubuntu2.8_amd64.deb ...", "Unpacking libsnmp40:amd64 (5.9.1+dfsg-1ubuntu2.8) ...", "Selecting previously unselected package keepalived.", "Preparing to unpack .../4-keepalived_1%3a2.2.4-0.2build1_amd64.deb ...", "Unpacking keepalived (1:2.2.4-0.2build1) ...", "Selecting previously unselected package ipvsadm.", "Preparing to unpack .../5-ipvsadm_1%3a1.31-1build2_amd64.deb ...", "Unpacking ipvsadm (1:1.31-1build2) ...", "Setting up ipvsadm (1:1.31-1build2) ...", "Setting up libsnmp-base (5.9.1+dfsg-1ubuntu2.8) ...", "Setting up libsensors-config (1:3.6.0-7ubuntu1) ...", "Setting up libsensors5:amd64 (1:3.6.0-7ubuntu1) ...", "Setting up libsnmp40:amd64 (5.9.1+dfsg-1ubuntu2.8) ...", "Setting up keepalived (1:2.2.4-0.2build1) ...", "Created symlink /etc/systemd/system/multi-user.target.wants/keepalived.service → /lib/systemd/system/keepalived.service.", "Processing triggers for man-db (2.10.2-1) ...", "Processing triggers for dbus (1.12.20-2ubuntu4.1) ...", "Processing triggers for libc-bin (2.35-0ubuntu3.11) ...", "", "Pending kernel upgrade!", "", "Running kernel version:", "  5.15.0-160-generic", "", "Diagnostics:", "  The currently running kernel version is not the expected kernel version 5.15.0-161-generic.", "", "Restarting the system to load the new kernel will not be handled automatically, so you should consider rebooting. [Return]", "", "Services to be restarted:", " systemctl restart supervisor.service", "", "No containers need to be restarted.", "", "No user sessions are running outdated binaries.", "", "No VM guests are running outdated hypervisor (qemu) binaries on this host."]}
2025-11-11 20:18:23,355 p=17114 u=victor n=ansible | changed: [JasminNodoA] => {"cache_update_time": 1762903083, "cache_updated": true, "changed": true, "stderr": "", "stderr_lines": [], "stdout": "Reading package lists...\nBuilding dependency tree...\nReading state information...\nThe following additional packages will be installed:\n  ipvsadm libsensors-config libsensors5 libsnmp-base libsnmp40\nSuggested packages:\n  heartbeat ldirectord lm-sensors snmp-mibs-downloader\nThe following NEW packages will be installed:\n  ipvsadm keepalived libsensors-config libsensors5 libsnmp-base libsnmp40\n0 upgraded, 6 newly installed, 0 to remove and 0 not upgraded.\nNeed to get 1797 kB of archives.\nAfter this operation, 6185 kB of additional disk space will be used.\nGet:1 http://archive.ubuntu.com/ubuntu jammy/main amd64 libsensors-config all 1:3.6.0-7ubuntu1 [5274 B]\nGet:2 http://archive.ubuntu.com/ubuntu jammy/main amd64 libsensors5 amd64 1:3.6.0-7ubuntu1 [26.3 kB]\nGet:3 http://archive.ubuntu.com/ubuntu jammy-updates/main amd64 libsnmp-base all 5.9.1+dfsg-1ubuntu2.8 [201 kB]\nGet:4 http://archive.ubuntu.com/ubuntu jammy-updates/main amd64 libsnmp40 amd64 5.9.1+dfsg-1ubuntu2.8 [1070 kB]\nGet:5 http://archive.ubuntu.com/ubuntu jammy/main amd64 keepalived amd64 1:2.2.4-0.2build1 [453 kB]\nGet:6 http://archive.ubuntu.com/ubuntu jammy/main amd64 ipvsadm amd64 1:1.31-1build2 [42.2 kB]\nFetched 1797 kB in 1s (1215 kB/s)\nSelecting previously unselected package libsensors-config.\r\n(Reading database ... \r(Reading database ... 5%\r(Reading database ... 10%\r(Reading database ... 15%\r(Reading database ... 20%\r(Reading database ... 25%\r(Reading database ... 30%\r(Reading database ... 35%\r(Reading database ... 40%\r(Reading database ... 45%\r(Reading database ... 50%\r(Reading database ... 55%\r(Reading database ... 60%\r(Reading database ... 65%\r(Reading database ... 70%\r(Reading database ... 75%\r(Reading database ... 80%\r(Reading database ... 85%\r(Reading database ... 90%\r(Reading database ... 95%\r(Reading database ... 100%\r(Reading database ... 122054 files and directories currently installed.)\r\nPreparing to unpack .../0-libsensors-config_1%3a3.6.0-7ubuntu1_all.deb ...\r\nUnpacking libsensors-config (1:3.6.0-7ubuntu1) ...\r\nSelecting previously unselected package libsensors5:amd64.\r\nPreparing to unpack .../1-libsensors5_1%3a3.6.0-7ubuntu1_amd64.deb ...\r\nUnpacking libsensors5:amd64 (1:3.6.0-7ubuntu1) ...\r\nSelecting previously unselected package libsnmp-base.\r\nPreparing to unpack .../2-libsnmp-base_5.9.1+dfsg-1ubuntu2.8_all.deb ...\r\nUnpacking libsnmp-base (5.9.1+dfsg-1ubuntu2.8) ...\r\nSelecting previously unselected package libsnmp40:amd64.\r\nPreparing to unpack .../3-libsnmp40_5.9.1+dfsg-1ubuntu2.8_amd64.deb ...\r\nUnpacking libsnmp40:amd64 (5.9.1+dfsg-1ubuntu2.8) ...\r\nSelecting previously unselected package keepalived.\r\nPreparing to unpack .../4-keepalived_1%3a2.2.4-0.2build1_amd64.deb ...\r\nUnpacking keepalived (1:2.2.4-0.2build1) ...\r\nSelecting previously unselected package ipvsadm.\r\nPreparing to unpack .../5-ipvsadm_1%3a1.31-1build2_amd64.deb ...\r\nUnpacking ipvsadm (1:1.31-1build2) ...\r\nSetting up ipvsadm (1:1.31-1build2) ...\r\nSetting up libsnmp-base (5.9.1+dfsg-1ubuntu2.8) ...\r\nSetting up libsensors-config (1:3.6.0-7ubuntu1) ...\r\nSetting up libsensors5:amd64 (1:3.6.0-7ubuntu1) ...\r\nSetting up libsnmp40:amd64 (5.9.1+dfsg-1ubuntu2.8) ...\r\nSetting up keepalived (1:2.2.4-0.2build1) ...\r\nCreated symlink /etc/systemd/system/multi-user.target.wants/keepalived.service → /lib/systemd/system/keepalived.service.\r\nProcessing triggers for man-db (2.10.2-1) ...\r\nProcessing triggers for dbus (1.12.20-2ubuntu4.1) ...\r\nProcessing triggers for libc-bin (2.35-0ubuntu3.11) ...\r\n\nPending kernel upgrade!\n\nRunning kernel version:\n  5.15.0-160-generic\n\nDiagnostics:\n  The currently running kernel version is not the expected kernel version 5.15.0-161-generic.\n\nRestarting the system to load the new kernel will not be handled automatically, so you should consider rebooting. [Return]\n\nNo services need to be restarted.\n\nNo containers need to be restarted.\n\nNo user sessions are running outdated binaries.\n\nNo VM guests are running outdated hypervisor (qemu) binaries on this host.\n", "stdout_lines": ["Reading package lists...", "Building dependency tree...", "Reading state information...", "The following additional packages will be installed:", "  ipvsadm libsensors-config libsensors5 libsnmp-base libsnmp40", "Suggested packages:", "  heartbeat ldirectord lm-sensors snmp-mibs-downloader", "The following NEW packages will be installed:", "  ipvsadm keepalived libsensors-config libsensors5 libsnmp-base libsnmp40", "0 upgraded, 6 newly installed, 0 to remove and 0 not upgraded.", "Need to get 1797 kB of archives.", "After this operation, 6185 kB of additional disk space will be used.", "Get:1 http://archive.ubuntu.com/ubuntu jammy/main amd64 libsensors-config all 1:3.6.0-7ubuntu1 [5274 B]", "Get:2 http://archive.ubuntu.com/ubuntu jammy/main amd64 libsensors5 amd64 1:3.6.0-7ubuntu1 [26.3 kB]", "Get:3 http://archive.ubuntu.com/ubuntu jammy-updates/main amd64 libsnmp-base all 5.9.1+dfsg-1ubuntu2.8 [201 kB]", "Get:4 http://archive.ubuntu.com/ubuntu jammy-updates/main amd64 libsnmp40 amd64 5.9.1+dfsg-1ubuntu2.8 [1070 kB]", "Get:5 http://archive.ubuntu.com/ubuntu jammy/main amd64 keepalived amd64 1:2.2.4-0.2build1 [453 kB]", "Get:6 http://archive.ubuntu.com/ubuntu jammy/main amd64 ipvsadm amd64 1:1.31-1build2 [42.2 kB]", "Fetched 1797 kB in 1s (1215 kB/s)", "Selecting previously unselected package libsensors-config.", "(Reading database ... ", "(Reading database ... 5%", "(Reading database ... 10%", "(Reading database ... 15%", "(Reading database ... 20%", "(Reading database ... 25%", "(Reading database ... 30%", "(Reading database ... 35%", "(Reading database ... 40%", "(Reading database ... 45%", "(Reading database ... 50%", "(Reading database ... 55%", "(Reading database ... 60%", "(Reading database ... 65%", "(Reading database ... 70%", "(Reading database ... 75%", "(Reading database ... 80%", "(Reading database ... 85%", "(Reading database ... 90%", "(Reading database ... 95%", "(Reading database ... 100%", "(Reading database ... 122054 files and directories currently installed.)", "Preparing to unpack .../0-libsensors-config_1%3a3.6.0-7ubuntu1_all.deb ...", "Unpacking libsensors-config (1:3.6.0-7ubuntu1) ...", "Selecting previously unselected package libsensors5:amd64.", "Preparing to unpack .../1-libsensors5_1%3a3.6.0-7ubuntu1_amd64.deb ...", "Unpacking libsensors5:amd64 (1:3.6.0-7ubuntu1) ...", "Selecting previously unselected package libsnmp-base.", "Preparing to unpack .../2-libsnmp-base_5.9.1+dfsg-1ubuntu2.8_all.deb ...", "Unpacking libsnmp-base (5.9.1+dfsg-1ubuntu2.8) ...", "Selecting previously unselected package libsnmp40:amd64.", "Preparing to unpack .../3-libsnmp40_5.9.1+dfsg-1ubuntu2.8_amd64.deb ...", "Unpacking libsnmp40:amd64 (5.9.1+dfsg-1ubuntu2.8) ...", "Selecting previously unselected package keepalived.", "Preparing to unpack .../4-keepalived_1%3a2.2.4-0.2build1_amd64.deb ...", "Unpacking keepalived (1:2.2.4-0.2build1) ...", "Selecting previously unselected package ipvsadm.", "Preparing to unpack .../5-ipvsadm_1%3a1.31-1build2_amd64.deb ...", "Unpacking ipvsadm (1:1.31-1build2) ...", "Setting up ipvsadm (1:1.31-1build2) ...", "Setting up libsnmp-base (5.9.1+dfsg-1ubuntu2.8) ...", "Setting up libsensors-config (1:3.6.0-7ubuntu1) ...", "Setting up libsensors5:amd64 (1:3.6.0-7ubuntu1) ...", "Setting up libsnmp40:amd64 (5.9.1+dfsg-1ubuntu2.8) ...", "Setting up keepalived (1:2.2.4-0.2build1) ...", "Created symlink /etc/systemd/system/multi-user.target.wants/keepalived.service → /lib/systemd/system/keepalived.service.", "Processing triggers for man-db (2.10.2-1) ...", "Processing triggers for dbus (1.12.20-2ubuntu4.1) ...", "Processing triggers for libc-bin (2.35-0ubuntu3.11) ...", "", "Pending kernel upgrade!", "", "Running kernel version:", "  5.15.0-160-generic", "", "Diagnostics:", "  The currently running kernel version is not the expected kernel version 5.15.0-161-generic.", "", "Restarting the system to load the new kernel will not be handled automatically, so you should consider rebooting. [Return]", "", "No services need to be restarted.", "", "No containers need to be restarted.", "", "No user sessions are running outdated binaries.", "", "No VM guests are running outdated hypervisor (qemu) binaries on this host."]}
2025-11-11 20:18:23,362 p=17114 u=victor n=ansible | TASK [keepalived : Crear script de chequeo para jasmind] ***************************************************************************************************
2025-11-11 20:18:24,500 p=17114 u=victor n=ansible | changed: [JasminNodoB] => {"changed": true, "checksum": "5b77ce7bdd60b7e821d48833efd0a1850219c0e1", "dest": "/usr/local/bin/check_jasmind.sh", "gid": 0, "group": "root", "md5sum": "8a34c8fac6512b5e0d3f7debb5f2468d", "mode": "0755", "owner": "root", "size": 48, "src": "/home/develop/.ansible/tmp/ansible-tmp-1762903103.5113204-17147-276035881717924/source", "state": "file", "uid": 0}
2025-11-11 20:18:24,515 p=17114 u=victor n=ansible | changed: [JasminNodoA] => {"changed": true, "checksum": "5b77ce7bdd60b7e821d48833efd0a1850219c0e1", "dest": "/usr/local/bin/check_jasmind.sh", "gid": 0, "group": "root", "md5sum": "8a34c8fac6512b5e0d3f7debb5f2468d", "mode": "0755", "owner": "root", "size": 48, "src": "/home/develop/.ansible/tmp/ansible-tmp-1762903103.434189-17146-205688906078619/source", "state": "file", "uid": 0}
2025-11-11 20:18:24,523 p=17114 u=victor n=ansible | TASK [keepalived : Deploy keepalived.conf] *****************************************************************************************************************
2025-11-11 20:18:25,512 p=17114 u=victor n=ansible | changed: [JasminNodoA] => {"changed": true, "checksum": "4cd402b038f2c7d5e8ac3e8139e5cac3786af0a5", "dest": "/etc/keepalived/keepalived.conf", "gid": 0, "group": "root", "md5sum": "f89be41c11137fa7ff6d720283b159e5", "mode": "0644", "owner": "root", "size": 489, "src": "/home/develop/.ansible/tmp/ansible-tmp-1762903104.5707743-17164-231770484448061/source", "state": "file", "uid": 0}
2025-11-11 20:18:24,167 p=17114 u=victor n=ansible | changed: [JasminNodoB] => {"changed": true, "checksum": "d0a4997e79e8a03791fde4cdb96af0f2419e22de", "dest": "/etc/keepalived/keepalived.conf", "gid": 0, "group": "root", "md5sum": "f5a84f89aa540283485221ec74bfa0b1", "mode": "0644", "owner": "root", "size": 489, "src": "/home/develop/.ansible/tmp/ansible-tmp-1762903104.590719-17166-38332664759030/source", "state": "file", "uid": 0}
2025-11-11 20:18:24,175 p=17114 u=victor n=ansible | TASK [keepalived : Asegurar que keepalived esté habilitado y activo] ***************************************************************************************
2025-11-11 20:18:25,154 p=17114 u=victor n=ansible | changed: [JasminNodoB] => {"changed": true, "enabled": true, "name": "keepalived", "state": "started", "status": {"ActiveEnterTimestamp": "n/a", "ActiveEnterTimestampMonotonic": "0", "ActiveExitTimestamp": "n/a", "ActiveExitTimestampMonotonic": "0", "ActiveState": "inactive", "After": "system.slice sysinit.target systemd-journald.socket network-online.target basic.target", "AllowIsolate": "no", "AssertResult": "no", "AssertTimestamp": "n/a", "AssertTimestampMonotonic": "0", "Before": "shutdown.target multi-user.target", "BlockIOAccounting": "no", "BlockIOWeight": "[not set]", "CPUAccounting": "yes", "CPUAffinityFromNUMA": "no", "CPUQuotaPerSecUSec": "infinity", "CPUQuotaPeriodUSec": "infinity", "CPUSchedulingPolicy": "0", "CPUSchedulingPriority": "0", "CPUSchedulingResetOnFork": "no", "CPUShares": "[not set]", "CPUUsageNSec": "[not set]", "CPUWeight": "[not set]", "CacheDirectoryMode": "0755", "CanFreeze": "yes", "CanIsolate": "no", "CanReload": "yes", "CanStart": "yes", "CanStop": "yes", "CapabilityBoundingSet": "cap_chown cap_dac_override cap_dac_read_search cap_fowner cap_fsetid cap_kill cap_setgid cap_setuid cap_setpcap cap_linux_immutable cap_net_bind_service cap_net_broadcast cap_net_admin cap_net_raw cap_ipc_lock cap_ipc_owner cap_sys_module cap_sys_rawio cap_sys_chroot cap_sys_ptrace cap_sys_pacct cap_sys_admin cap_sys_boot cap_sys_nice cap_sys_resource cap_sys_time cap_sys_tty_config cap_mknod cap_lease cap_audit_write cap_audit_control cap_setfcap cap_mac_override cap_mac_admin cap_syslog cap_wake_alarm cap_block_suspend cap_audit_read cap_perfmon cap_bpf cap_checkpoint_restore", "CleanResult": "success", "CollectMode": "inactive", "ConditionResult": "no", "ConditionTimestamp": "Tue 2025-11-11 20:18:03 -03", "ConditionTimestampMonotonic": "637182122498", "ConfigurationDirectoryMode": "0755", "Conflicts": "shutdown.target", "ControlPID": "0", "CoredumpFilter": "0x33", "DefaultDependencies": "yes", "DefaultMemoryLow": "0", "DefaultMemoryMin": "0", "Delegate": "no", "Description": "Keepalive Daemon (LVS and VRRP)", "DevicePolicy": "auto", "DynamicUser": "no", "EnvironmentFiles": "/etc/default/keepalived (ignore_errors=yes)", "ExecMainCode": "0", "ExecMainExitTimestamp": "n/a", "ExecMainExitTimestampMonotonic": "0", "ExecMainPID": "0", "ExecMainStartTimestamp": "n/a", "ExecMainStartTimestampMonotonic": "0", "ExecMainStatus": "0", "ExecReload": "{ path=/bin/kill ; argv[]=/bin/kill -HUP $MAINPID ; ignore_errors=no ; start_time=[n/a] ; stop_time=[n/a] ; pid=0 ; code=(null) ; status=0/0 }", "ExecReloadEx": "{ path=/bin/kill ; argv[]=/bin/kill -HUP $MAINPID ; flags= ; start_time=[n/a] ; stop_time=[n/a] ; pid=0 ; code=(null) ; status=0/0 }", "ExecStart": "{ path=/usr/sbin/keepalived ; argv[]=/usr/sbin/keepalived --dont-fork $DAEMON_ARGS ; ignore_errors=no ; start_time=[n/a] ; stop_time=[n/a] ; pid=0 ; code=(null) ; status=0/0 }", "ExecStartEx": "{ path=/usr/sbin/keepalived ; argv[]=/usr/sbin/keepalived --dont-fork $DAEMON_ARGS ; flags= ; start_time=[n/a] ; stop_time=[n/a] ; pid=0 ; code=(null) ; status=0/0 }", "FailureAction": "none", "FileDescriptorStoreMax": "0", "FinalKillSignal": "9", "FragmentPath": "/lib/systemd/system/keepalived.service", "FreezerState": "running", "GID": "[not set]", "GuessMainPID": "yes", "IOAccounting": "no", "IOReadBytes": "18446744073709551615", "IOReadOperations": "18446744073709551615", "IOSchedulingClass": "2", "IOSchedulingPriority": "4", "IOWeight": "[not set]", "IOWriteBytes": "18446744073709551615", "IOWriteOperations": "18446744073709551615", "IPAccounting": "no", "IPEgressBytes": "[no data]", "IPEgressPackets": "[no data]", "IPIngressBytes": "[no data]", "IPIngressPackets": "[no data]", "Id": "keepalived.service", "IgnoreOnIsolate": "no", "IgnoreSIGPIPE": "yes", "InactiveEnterTimestamp": "n/a", "InactiveEnterTimestampMonotonic": "0", "InactiveExitTimestamp": "n/a", "InactiveExitTimestampMonotonic": "0", "JobRunningTimeoutUSec": "infinity", "JobTimeoutAction": "none", "JobTimeoutUSec": "infinity", "KeyringMode": "private", "KillMode": "control-group", "KillSignal": "15", "LimitAS": "infinity", "LimitASSoft": "infinity", "LimitCORE": "infinity", "LimitCORESoft": "0", "LimitCPU": "infinity", "LimitCPUSoft": "infinity", "LimitDATA": "infinity", "LimitDATASoft": "infinity", "LimitFSIZE": "infinity", "LimitFSIZESoft": "infinity", "LimitLOCKS": "infinity", "LimitLOCKSSoft": "infinity", "LimitMEMLOCK": "65536", "LimitMEMLOCKSoft": "65536", "LimitMSGQUEUE": "819200", "LimitMSGQUEUESoft": "819200", "LimitNICE": "0", "LimitNICESoft": "0", "LimitNOFILE": "524288", "LimitNOFILESoft": "1024", "LimitNPROC": "31288", "LimitNPROCSoft": "31288", "LimitRSS": "infinity", "LimitRSSSoft": "infinity", "LimitRTPRIO": "0", "LimitRTPRIOSoft": "0", "LimitRTTIME": "infinity", "LimitRTTIMESoft": "infinity", "LimitSIGPENDING": "31288", "LimitSIGPENDINGSoft": "31288", "LimitSTACK": "infinity", "LimitSTACKSoft": "8388608", "LoadState": "loaded", "LockPersonality": "no", "LogLevelMax": "-1", "LogRateLimitBurst": "0", "LogRateLimitIntervalUSec": "0", "LogsDirectoryMode": "0755", "MainPID": "0", "ManagedOOMMemoryPressure": "auto", "ManagedOOMMemoryPressureLimit": "0", "ManagedOOMPreference": "none", "ManagedOOMSwap": "auto", "MemoryAccounting": "yes", "MemoryAvailable": "infinity", "MemoryCurrent": "[not set]", "MemoryDenyWriteExecute": "no", "MemoryHigh": "infinity", "MemoryLimit": "infinity", "MemoryLow": "0", "MemoryMax": "infinity", "MemoryMin": "0", "MemorySwapMax": "infinity", "MountAPIVFS": "no", "NFileDescriptorStore": "0", "NRestarts": "0", "NUMAPolicy": "n/a", "Names": "keepalived.service", "NeedDaemonReload": "no", "Nice": "0", "NoNewPrivileges": "no", "NonBlocking": "no", "NotifyAccess": "main", "OOMPolicy": "stop", "OOMScoreAdjust": "0", "OnFailureJobMode": "replace", "OnSuccessJobMode": "fail", "Perpetual": "no", "PrivateDevices": "no", "PrivateIPC": "no", "PrivateMounts": "no", "PrivateNetwork": "no", "PrivateTmp": "no", "PrivateUsers": "no", "ProcSubset": "all", "ProtectClock": "no", "ProtectControlGroups": "no", "ProtectHome": "no", "ProtectHostname": "no", "ProtectKernelLogs": "no", "ProtectKernelModules": "no", "ProtectKernelTunables": "no", "ProtectProc": "default", "ProtectSystem": "no", "RefuseManualStart": "no", "RefuseManualStop": "no", "ReloadResult": "success", "RemainAfterExit": "no", "RemoveIPC": "no", "Requires": "system.slice sysinit.target", "Restart": "no", "RestartKillSignal": "15", "RestartUSec": "100ms", "RestrictNamespaces": "no", "RestrictRealtime": "no", "RestrictSUIDSGID": "no", "Result": "success", "RootDirectoryStartOnly": "no", "RuntimeDirectoryMode": "0755", "RuntimeDirectoryPreserve": "no", "RuntimeMaxUSec": "infinity", "SameProcessGroup": "no", "SecureBits": "0", "SendSIGHUP": "no", "SendSIGKILL": "yes", "Slice": "system.slice", "StandardError": "inherit", "StandardInput": "null", "StandardOutput": "journal", "StartLimitAction": "none", "StartLimitBurst": "5", "StartLimitIntervalUSec": "10s", "StartupBlockIOWeight": "[not set]", "StartupCPUShares": "[not set]", "StartupCPUWeight": "[not set]", "StartupIOWeight": "[not set]", "StateChangeTimestamp": "Tue 2025-11-11 20:18:03 -03", "StateChangeTimestampMonotonic": "637182007350", "StateDirectoryMode": "0755", "StatusErrno": "0", "StopWhenUnneeded": "no", "SubState": "dead", "SuccessAction": "none", "SyslogFacility": "3", "SyslogLevel": "6", "SyslogLevelPrefix": "yes", "SyslogPriority": "30", "SystemCallErrorNumber": "2147483646", "TTYReset": "no", "TTYVHangup": "no", "TTYVTDisallocate": "no", "TasksAccounting": "yes", "TasksCurrent": "[not set]", "TasksMax": "9386", "TimeoutAbortUSec": "1min 30s", "TimeoutCleanUSec": "infinity", "TimeoutStartFailureMode": "terminate", "TimeoutStartUSec": "1min 30s", "TimeoutStopFailureMode": "terminate", "TimeoutStopUSec": "1min 30s", "TimerSlackNSec": "50000", "Transient": "no", "Type": "notify", "UID": "[not set]", "UMask": "0022", "UnitFilePreset": "enabled", "UnitFileState": "enabled", "UtmpMode": "init", "WantedBy": "multi-user.target", "Wants": "network-online.target", "WatchdogSignal": "6", "WatchdogTimestamp": "n/a", "WatchdogTimestampMonotonic": "0", "WatchdogUSec": "infinity"}}
2025-11-11 20:18:25,343 p=17114 u=victor n=ansible | changed: [JasminNodoA] => {"changed": true, "enabled": true, "name": "keepalived", "state": "started", "status": {"ActiveEnterTimestamp": "n/a", "ActiveEnterTimestampMonotonic": "0", "ActiveExitTimestamp": "n/a", "ActiveExitTimestampMonotonic": "0", "ActiveState": "inactive", "After": "systemd-journald.socket basic.target network-online.target sysinit.target system.slice", "AllowIsolate": "no", "AssertResult": "no", "AssertTimestamp": "n/a", "AssertTimestampMonotonic": "0", "Before": "shutdown.target multi-user.target", "BlockIOAccounting": "no", "BlockIOWeight": "[not set]", "CPUAccounting": "yes", "CPUAffinityFromNUMA": "no", "CPUQuotaPerSecUSec": "infinity", "CPUQuotaPeriodUSec": "infinity", "CPUSchedulingPolicy": "0", "CPUSchedulingPriority": "0", "CPUSchedulingResetOnFork": "no", "CPUShares": "[not set]", "CPUUsageNSec": "[not set]", "CPUWeight": "[not set]", "CacheDirectoryMode": "0755", "CanFreeze": "yes", "CanIsolate": "no", "CanReload": "yes", "CanStart": "yes", "CanStop": "yes", "CapabilityBoundingSet": "cap_chown cap_dac_override cap_dac_read_search cap_fowner cap_fsetid cap_kill cap_setgid cap_setuid cap_setpcap cap_linux_immutable cap_net_bind_service cap_net_broadcast cap_net_admin cap_net_raw cap_ipc_lock cap_ipc_owner cap_sys_module cap_sys_rawio cap_sys_chroot cap_sys_ptrace cap_sys_pacct cap_sys_admin cap_sys_boot cap_sys_nice cap_sys_resource cap_sys_time cap_sys_tty_config cap_mknod cap_lease cap_audit_write cap_audit_control cap_setfcap cap_mac_override cap_mac_admin cap_syslog cap_wake_alarm cap_block_suspend cap_audit_read cap_perfmon cap_bpf cap_checkpoint_restore", "CleanResult": "success", "CollectMode": "inactive", "ConditionResult": "no", "ConditionTimestamp": "Tue 2025-11-11 20:18:17 -03", "ConditionTimestampMonotonic": "637518796584", "ConfigurationDirectoryMode": "0755", "Conflicts": "shutdown.target", "ControlPID": "0", "CoredumpFilter": "0x33", "DefaultDependencies": "yes", "DefaultMemoryLow": "0", "DefaultMemoryMin": "0", "Delegate": "no", "Description": "Keepalive Daemon (LVS and VRRP)", "DevicePolicy": "auto", "DynamicUser": "no", "EnvironmentFiles": "/etc/default/keepalived (ignore_errors=yes)", "ExecMainCode": "0", "ExecMainExitTimestamp": "n/a", "ExecMainExitTimestampMonotonic": "0", "ExecMainPID": "0", "ExecMainStartTimestamp": "n/a", "ExecMainStartTimestampMonotonic": "0", "ExecMainStatus": "0", "ExecReload": "{ path=/bin/kill ; argv[]=/bin/kill -HUP $MAINPID ; ignore_errors=no ; start_time=[n/a] ; stop_time=[n/a] ; pid=0 ; code=(null) ; status=0/0 }", "ExecReloadEx": "{ path=/bin/kill ; argv[]=/bin/kill -HUP $MAINPID ; flags= ; start_time=[n/a] ; stop_time=[n/a] ; pid=0 ; code=(null) ; status=0/0 }", "ExecStart": "{ path=/usr/sbin/keepalived ; argv[]=/usr/sbin/keepalived --dont-fork $DAEMON_ARGS ; ignore_errors=no ; start_time=[n/a] ; stop_time=[n/a] ; pid=0 ; code=(null) ; status=0/0 }", "ExecStartEx": "{ path=/usr/sbin/keepalived ; argv[]=/usr/sbin/keepalived --dont-fork $DAEMON_ARGS ; flags= ; start_time=[n/a] ; stop_time=[n/a] ; pid=0 ; code=(null) ; status=0/0 }", "FailureAction": "none", "FileDescriptorStoreMax": "0", "FinalKillSignal": "9", "FragmentPath": "/lib/systemd/system/keepalived.service", "FreezerState": "running", "GID": "[not set]", "GuessMainPID": "yes", "IOAccounting": "no", "IOReadBytes": "18446744073709551615", "IOReadOperations": "18446744073709551615", "IOSchedulingClass": "2", "IOSchedulingPriority": "4", "IOWeight": "[not set]", "IOWriteBytes": "18446744073709551615", "IOWriteOperations": "18446744073709551615", "IPAccounting": "no", "IPEgressBytes": "[no data]", "IPEgressPackets": "[no data]", "IPIngressBytes": "[no data]", "IPIngressPackets": "[no data]", "Id": "keepalived.service", "IgnoreOnIsolate": "no", "IgnoreSIGPIPE": "yes", "InactiveEnterTimestamp": "n/a", "InactiveEnterTimestampMonotonic": "0", "InactiveExitTimestamp": "n/a", "InactiveExitTimestampMonotonic": "0", "JobRunningTimeoutUSec": "infinity", "JobTimeoutAction": "none", "JobTimeoutUSec": "infinity", "KeyringMode": "private", "KillMode": "control-group", "KillSignal": "15", "LimitAS": "infinity", "LimitASSoft": "infinity", "LimitCORE": "infinity", "LimitCORESoft": "0", "LimitCPU": "infinity", "LimitCPUSoft": "infinity", "LimitDATA": "infinity", "LimitDATASoft": "infinity", "LimitFSIZE": "infinity", "LimitFSIZESoft": "infinity", "LimitLOCKS": "infinity", "LimitLOCKSSoft": "infinity", "LimitMEMLOCK": "65536", "LimitMEMLOCKSoft": "65536", "LimitMSGQUEUE": "819200", "LimitMSGQUEUESoft": "819200", "LimitNICE": "0", "LimitNICESoft": "0", "LimitNOFILE": "524288", "LimitNOFILESoft": "1024", "LimitNPROC": "31288", "LimitNPROCSoft": "31288", "LimitRSS": "infinity", "LimitRSSSoft": "infinity", "LimitRTPRIO": "0", "LimitRTPRIOSoft": "0", "LimitRTTIME": "infinity", "LimitRTTIMESoft": "infinity", "LimitSIGPENDING": "31288", "LimitSIGPENDINGSoft": "31288", "LimitSTACK": "infinity", "LimitSTACKSoft": "8388608", "LoadState": "loaded", "LockPersonality": "no", "LogLevelMax": "-1", "LogRateLimitBurst": "0", "LogRateLimitIntervalUSec": "0", "LogsDirectoryMode": "0755", "MainPID": "0", "ManagedOOMMemoryPressure": "auto", "ManagedOOMMemoryPressureLimit": "0", "ManagedOOMPreference": "none", "ManagedOOMSwap": "auto", "MemoryAccounting": "yes", "MemoryAvailable": "infinity", "MemoryCurrent": "[not set]", "MemoryDenyWriteExecute": "no", "MemoryHigh": "infinity", "MemoryLimit": "infinity", "MemoryLow": "0", "MemoryMax": "infinity", "MemoryMin": "0", "MemorySwapMax": "infinity", "MountAPIVFS": "no", "NFileDescriptorStore": "0", "NRestarts": "0", "NUMAPolicy": "n/a", "Names": "keepalived.service", "NeedDaemonReload": "no", "Nice": "0", "NoNewPrivileges": "no", "NonBlocking": "no", "NotifyAccess": "main", "OOMPolicy": "stop", "OOMScoreAdjust": "0", "OnFailureJobMode": "replace", "OnSuccessJobMode": "fail", "Perpetual": "no", "PrivateDevices": "no", "PrivateIPC": "no", "PrivateMounts": "no", "PrivateNetwork": "no", "PrivateTmp": "no", "PrivateUsers": "no", "ProcSubset": "all", "ProtectClock": "no", "ProtectControlGroups": "no", "ProtectHome": "no", "ProtectHostname": "no", "ProtectKernelLogs": "no", "ProtectKernelModules": "no", "ProtectKernelTunables": "no", "ProtectProc": "default", "ProtectSystem": "no", "RefuseManualStart": "no", "RefuseManualStop": "no", "ReloadResult": "success", "RemainAfterExit": "no", "RemoveIPC": "no", "Requires": "system.slice sysinit.target", "Restart": "no", "RestartKillSignal": "15", "RestartUSec": "100ms", "RestrictNamespaces": "no", "RestrictRealtime": "no", "RestrictSUIDSGID": "no", "Result": "success", "RootDirectoryStartOnly": "no", "RuntimeDirectoryMode": "0755", "RuntimeDirectoryPreserve": "no", "RuntimeMaxUSec": "infinity", "SameProcessGroup": "no", "SecureBits": "0", "SendSIGHUP": "no", "SendSIGKILL": "yes", "Slice": "system.slice", "StandardError": "inherit", "StandardInput": "null", "StandardOutput": "journal", "StartLimitAction": "none", "StartLimitBurst": "5", "StartLimitIntervalUSec": "10s", "StartupBlockIOWeight": "[not set]", "StartupCPUShares": "[not set]", "StartupCPUWeight": "[not set]", "StartupIOWeight": "[not set]", "StateChangeTimestamp": "Tue 2025-11-11 20:18:17 -03", "StateChangeTimestampMonotonic": "637518662628", "StateDirectoryMode": "0755", "StatusErrno": "0", "StopWhenUnneeded": "no", "SubState": "dead", "SuccessAction": "none", "SyslogFacility": "3", "SyslogLevel": "6", "SyslogLevelPrefix": "yes", "SyslogPriority": "30", "SystemCallErrorNumber": "2147483646", "TTYReset": "no", "TTYVHangup": "no", "TTYVTDisallocate": "no", "TasksAccounting": "yes", "TasksCurrent": "[not set]", "TasksMax": "9386", "TimeoutAbortUSec": "1min 30s", "TimeoutCleanUSec": "infinity", "TimeoutStartFailureMode": "terminate", "TimeoutStartUSec": "1min 30s", "TimeoutStopFailureMode": "terminate", "TimeoutStopUSec": "1min 30s", "TimerSlackNSec": "50000", "Transient": "no", "Type": "notify", "UID": "[not set]", "UMask": "0022", "UnitFilePreset": "enabled", "UnitFileState": "enabled", "UtmpMode": "init", "WantedBy": "multi-user.target", "Wants": "network-online.target", "WatchdogSignal": "6", "WatchdogTimestamp": "n/a", "WatchdogTimestampMonotonic": "0", "WatchdogUSec": "infinity"}}
2025-11-11 20:18:25,362 p=17114 u=victor n=ansible | TASK [Mostrar estado de keepalived] ************************************************************************************************************************
2025-11-11 20:18:25,776 p=17114 u=victor n=ansible | changed: [JasminNodoA] => {"changed": true, "cmd": "systemctl is-active keepalived || echo 'Keepalived inactivo'", "delta": "0:00:00.007509", "end": "2025-11-11 20:18:25.613936", "msg": "", "rc": 0, "start": "2025-11-11 20:18:25.606427", "stderr": "", "stderr_lines": [], "stdout": "inactive\nKeepalived inactivo", "stdout_lines": ["inactive", "Keepalived inactivo"]}
2025-11-11 20:18:25,786 p=17114 u=victor n=ansible | changed: [JasminNodoB] => {"changed": true, "cmd": "systemctl is-active keepalived || echo 'Keepalived inactivo'", "delta": "0:00:00.008171", "end": "2025-11-11 20:18:25.622635", "msg": "", "rc": 0, "start": "2025-11-11 20:18:25.614464", "stderr": "", "stderr_lines": [], "stdout": "inactive\nKeepalived inactivo", "stdout_lines": ["inactive", "Keepalived inactivo"]}
2025-11-11 20:18:25,794 p=17114 u=victor n=ansible | TASK [Mostrar resumen] *************************************************************************************************************************************
2025-11-11 20:18:25,817 p=17114 u=victor n=ansible | ok: [JasminNodoA] => {
    "msg": [
        "===================================================",
        "Keepalived instalado y configurado",
        "===================================================",
        "Modo: Failover automático",
        "VIP flotante: 12.4.8.190/24",
        "Nodo A (MASTER): 12.4.8.180",
        "Nodo B (BACKUP): 12.4.8.181",
        "Servicio jasmind se moverá automáticamente si el A falla",
        "==================================================="
    ]
}
2025-11-11 20:18:25,831 p=17114 u=victor n=ansible | ok: [JasminNodoB] => {
    "msg": [
        "===================================================",
        "Keepalived instalado y configurado",
        "===================================================",
        "Modo: Failover automático",
        "VIP flotante: 12.4.8.190/24",
        "Nodo A (MASTER): 12.4.8.180",
        "Nodo B (BACKUP): 12.4.8.181",
        "Servicio jasmind se moverá automáticamente si el A falla",
        "==================================================="
    ]
}
2025-11-11 20:18:25,883 p=17114 u=victor n=ansible | PLAY RECAP *************************************************************************************************************************************************
2025-11-11 20:18:25,883 p=17114 u=victor n=ansible | JasminNodoA                : ok=7    changed=5    unreachable=0    failed=0    skipped=0    rescued=0    ignored=0   
2025-11-11 20:18:25,883 p=17114 u=victor n=ansible | JasminNodoB                : ok=7    changed=5    unreachable=0    failed=0    skipped=0    rescued=0    ignored=0   
2025-11-11 20:20:20,900 p=17232 u=victor n=ansible | JasminNodoA | FAILED | rc=1 >>
non-zero return code

2025-11-11 20:21:25,981 p=17263 u=victor n=ansible | JasminNodoA | CHANGED | rc=0 >>
○ keepalived.service - Keepalive Daemon (LVS and VRRP)
     Loaded: loaded (/lib/systemd/system/keepalived.service; enabled; vendor preset: enabled)
     Active: inactive (dead) since Tue 2025-11-11 20:18:25 -03; 2min 58s ago
    Process: 362849 ExecStart=/usr/sbin/keepalived --dont-fork $DAEMON_ARGS (code=exited, status=0/SUCCESS)
   Main PID: 362849 (code=exited, status=0/SUCCESS)
        CPU: 15ms

nov 11 20:18:25 JasminNodoA.vozdigital.net systemd[1]: keepalived.service: Got notification message from PID 362850, but reception only permitted for main PID 362849
nov 11 20:18:25 JasminNodoA.vozdigital.net Keepalived_vrrp[362850]: WARNING - default user 'keepalived_script' for script execution does not exist - please create.
nov 11 20:18:25 JasminNodoA.vozdigital.net Keepalived_vrrp[362850]: (/etc/keepalived/keepalived.conf: Line 9) WARNING - interface eth0 for vrrp_instance VI_1 doesn't exist
nov 11 20:18:25 JasminNodoA.vozdigital.net systemd[1]: Started Keepalive Daemon (LVS and VRRP).
nov 11 20:18:25 JasminNodoA.vozdigital.net Keepalived_vrrp[362850]: Non-existent interface specified in configuration
nov 11 20:18:25 JasminNodoA.vozdigital.net Keepalived[362849]: Startup complete
nov 11 20:18:25 JasminNodoA.vozdigital.net Keepalived_vrrp[362850]: Stopped
nov 11 20:18:25 JasminNodoA.vozdigital.net Keepalived[362849]: pid 362850 exited with permanent error CONFIG. Terminating
nov 11 20:18:25 JasminNodoA.vozdigital.net Keepalived[362849]: Stopped Keepalived v2.2.4 (08/21,2021)
nov 11 20:18:25 JasminNodoA.vozdigital.net systemd[1]: keepalived.service: Deactivated successfully.

2025-11-11 20:21:26,159 p=17263 u=victor n=ansible | JasminNodoB | CHANGED | rc=0 >>
○ keepalived.service - Keepalive Daemon (LVS and VRRP)
     Loaded: loaded (/lib/systemd/system/keepalived.service; enabled; vendor preset: enabled)
     Active: inactive (dead) since Tue 2025-11-11 20:18:25 -03; 2min 59s ago
    Process: 45207 ExecStart=/usr/sbin/keepalived --dont-fork $DAEMON_ARGS (code=exited, status=0/SUCCESS)
   Main PID: 45207 (code=exited, status=0/SUCCESS)
        CPU: 20ms

nov 11 20:18:25 JasminNodoB.vozdigital.net systemd[1]: keepalived.service: Got notification message from PID 45208, but reception only permitted for main PID 45207
nov 11 20:18:25 JasminNodoB.vozdigital.net Keepalived_vrrp[45208]: WARNING - default user 'keepalived_script' for script execution does not exist - please create.
nov 11 20:18:25 JasminNodoB.vozdigital.net Keepalived_vrrp[45208]: (/etc/keepalived/keepalived.conf: Line 9) WARNING - interface eth0 for vrrp_instance VI_1 doesn't exist
nov 11 20:18:25 JasminNodoB.vozdigital.net systemd[1]: Started Keepalive Daemon (LVS and VRRP).
nov 11 20:18:25 JasminNodoB.vozdigital.net Keepalived_vrrp[45208]: Non-existent interface specified in configuration
nov 11 20:18:25 JasminNodoB.vozdigital.net Keepalived[45207]: Startup complete
nov 11 20:18:25 JasminNodoB.vozdigital.net Keepalived_vrrp[45208]: Stopped
nov 11 20:18:25 JasminNodoB.vozdigital.net Keepalived[45207]: pid 45208 exited with permanent error CONFIG. Terminating
nov 11 20:18:25 JasminNodoB.vozdigital.net systemd[1]: keepalived.service: Deactivated successfully.
nov 11 20:18:25 JasminNodoB.vozdigital.net Keepalived[45207]: Stopped Keepalived v2.2.4 (08/21,2021)

2025-11-11 20:23:22,536 p=17321 u=victor n=ansible | JasminNodoA | CHANGED | rc=0 >>
lo               UNKNOWN        127.0.0.1/8 ::1/128 
ens18            UP             12.4.8.180/24 fe80::102b:44ff:fe9b:cf3f/64 

2025-11-11 20:23:23,471 p=17321 u=victor n=ansible | JasminNodoB | CHANGED | rc=0 >>
lo               UNKNOWN        127.0.0.1/8 ::1/128 
ens18            UP             12.4.8.181/24 fe80::ac24:22ff:fe3c:ee95/64 

2025-11-11 20:25:02,364 p=17377 u=victor n=ansible | JasminNodoA | CHANGED | rc=0 >>


2025-11-11 20:25:03,268 p=17377 u=victor n=ansible | JasminNodoB | CHANGED | rc=0 >>


2025-11-11 20:25:10,314 p=17395 u=victor n=ansible | JasminNodoB | CHANGED | rc=0 >>
     Active: active (running) since Tue 2025-11-11 20:25:02 -03; 6s ago

2025-11-11 20:25:10,318 p=17395 u=victor n=ansible | JasminNodoA | CHANGED | rc=0 >>
     Active: active (running) since Tue 2025-11-11 20:25:02 -03; 7s ago

2025-11-11 20:26:23,449 p=17431 u=victor n=ansible | JasminNodoA | CHANGED | rc=0 >>
Nov 11 23:26:21 JasminNodoA python3[363758]: ansible-ansible.legacy.command Invoked with _raw_params=sudo grep 'State =' /var/log/syslog | tail -3 _uses_shell=True expand_argument_vars=True stdin_add_newline=True strip_empty_ends=True argv=None chdir=None executable=None creates=None removes=None stdin=None

2025-11-11 20:26:24,418 p=17431 u=victor n=ansible | JasminNodoB | CHANGED | rc=0 >>
Nov 11 23:26:22 JasminNodoB python3[45941]: ansible-ansible.legacy.command Invoked with _raw_params=sudo grep 'State =' /var/log/syslog | tail -3 _uses_shell=True expand_argument_vars=True stdin_add_newline=True strip_empty_ends=True argv=None chdir=None executable=None creates=None removes=None stdin=None

2025-11-11 20:26:39,205 p=17457 u=victor n=ansible | JasminNodoB | CHANGED | rc=0 >>
nov 11 20:25:02 JasminNodoB.vozdigital.net Keepalived_vrrp[45774]: (VI_1) Entering BACKUP STATE (init)

2025-11-11 20:26:39,372 p=17457 u=victor n=ansible | JasminNodoA | CHANGED | rc=0 >>
nov 11 20:25:02 JasminNodoA.vozdigital.net Keepalived_vrrp[363587]: (VI_1) Entering BACKUP STATE (init)
nov 11 20:25:05 JasminNodoA.vozdigital.net Keepalived_vrrp[363587]: (VI_1) Entering MASTER STATE

2025-11-11 20:27:44,968 p=17491 u=victor n=ansible | JasminNodoA | CHANGED | rc=0 >>
    inet 12.4.8.190/24 scope global secondary ens18

2025-11-11 20:27:45,315 p=17491 u=victor n=ansible | JasminNodoB | FAILED | rc=1 >>
non-zero return code

2025-11-11 20:28:17,923 p=17519 u=victor n=ansible | JasminNodoA | CHANGED | rc=0 >>


2025-11-11 20:28:37,624 p=17537 u=victor n=ansible | JasminNodoB | CHANGED | rc=0 >>
    inet 12.4.8.190/24 scope global secondary ens18

2025-11-11 20:28:51,028 p=17545 u=victor n=ansible | JasminNodoB | FAILED | rc=3 >>
inactivenon-zero return code

2025-11-11 20:30:44,708 p=17587 u=victor n=ansible | JasminNodoA | CHANGED | rc=0 >>


2025-11-11 20:30:45,938 p=17587 u=victor n=ansible | JasminNodoB | CHANGED | rc=0 >>


2025-11-11 20:30:58,269 p=17609 u=victor n=ansible | JasminNodoA | CHANGED | rc=0 >>
     Active: active (running) since Tue 2025-11-11 20:30:43 -03; 12s ago

2025-11-11 20:30:58,525 p=17609 u=victor n=ansible | JasminNodoB | CHANGED | rc=0 >>
     Active: active (running) since Tue 2025-11-11 20:30:45 -03; 11s ago

2025-11-11 20:31:09,198 p=17623 u=victor n=ansible | JasminNodoA | CHANGED | rc=0 >>


2025-11-11 20:31:24,166 p=17641 u=victor n=ansible | JasminNodoB | CHANGED | rc=0 >>
    inet 12.4.8.190/24 scope global secondary ens18

2025-11-11 20:31:25,303 p=17649 u=victor n=ansible | JasminNodoB | FAILED | rc=3 >>
inactivenon-zero return code

2025-11-11 20:31:41,459 p=17661 u=victor n=ansible | JasminNodoA | CHANGED | rc=0 >>


2025-11-11 20:31:51,077 p=17673 u=victor n=ansible | JasminNodoB | FAILED | rc=1 >>
non-zero return code

2025-11-11 20:31:51,141 p=17673 u=victor n=ansible | JasminNodoA | CHANGED | rc=0 >>
    inet 12.4.8.190/24 scope global secondary ens18

2025-11-11 20:33:05,005 p=17704 u=victor n=ansible | JasminNodoA | CHANGED | rc=0 >>


2025-11-11 20:33:05,515 p=17704 u=victor n=ansible | JasminNodoB | CHANGED | rc=0 >>


2025-11-11 20:33:16,104 p=17732 u=victor n=ansible | JasminNodoA | CHANGED | rc=0 >>
active

2025-11-11 20:33:16,105 p=17732 u=victor n=ansible | JasminNodoB | CHANGED | rc=0 >>
active

2025-11-11 20:33:25,307 p=17744 u=victor n=ansible | JasminNodoA | CHANGED | rc=0 >>


2025-11-11 20:33:39,101 p=17754 u=victor n=ansible | JasminNodoB | CHANGED | rc=0 >>
    inet 12.4.8.190/24 scope global secondary ens18

2025-11-11 20:33:40,237 p=17762 u=victor n=ansible | JasminNodoB | FAILED | rc=3 >>
inactivenon-zero return code

2025-11-11 20:33:54,700 p=17774 u=victor n=ansible | JasminNodoA | CHANGED | rc=0 >>


2025-11-11 20:36:50,181 p=17847 u=victor n=ansible | PLAY [Configurar alta disponibilidad con Keepalived para Jasmin] *******************************************************************************************
2025-11-11 20:36:50,193 p=17847 u=victor n=ansible | TASK [Gathering Facts] *************************************************************************************************************************************
2025-11-11 20:36:53,141 p=17847 u=victor n=ansible | ok: [JasminNodoA]
2025-11-11 20:36:53,691 p=17847 u=victor n=ansible | ok: [JasminNodoB]
2025-11-11 20:36:53,719 p=17847 u=victor n=ansible | TASK [Instalar keepalived si no está presente] *************************************************************************************************************
2025-11-11 20:36:55,270 p=17847 u=victor n=ansible | ok: [JasminNodoA]
2025-11-11 20:36:55,393 p=17847 u=victor n=ansible | ok: [JasminNodoB]
2025-11-11 20:36:55,401 p=17847 u=victor n=ansible | TASK [Crear directorio de configuración] *******************************************************************************************************************
2025-11-11 20:36:55,829 p=17847 u=victor n=ansible | ok: [JasminNodoA]
2025-11-11 20:36:55,836 p=17847 u=victor n=ansible | ok: [JasminNodoB]
2025-11-11 20:36:55,845 p=17847 u=victor n=ansible | TASK [Configurar keepalived.conf] **************************************************************************************************************************
2025-11-11 20:36:57,002 p=17847 u=victor n=ansible | changed: [JasminNodoA]
2025-11-11 20:36:57,008 p=17847 u=victor n=ansible | changed: [JasminNodoB]
2025-11-11 20:36:57,018 p=17847 u=victor n=ansible | TASK [Crear script de notificación para failover] **********************************************************************************************************
2025-11-11 20:36:57,876 p=17847 u=victor n=ansible | changed: [JasminNodoA]
2025-11-11 20:36:57,905 p=17847 u=victor n=ansible | changed: [JasminNodoB]
2025-11-11 20:36:57,919 p=17847 u=victor n=ansible | TASK [Habilitar y reiniciar keepalived] ********************************************************************************************************************
2025-11-11 20:36:59,805 p=17847 u=victor n=ansible | changed: [JasminNodoA]
2025-11-11 20:36:59,824 p=17847 u=victor n=ansible | changed: [JasminNodoB]
2025-11-11 20:36:59,832 p=17847 u=victor n=ansible | TASK [Esperar 5 segundos para estabilización] **************************************************************************************************************
2025-11-11 20:37:05,606 p=17847 u=victor n=ansible | ok: [JasminNodoA]
2025-11-11 20:37:05,613 p=17847 u=victor n=ansible | ok: [JasminNodoB]
2025-11-11 20:37:05,624 p=17847 u=victor n=ansible | TASK [Mostrar estado del servicio] *************************************************************************************************************************
2025-11-11 20:37:06,095 p=17847 u=victor n=ansible | ok: [JasminNodoA]
2025-11-11 20:37:06,096 p=17847 u=victor n=ansible | ok: [JasminNodoB]
2025-11-11 20:37:06,110 p=17847 u=victor n=ansible | TASK [Mostrar interfaz y VIP] ******************************************************************************************************************************
2025-11-11 20:37:06,440 p=17847 u=victor n=ansible | ok: [JasminNodoA]
2025-11-11 20:37:06,445 p=17847 u=victor n=ansible | fatal: [JasminNodoB]: FAILED! => {"changed": false, "cmd": "ip a | grep 12.4.8.190", "delta": "0:00:00.006291", "end": "2025-11-11 20:37:04.536742", "msg": "non-zero return code", "rc": 1, "start": "2025-11-11 20:37:04.530451", "stderr": "", "stderr_lines": [], "stdout": "", "stdout_lines": []}
2025-11-11 20:37:06,445 p=17847 u=victor n=ansible | ...ignoring
2025-11-11 20:37:06,455 p=17847 u=victor n=ansible | TASK [Resumen] *********************************************************************************************************************************************
2025-11-11 20:37:06,486 p=17847 u=victor n=ansible | ok: [JasminNodoA] => {
    "msg": [
        "Nodo: JasminNodoA",
        "Keepalived: active",
        "VIP activo: sí",
        "Interfaz usada: ens18"
    ]
}
2025-11-11 20:37:06,505 p=17847 u=victor n=ansible | ok: [JasminNodoB] => {
    "msg": [
        "Nodo: JasminNodoB",
        "Keepalived: active",
        "VIP activo: no",
        "Interfaz usada: ens18"
    ]
}
2025-11-11 20:37:06,549 p=17847 u=victor n=ansible | PLAY RECAP *************************************************************************************************************************************************
2025-11-11 20:37:06,549 p=17847 u=victor n=ansible | JasminNodoA                : ok=10   changed=3    unreachable=0    failed=0    skipped=0    rescued=0    ignored=0   
2025-11-11 20:37:06,549 p=17847 u=victor n=ansible | JasminNodoB                : ok=10   changed=3    unreachable=0    failed=0    skipped=0    rescued=0    ignored=1   
2025-11-11 20:41:12,518 p=18029 u=victor n=ansible | PLAY [Actualizar script de failover Keepalived para Jasmin (modo lite)] ************************************************************************************
2025-11-11 20:41:12,529 p=18029 u=victor n=ansible | TASK [Gathering Facts] *************************************************************************************************************************************
2025-11-11 20:41:16,031 p=18029 u=victor n=ansible | ok: [JasminNodoB]
2025-11-11 20:41:16,762 p=18029 u=victor n=ansible | ok: [JasminNodoA]
2025-11-11 20:41:16,800 p=18029 u=victor n=ansible | TASK [Crear o actualizar script de notificación] ***********************************************************************************************************
2025-11-11 20:41:18,060 p=18029 u=victor n=ansible | ok: [JasminNodoA]
2025-11-11 20:41:18,127 p=18029 u=victor n=ansible | ok: [JasminNodoB]
2025-11-11 20:41:18,136 p=18029 u=victor n=ansible | TASK [Asegurar permisos correctos] *************************************************************************************************************************
2025-11-11 20:41:18,452 p=18029 u=victor n=ansible | ok: [JasminNodoB]
2025-11-11 20:41:18,604 p=18029 u=victor n=ansible | ok: [JasminNodoA]
2025-11-11 20:41:18,616 p=18029 u=victor n=ansible | TASK [Insertar referencia al script si no existe] **********************************************************************************************************
2025-11-11 20:41:19,042 p=18029 u=victor n=ansible | changed: [JasminNodoA]
2025-11-11 20:41:19,077 p=18029 u=victor n=ansible | changed: [JasminNodoB]
2025-11-11 20:41:19,087 p=18029 u=victor n=ansible | TASK [Reiniciar Keepalived para aplicar cambios] ***********************************************************************************************************
2025-11-11 20:41:20,977 p=18029 u=victor n=ansible | changed: [JasminNodoA]
2025-11-11 20:41:21,037 p=18029 u=victor n=ansible | changed: [JasminNodoB]
2025-11-11 20:41:21,044 p=18029 u=victor n=ansible | TASK [Mostrar estado post-actualización] *******************************************************************************************************************
2025-11-11 20:41:21,364 p=18029 u=victor n=ansible | ok: [JasminNodoA]
2025-11-11 20:41:21,590 p=18029 u=victor n=ansible | ok: [JasminNodoB]
2025-11-11 20:41:21,599 p=18029 u=victor n=ansible | TASK [debug] ***********************************************************************************************************************************************
2025-11-11 20:41:21,628 p=18029 u=victor n=ansible | ok: [JasminNodoA] => {
    "msg": [
        "Nodo: JasminNodoA",
        "Estado actual:      Active: active (running) since Tue 2025-11-11 20:41:20 -03; 373ms ago",
        "Script de failover actualizado exitosamente ✅"
    ]
}
2025-11-11 20:41:21,642 p=18029 u=victor n=ansible | ok: [JasminNodoB] => {
    "msg": [
        "Nodo: JasminNodoB",
        "Estado actual:      Active: active (running) since Tue 2025-11-11 20:41:20 -03; 530ms ago",
        "Script de failover actualizado exitosamente ✅"
    ]
}
2025-11-11 20:41:21,679 p=18029 u=victor n=ansible | PLAY RECAP *************************************************************************************************************************************************
2025-11-11 20:41:21,680 p=18029 u=victor n=ansible | JasminNodoA                : ok=7    changed=2    unreachable=0    failed=0    skipped=0    rescued=0    ignored=0   
2025-11-11 20:41:21,680 p=18029 u=victor n=ansible | JasminNodoB                : ok=7    changed=2    unreachable=0    failed=0    skipped=0    rescued=0    ignored=0   
2025-11-12 09:12:02,994 p=5423 u=victor n=ansible | PLAY [Instalar y configurar Git en todos los nodos Jasmin] *************************************************************
2025-11-12 09:12:03,009 p=5423 u=victor n=ansible | TASK [Gathering Facts] *************************************************************************************************
2025-11-12 09:12:06,059 p=5423 u=victor n=ansible | ok: [JasminBrockerDB]
2025-11-12 09:12:06,450 p=5423 u=victor n=ansible | ok: [JasminNodoB]
2025-11-12 09:12:06,482 p=5423 u=victor n=ansible | ok: [JasminNodoA]
2025-11-12 09:12:06,508 p=5423 u=victor n=ansible | TASK [Instalar Git] ****************************************************************************************************
2025-11-12 09:12:08,156 p=5423 u=victor n=ansible | ok: [JasminNodoB]
2025-11-12 09:12:08,211 p=5423 u=victor n=ansible | ok: [JasminNodoA]
2025-11-12 09:12:08,517 p=5423 u=victor n=ansible | ok: [JasminBrockerDB]
2025-11-12 09:12:08,522 p=5423 u=victor n=ansible | TASK [Configurar nombre y correo global] *******************************************************************************
2025-11-12 09:12:09,263 p=5423 u=victor n=ansible | changed: [JasminNodoA]
2025-11-12 09:12:09,312 p=5423 u=victor n=ansible | changed: [JasminBrockerDB]
2025-11-12 09:12:09,323 p=5423 u=victor n=ansible | changed: [JasminNodoB]
2025-11-12 09:12:09,328 p=5423 u=victor n=ansible | TASK [Verificar instalación] *******************************************************************************************
2025-11-12 09:12:09,653 p=5423 u=victor n=ansible | ok: [JasminBrockerDB]
2025-11-12 09:12:09,686 p=5423 u=victor n=ansible | ok: [JasminNodoB]
2025-11-12 09:12:09,723 p=5423 u=victor n=ansible | ok: [JasminNodoA]
2025-11-12 09:12:09,728 p=5423 u=victor n=ansible | TASK [debug] ***********************************************************************************************************
2025-11-12 09:12:09,751 p=5423 u=victor n=ansible | ok: [JasminNodoA] => {
    "msg": [
        "Git instalado en JasminNodoA",
        "Versión: git version 2.34.1"
    ]
}
2025-11-12 09:12:09,754 p=5423 u=victor n=ansible | ok: [JasminNodoB] => {
    "msg": [
        "Git instalado en JasminNodoB",
        "Versión: git version 2.34.1"
    ]
}
2025-11-12 09:12:09,763 p=5423 u=victor n=ansible | ok: [JasminBrockerDB] => {
    "msg": [
        "Git instalado en JasminBrockerDB",
        "Versión: git version 2.34.1"
    ]
}
2025-11-12 09:12:09,804 p=5423 u=victor n=ansible | PLAY RECAP *************************************************************************************************************
2025-11-12 09:12:09,805 p=5423 u=victor n=ansible | JasminBrockerDB            : ok=5    changed=1    unreachable=0    failed=0    skipped=0    rescued=0    ignored=0   
2025-11-12 09:12:09,805 p=5423 u=victor n=ansible | JasminNodoA                : ok=5    changed=1    unreachable=0    failed=0    skipped=0    rescued=0    ignored=0   
2025-11-12 09:12:09,805 p=5423 u=victor n=ansible | JasminNodoB                : ok=5    changed=1    unreachable=0    failed=0    skipped=0    rescued=0    ignored=0   
